ISO-10303-21;
HEADER;
FILE_DESCRIPTION((''),'2;1');
FILE_NAME('M50-1920005_ASM','2011-08-02T',('wbourne'),(''),
'PRO/ENGINEER BY PARAMETRIC TECHNOLOGY CORPORATION, 2010280',
'PRO/ENGINEER BY PARAMETRIC TECHNOLOGY CORPORATION, 2010280','');
FILE_SCHEMA(('CONFIG_CONTROL_DESIGN','SHAPE_APPEARANCE_LAYERS_GROUPS'));
ENDSEC;
DATA;
#7=DIRECTION('',(0.E0,-1.E0,0.E0));
#8=VECTOR('',#7,1.5E0);
#9=CARTESIAN_POINT('',(0.E0,7.5E-1,1.5E0));
#10=LINE('',#9,#8);
#11=DRAUGHTING_PRE_DEFINED_CURVE_FONT('continuous');
#12=CURVE_STYLE('',#11,POSITIVE_LENGTH_MEASURE(2.E-2),#3);
#13=PRESENTATION_STYLE_ASSIGNMENT((#12));
#14=STYLED_ITEM('',(#13),#10);
#15=DIRECTION('',(0.E0,0.E0,-1.E0));
#16=VECTOR('',#15,2.E0);
#17=CARTESIAN_POINT('',(0.E0,-7.5E-1,1.5E0));
#18=LINE('',#17,#16);
#19=CURVE_STYLE('',#11,POSITIVE_LENGTH_MEASURE(2.E-2),#3);
#20=PRESENTATION_STYLE_ASSIGNMENT((#19));
#21=STYLED_ITEM('',(#20),#18);
#22=DIRECTION('',(0.E0,1.E0,0.E0));
#23=VECTOR('',#22,1.E-1);
#24=CARTESIAN_POINT('',(0.E0,-7.5E-1,-5.E-1));
#25=LINE('',#24,#23);
#26=CURVE_STYLE('',#11,POSITIVE_LENGTH_MEASURE(2.E-2),#3);
#27=PRESENTATION_STYLE_ASSIGNMENT((#26));
#28=STYLED_ITEM('',(#27),#25);
#29=DIRECTION('',(0.E0,0.E0,-1.E0));
#30=VECTOR('',#29,5.E-1);
#31=CARTESIAN_POINT('',(0.E0,-6.5E-1,-5.E-1));
#32=LINE('',#31,#30);
#33=CURVE_STYLE('',#11,POSITIVE_LENGTH_MEASURE(2.E-2),#3);
#34=PRESENTATION_STYLE_ASSIGNMENT((#33));
#35=STYLED_ITEM('',(#34),#32);
#36=DIRECTION('',(0.E0,-1.E0,0.E0));
#37=VECTOR('',#36,1.E-1);
#38=CARTESIAN_POINT('',(0.E0,-6.5E-1,-1.E0));
#39=LINE('',#38,#37);
#40=CURVE_STYLE('',#11,POSITIVE_LENGTH_MEASURE(2.E-2),#3);
#41=PRESENTATION_STYLE_ASSIGNMENT((#40));
#42=STYLED_ITEM('',(#41),#39);
#43=DIRECTION('',(0.E0,0.E0,-1.E0));
#44=VECTOR('',#43,5.E-1);
#45=CARTESIAN_POINT('',(0.E0,-7.5E-1,-1.E0));
#46=LINE('',#45,#44);
#47=CURVE_STYLE('',#11,POSITIVE_LENGTH_MEASURE(2.E-2),#3);
#48=PRESENTATION_STYLE_ASSIGNMENT((#47));
#49=STYLED_ITEM('',(#48),#46);
#50=DIRECTION('',(0.E0,1.E0,0.E0));
#51=VECTOR('',#50,1.5E0);
#52=CARTESIAN_POINT('',(0.E0,-7.5E-1,-1.5E0));
#53=LINE('',#52,#51);
#54=CURVE_STYLE('',#11,POSITIVE_LENGTH_MEASURE(2.E-2),#3);
#55=PRESENTATION_STYLE_ASSIGNMENT((#54));
#56=STYLED_ITEM('',(#55),#53);
#57=DIRECTION('',(0.E0,0.E0,1.E0));
#58=VECTOR('',#57,5.E-1);
#59=CARTESIAN_POINT('',(0.E0,7.5E-1,-1.5E0));
#60=LINE('',#59,#58);
#61=CURVE_STYLE('',#11,POSITIVE_LENGTH_MEASURE(2.E-2),#3);
#62=PRESENTATION_STYLE_ASSIGNMENT((#61));
#63=STYLED_ITEM('',(#62),#60);
#64=DIRECTION('',(0.E0,-1.E0,0.E0));
#65=VECTOR('',#64,1.E-1);
#66=CARTESIAN_POINT('',(0.E0,7.5E-1,-1.E0));
#67=LINE('',#66,#65);
#68=CURVE_STYLE('',#11,POSITIVE_LENGTH_MEASURE(2.E-2),#3);
#69=PRESENTATION_STYLE_ASSIGNMENT((#68));
#70=STYLED_ITEM('',(#69),#67);
#71=DIRECTION('',(0.E0,0.E0,1.E0));
#72=VECTOR('',#71,5.E-1);
#73=CARTESIAN_POINT('',(0.E0,6.5E-1,-1.E0));
#74=LINE('',#73,#72);
#75=CURVE_STYLE('',#11,POSITIVE_LENGTH_MEASURE(2.E-2),#3);
#76=PRESENTATION_STYLE_ASSIGNMENT((#75));
#77=STYLED_ITEM('',(#76),#74);
#78=DIRECTION('',(0.E0,1.E0,0.E0));
#79=VECTOR('',#78,1.E-1);
#80=CARTESIAN_POINT('',(0.E0,6.5E-1,-5.E-1));
#81=LINE('',#80,#79);
#82=CURVE_STYLE('',#11,POSITIVE_LENGTH_MEASURE(2.E-2),#3);
#83=PRESENTATION_STYLE_ASSIGNMENT((#82));
#84=STYLED_ITEM('',(#83),#81);
#85=DIRECTION('',(0.E0,0.E0,1.E0));
#86=VECTOR('',#85,2.E0);
#87=CARTESIAN_POINT('',(0.E0,7.5E-1,-5.E-1));
#88=LINE('',#87,#86);
#89=CURVE_STYLE('',#11,POSITIVE_LENGTH_MEASURE(2.E-2),#3);
#90=PRESENTATION_STYLE_ASSIGNMENT((#89));
#91=STYLED_ITEM('',(#90),#88);
#92=DIRECTION('',(1.E0,0.E0,0.E0));
#93=VECTOR('',#92,2.5E0);
#94=CARTESIAN_POINT('',(0.E0,7.5E-1,1.5E0));
#95=LINE('',#94,#93);
#96=CURVE_STYLE('',#11,POSITIVE_LENGTH_MEASURE(2.E-2),#3);
#97=PRESENTATION_STYLE_ASSIGNMENT((#96));
#98=STYLED_ITEM('',(#97),#95);
#99=DIRECTION('',(-1.E0,0.E0,0.E0));
#100=VECTOR('',#99,2.E0);
#101=CARTESIAN_POINT('',(2.25E0,2.5E-1,1.5E0));
#102=LINE('',#101,#100);
#103=CURVE_STYLE('',#11,POSITIVE_LENGTH_MEASURE(2.E-2),#3);
#104=PRESENTATION_STYLE_ASSIGNMENT((#103));
#105=STYLED_ITEM('',(#104),#102);
#106=DIRECTION('',(0.E0,-1.E0,0.E0));
#107=VECTOR('',#106,5.E-1);
#108=CARTESIAN_POINT('',(2.5E-1,2.5E-1,1.5E0));
#109=LINE('',#108,#107);
#110=CURVE_STYLE('',#11,POSITIVE_LENGTH_MEASURE(2.E-2),#3);
#111=PRESENTATION_STYLE_ASSIGNMENT((#110));
#112=STYLED_ITEM('',(#111),#109);
#113=DIRECTION('',(1.E0,0.E0,0.E0));
#114=VECTOR('',#113,2.E0);
#115=CARTESIAN_POINT('',(2.5E-1,-2.5E-1,1.5E0));
#116=LINE('',#115,#114);
#117=CURVE_STYLE('',#11,POSITIVE_LENGTH_MEASURE(2.E-2),#3);
#118=PRESENTATION_STYLE_ASSIGNMENT((#117));
#119=STYLED_ITEM('',(#118),#116);
#120=DIRECTION('',(0.E0,1.E0,0.E0));
#121=VECTOR('',#120,5.E-1);
#122=CARTESIAN_POINT('',(2.25E0,-2.5E-1,1.5E0));
#123=LINE('',#122,#121);
#124=CURVE_STYLE('',#11,POSITIVE_LENGTH_MEASURE(2.E-2),#3);
#125=PRESENTATION_STYLE_ASSIGNMENT((#124));
#126=STYLED_ITEM('',(#125),#123);
#127=DIRECTION('',(1.E0,0.E0,0.E0));
#128=VECTOR('',#127,2.5E0);
#129=CARTESIAN_POINT('',(0.E0,7.5E-1,-5.E-1));
#130=LINE('',#129,#128);
#131=CURVE_STYLE('',#11,POSITIVE_LENGTH_MEASURE(2.E-2),#3);
#132=PRESENTATION_STYLE_ASSIGNMENT((#131));
#133=STYLED_ITEM('',(#132),#130);
#134=DIRECTION('',(1.E0,0.E0,0.E0));
#135=VECTOR('',#134,2.5E0);
#136=CARTESIAN_POINT('',(0.E0,6.5E-1,-5.E-1));
#137=LINE('',#136,#135);
#138=CURVE_STYLE('',#11,POSITIVE_LENGTH_MEASURE(2.E-2),#3);
#139=PRESENTATION_STYLE_ASSIGNMENT((#138));
#140=STYLED_ITEM('',(#139),#137);
#141=DIRECTION('',(1.E0,0.E0,0.E0));
#142=VECTOR('',#141,2.5E0);
#143=CARTESIAN_POINT('',(0.E0,6.5E-1,-1.E0));
#144=LINE('',#143,#142);
#145=CURVE_STYLE('',#11,POSITIVE_LENGTH_MEASURE(2.E-2),#3);
#146=PRESENTATION_STYLE_ASSIGNMENT((#145));
#147=STYLED_ITEM('',(#146),#144);
#148=DIRECTION('',(1.E0,0.E0,0.E0));
#149=VECTOR('',#148,2.5E0);
#150=CARTESIAN_POINT('',(0.E0,7.5E-1,-1.E0));
#151=LINE('',#150,#149);
#152=CURVE_STYLE('',#11,POSITIVE_LENGTH_MEASURE(2.E-2),#3);
#153=PRESENTATION_STYLE_ASSIGNMENT((#152));
#154=STYLED_ITEM('',(#153),#151);
#155=DIRECTION('',(1.E0,0.E0,0.E0));
#156=VECTOR('',#155,2.5E0);
#157=CARTESIAN_POINT('',(0.E0,7.5E-1,-1.5E0));
#158=LINE('',#157,#156);
#159=CURVE_STYLE('',#11,POSITIVE_LENGTH_MEASURE(2.E-2),#3);
#160=PRESENTATION_STYLE_ASSIGNMENT((#159));
#161=STYLED_ITEM('',(#160),#158);
#162=DIRECTION('',(1.E0,0.E0,0.E0));
#163=VECTOR('',#162,2.5E0);
#164=CARTESIAN_POINT('',(0.E0,-7.5E-1,-1.5E0));
#165=LINE('',#164,#163);
#166=CURVE_STYLE('',#11,POSITIVE_LENGTH_MEASURE(2.E-2),#3);
#167=PRESENTATION_STYLE_ASSIGNMENT((#166));
#168=STYLED_ITEM('',(#167),#165);
#169=DIRECTION('',(1.E0,0.E0,0.E0));
#170=VECTOR('',#169,2.5E0);
#171=CARTESIAN_POINT('',(0.E0,-7.5E-1,-1.E0));
#172=LINE('',#171,#170);
#173=CURVE_STYLE('',#11,POSITIVE_LENGTH_MEASURE(2.E-2),#3);
#174=PRESENTATION_STYLE_ASSIGNMENT((#173));
#175=STYLED_ITEM('',(#174),#172);
#176=DIRECTION('',(1.E0,0.E0,0.E0));
#177=VECTOR('',#176,2.5E0);
#178=CARTESIAN_POINT('',(0.E0,-6.5E-1,-1.E0));
#179=LINE('',#178,#177);
#180=CURVE_STYLE('',#11,POSITIVE_LENGTH_MEASURE(2.E-2),#3);
#181=PRESENTATION_STYLE_ASSIGNMENT((#180));
#182=STYLED_ITEM('',(#181),#179);
#183=DIRECTION('',(1.E0,0.E0,0.E0));
#184=VECTOR('',#183,2.5E0);
#185=CARTESIAN_POINT('',(0.E0,-6.5E-1,-5.E-1));
#186=LINE('',#185,#184);
#187=CURVE_STYLE('',#11,POSITIVE_LENGTH_MEASURE(2.E-2),#3);
#188=PRESENTATION_STYLE_ASSIGNMENT((#187));
#189=STYLED_ITEM('',(#188),#186);
#190=DIRECTION('',(1.E0,0.E0,0.E0));
#191=VECTOR('',#190,2.5E0);
#192=CARTESIAN_POINT('',(0.E0,-7.5E-1,-5.E-1));
#193=LINE('',#192,#191);
#194=CURVE_STYLE('',#11,POSITIVE_LENGTH_MEASURE(2.E-2),#3);
#195=PRESENTATION_STYLE_ASSIGNMENT((#194));
#196=STYLED_ITEM('',(#195),#193);
#197=DIRECTION('',(1.E0,0.E0,0.E0));
#198=VECTOR('',#197,2.5E0);
#199=CARTESIAN_POINT('',(0.E0,-7.5E-1,1.5E0));
#200=LINE('',#199,#198);
#201=CURVE_STYLE('',#11,POSITIVE_LENGTH_MEASURE(2.E-2),#3);
#202=PRESENTATION_STYLE_ASSIGNMENT((#201));
#203=STYLED_ITEM('',(#202),#200);
#204=DIRECTION('',(0.E0,-1.E0,0.E0));
#205=VECTOR('',#204,1.5E0);
#206=CARTESIAN_POINT('',(2.5E0,7.5E-1,1.5E0));
#207=LINE('',#206,#205);
#208=CURVE_STYLE('',#11,POSITIVE_LENGTH_MEASURE(2.E-2),#3);
#209=PRESENTATION_STYLE_ASSIGNMENT((#208));
#210=STYLED_ITEM('',(#209),#207);
#211=DIRECTION('',(0.E0,0.E0,1.E0));
#212=VECTOR('',#211,2.E0);
#213=CARTESIAN_POINT('',(2.5E0,7.5E-1,-5.E-1));
#214=LINE('',#213,#212);
#215=CURVE_STYLE('',#11,POSITIVE_LENGTH_MEASURE(2.E-2),#3);
#216=PRESENTATION_STYLE_ASSIGNMENT((#215));
#217=STYLED_ITEM('',(#216),#214);
#218=DIRECTION('',(0.E0,1.E0,0.E0));
#219=VECTOR('',#218,1.E-1);
#220=CARTESIAN_POINT('',(2.5E0,6.5E-1,-5.E-1));
#221=LINE('',#220,#219);
#222=CURVE_STYLE('',#11,POSITIVE_LENGTH_MEASURE(2.E-2),#3);
#223=PRESENTATION_STYLE_ASSIGNMENT((#222));
#224=STYLED_ITEM('',(#223),#221);
#225=DIRECTION('',(0.E0,0.E0,1.E0));
#226=VECTOR('',#225,5.E-1);
#227=CARTESIAN_POINT('',(2.5E0,6.5E-1,-1.E0));
#228=LINE('',#227,#226);
#229=CURVE_STYLE('',#11,POSITIVE_LENGTH_MEASURE(2.E-2),#3);
#230=PRESENTATION_STYLE_ASSIGNMENT((#229));
#231=STYLED_ITEM('',(#230),#228);
#232=DIRECTION('',(0.E0,-1.E0,0.E0));
#233=VECTOR('',#232,1.E-1);
#234=CARTESIAN_POINT('',(2.5E0,7.5E-1,-1.E0));
#235=LINE('',#234,#233);
#236=CURVE_STYLE('',#11,POSITIVE_LENGTH_MEASURE(2.E-2),#3);
#237=PRESENTATION_STYLE_ASSIGNMENT((#236));
#238=STYLED_ITEM('',(#237),#235);
#239=DIRECTION('',(0.E0,0.E0,1.E0));
#240=VECTOR('',#239,5.E-1);
#241=CARTESIAN_POINT('',(2.5E0,7.5E-1,-1.5E0));
#242=LINE('',#241,#240);
#243=CURVE_STYLE('',#11,POSITIVE_LENGTH_MEASURE(2.E-2),#3);
#244=PRESENTATION_STYLE_ASSIGNMENT((#243));
#245=STYLED_ITEM('',(#244),#242);
#246=DIRECTION('',(0.E0,1.E0,0.E0));
#247=VECTOR('',#246,1.5E0);
#248=CARTESIAN_POINT('',(2.5E0,-7.5E-1,-1.5E0));
#249=LINE('',#248,#247);
#250=CURVE_STYLE('',#11,POSITIVE_LENGTH_MEASURE(2.E-2),#3);
#251=PRESENTATION_STYLE_ASSIGNMENT((#250));
#252=STYLED_ITEM('',(#251),#249);
#253=DIRECTION('',(0.E0,0.E0,-1.E0));
#254=VECTOR('',#253,5.E-1);
#255=CARTESIAN_POINT('',(2.5E0,-7.5E-1,-1.E0));
#256=LINE('',#255,#254);
#257=CURVE_STYLE('',#11,POSITIVE_LENGTH_MEASURE(2.E-2),#3);
#258=PRESENTATION_STYLE_ASSIGNMENT((#257));
#259=STYLED_ITEM('',(#258),#256);
#260=DIRECTION('',(0.E0,-1.E0,0.E0));
#261=VECTOR('',#260,1.E-1);
#262=CARTESIAN_POINT('',(2.5E0,-6.5E-1,-1.E0));
#263=LINE('',#262,#261);
#264=CURVE_STYLE('',#11,POSITIVE_LENGTH_MEASURE(2.E-2),#3);
#265=PRESENTATION_STYLE_ASSIGNMENT((#264));
#266=STYLED_ITEM('',(#265),#263);
#267=DIRECTION('',(0.E0,0.E0,-1.E0));
#268=VECTOR('',#267,5.E-1);
#269=CARTESIAN_POINT('',(2.5E0,-6.5E-1,-5.E-1));
#270=LINE('',#269,#268);
#271=CURVE_STYLE('',#11,POSITIVE_LENGTH_MEASURE(2.E-2),#3);
#272=PRESENTATION_STYLE_ASSIGNMENT((#271));
#273=STYLED_ITEM('',(#272),#270);
#274=DIRECTION('',(0.E0,1.E0,0.E0));
#275=VECTOR('',#274,1.E-1);
#276=CARTESIAN_POINT('',(2.5E0,-7.5E-1,-5.E-1));
#277=LINE('',#276,#275);
#278=CURVE_STYLE('',#11,POSITIVE_LENGTH_MEASURE(2.E-2),#3);
#279=PRESENTATION_STYLE_ASSIGNMENT((#278));
#280=STYLED_ITEM('',(#279),#277);
#281=DIRECTION('',(0.E0,0.E0,-1.E0));
#282=VECTOR('',#281,2.E0);
#283=CARTESIAN_POINT('',(2.5E0,-7.5E-1,1.5E0));
#284=LINE('',#283,#282);
#285=CURVE_STYLE('',#11,POSITIVE_LENGTH_MEASURE(2.E-2),#3);
#286=PRESENTATION_STYLE_ASSIGNMENT((#285));
#287=STYLED_ITEM('',(#286),#284);
#288=DIRECTION('',(0.E0,0.E0,-1.E0));
#289=VECTOR('',#288,2.5E0);
#290=CARTESIAN_POINT('',(2.25E0,2.5E-1,1.5E0));
#291=LINE('',#290,#289);
#292=CURVE_STYLE('',#11,POSITIVE_LENGTH_MEASURE(2.E-2),#3);
#293=PRESENTATION_STYLE_ASSIGNMENT((#292));
#294=STYLED_ITEM('',(#293),#291);
#295=DIRECTION('',(0.E0,0.E0,-1.E0));
#296=VECTOR('',#295,2.5E0);
#297=CARTESIAN_POINT('',(2.25E0,-2.5E-1,1.5E0));
#298=LINE('',#297,#296);
#299=CURVE_STYLE('',#11,POSITIVE_LENGTH_MEASURE(2.E-2),#3);
#300=PRESENTATION_STYLE_ASSIGNMENT((#299));
#301=STYLED_ITEM('',(#300),#298);
#302=DIRECTION('',(0.E0,0.E0,-1.E0));
#303=VECTOR('',#302,2.5E0);
#304=CARTESIAN_POINT('',(2.5E-1,-2.5E-1,1.5E0));
#305=LINE('',#304,#303);
#306=CURVE_STYLE('',#11,POSITIVE_LENGTH_MEASURE(2.E-2),#3);
#307=PRESENTATION_STYLE_ASSIGNMENT((#306));
#308=STYLED_ITEM('',(#307),#305);
#309=DIRECTION('',(0.E0,0.E0,-1.E0));
#310=VECTOR('',#309,2.5E0);
#311=CARTESIAN_POINT('',(2.5E-1,2.5E-1,1.5E0));
#312=LINE('',#311,#310);
#313=CURVE_STYLE('',#11,POSITIVE_LENGTH_MEASURE(2.E-2),#3);
#314=PRESENTATION_STYLE_ASSIGNMENT((#313));
#315=STYLED_ITEM('',(#314),#312);
#316=DIRECTION('',(-1.E0,0.E0,0.E0));
#317=VECTOR('',#316,2.E0);
#318=CARTESIAN_POINT('',(2.25E0,2.5E-1,-1.E0));
#319=LINE('',#318,#317);
#320=CURVE_STYLE('',#11,POSITIVE_LENGTH_MEASURE(2.E-2),#3);
#321=PRESENTATION_STYLE_ASSIGNMENT((#320));
#322=STYLED_ITEM('',(#321),#319);
#323=DIRECTION('',(0.E0,1.E0,0.E0));
#324=VECTOR('',#323,5.E-1);
#325=CARTESIAN_POINT('',(2.25E0,-2.5E-1,-1.E0));
#326=LINE('',#325,#324);
#327=CURVE_STYLE('',#11,POSITIVE_LENGTH_MEASURE(2.E-2),#3);
#328=PRESENTATION_STYLE_ASSIGNMENT((#327));
#329=STYLED_ITEM('',(#328),#326);
#330=DIRECTION('',(1.E0,0.E0,0.E0));
#331=VECTOR('',#330,2.E0);
#332=CARTESIAN_POINT('',(2.5E-1,-2.5E-1,-1.E0));
#333=LINE('',#332,#331);
#334=CURVE_STYLE('',#11,POSITIVE_LENGTH_MEASURE(2.E-2),#3);
#335=PRESENTATION_STYLE_ASSIGNMENT((#334));
#336=STYLED_ITEM('',(#335),#333);
#337=DIRECTION('',(0.E0,-1.E0,0.E0));
#338=VECTOR('',#337,5.E-1);
#339=CARTESIAN_POINT('',(2.5E-1,2.5E-1,-1.E0));
#340=LINE('',#339,#338);
#341=CURVE_STYLE('',#11,POSITIVE_LENGTH_MEASURE(2.E-2),#3);
#342=PRESENTATION_STYLE_ASSIGNMENT((#341));
#343=STYLED_ITEM('',(#342),#340);
#344=CARTESIAN_POINT('',(0.E0,7.5E-1,1.5E0));
#345=CARTESIAN_POINT('',(0.E0,-7.5E-1,1.5E0));
#346=VERTEX_POINT('',#344);
#347=VERTEX_POINT('',#345);
#348=CARTESIAN_POINT('',(0.E0,-7.5E-1,-5.E-1));
#349=VERTEX_POINT('',#348);
#350=CARTESIAN_POINT('',(0.E0,-6.5E-1,-5.E-1));
#351=VERTEX_POINT('',#350);
#352=CARTESIAN_POINT('',(0.E0,-6.5E-1,-1.E0));
#353=VERTEX_POINT('',#352);
#354=CARTESIAN_POINT('',(0.E0,-7.5E-1,-1.E0));
#355=VERTEX_POINT('',#354);
#356=CARTESIAN_POINT('',(0.E0,-7.5E-1,-1.5E0));
#357=VERTEX_POINT('',#356);
#358=CARTESIAN_POINT('',(0.E0,7.5E-1,-1.5E0));
#359=VERTEX_POINT('',#358);
#360=CARTESIAN_POINT('',(0.E0,7.5E-1,-1.E0));
#361=VERTEX_POINT('',#360);
#362=CARTESIAN_POINT('',(0.E0,6.5E-1,-1.E0));
#363=VERTEX_POINT('',#362);
#364=CARTESIAN_POINT('',(0.E0,6.5E-1,-5.E-1));
#365=VERTEX_POINT('',#364);
#366=CARTESIAN_POINT('',(0.E0,7.5E-1,-5.E-1));
#367=VERTEX_POINT('',#366);
#368=CARTESIAN_POINT('',(2.5E0,7.5E-1,1.5E0));
#369=CARTESIAN_POINT('',(2.5E0,-7.5E-1,1.5E0));
#370=VERTEX_POINT('',#368);
#371=VERTEX_POINT('',#369);
#372=CARTESIAN_POINT('',(2.5E0,-7.5E-1,-5.E-1));
#373=VERTEX_POINT('',#372);
#374=CARTESIAN_POINT('',(2.5E0,-6.5E-1,-5.E-1));
#375=VERTEX_POINT('',#374);
#376=CARTESIAN_POINT('',(2.5E0,-6.5E-1,-1.E0));
#377=VERTEX_POINT('',#376);
#378=CARTESIAN_POINT('',(2.5E0,-7.5E-1,-1.E0));
#379=VERTEX_POINT('',#378);
#380=CARTESIAN_POINT('',(2.5E0,-7.5E-1,-1.5E0));
#381=VERTEX_POINT('',#380);
#382=CARTESIAN_POINT('',(2.5E0,7.5E-1,-1.5E0));
#383=VERTEX_POINT('',#382);
#384=CARTESIAN_POINT('',(2.5E0,7.5E-1,-1.E0));
#385=VERTEX_POINT('',#384);
#386=CARTESIAN_POINT('',(2.5E0,6.5E-1,-1.E0));
#387=VERTEX_POINT('',#386);
#388=CARTESIAN_POINT('',(2.5E0,6.5E-1,-5.E-1));
#389=VERTEX_POINT('',#388);
#390=CARTESIAN_POINT('',(2.5E0,7.5E-1,-5.E-1));
#391=VERTEX_POINT('',#390);
#392=CARTESIAN_POINT('',(2.25E0,2.5E-1,-1.E0));
#393=CARTESIAN_POINT('',(2.5E-1,2.5E-1,-1.E0));
#394=VERTEX_POINT('',#392);
#395=VERTEX_POINT('',#393);
#396=CARTESIAN_POINT('',(2.5E-1,-2.5E-1,-1.E0));
#397=VERTEX_POINT('',#396);
#398=CARTESIAN_POINT('',(2.25E0,-2.5E-1,-1.E0));
#399=VERTEX_POINT('',#398);
#400=CARTESIAN_POINT('',(2.25E0,2.5E-1,1.5E0));
#401=CARTESIAN_POINT('',(2.5E-1,2.5E-1,1.5E0));
#402=VERTEX_POINT('',#400);
#403=VERTEX_POINT('',#401);
#404=CARTESIAN_POINT('',(2.5E-1,-2.5E-1,1.5E0));
#405=VERTEX_POINT('',#404);
#406=CARTESIAN_POINT('',(2.25E0,-2.5E-1,1.5E0));
#407=VERTEX_POINT('',#406);
#408=CARTESIAN_POINT('',(0.E0,0.E0,0.E0));
#409=DIRECTION('',(1.E0,0.E0,0.E0));
#410=DIRECTION('',(0.E0,-1.E0,0.E0));
#411=AXIS2_PLACEMENT_3D('',#408,#409,#410);
#412=PLANE('',#411);
#414=ORIENTED_EDGE('',*,*,#413,.T.);
#416=ORIENTED_EDGE('',*,*,#415,.T.);
#418=ORIENTED_EDGE('',*,*,#417,.T.);
#420=ORIENTED_EDGE('',*,*,#419,.T.);
#422=ORIENTED_EDGE('',*,*,#421,.T.);
#424=ORIENTED_EDGE('',*,*,#423,.T.);
#426=ORIENTED_EDGE('',*,*,#425,.T.);
#428=ORIENTED_EDGE('',*,*,#427,.T.);
#430=ORIENTED_EDGE('',*,*,#429,.T.);
#432=ORIENTED_EDGE('',*,*,#431,.T.);
#434=ORIENTED_EDGE('',*,*,#433,.T.);
#436=ORIENTED_EDGE('',*,*,#435,.T.);
#437=EDGE_LOOP('',(#414,#416,#418,#420,#422,#424,#426,#428,#430,#432,#434,
#436));
#438=FACE_OUTER_BOUND('',#437,.F.);
#440=CARTESIAN_POINT('',(0.E0,7.5E-1,1.5E0));
#441=DIRECTION('',(0.E0,0.E0,1.E0));
#442=DIRECTION('',(0.E0,-1.E0,0.E0));
#443=AXIS2_PLACEMENT_3D('',#440,#441,#442);
#444=PLANE('',#443);
#445=ORIENTED_EDGE('',*,*,#413,.F.);
#447=ORIENTED_EDGE('',*,*,#446,.T.);
#449=ORIENTED_EDGE('',*,*,#448,.T.);
#451=ORIENTED_EDGE('',*,*,#450,.F.);
#452=EDGE_LOOP('',(#445,#447,#449,#451));
#453=FACE_OUTER_BOUND('',#452,.F.);
#455=ORIENTED_EDGE('',*,*,#454,.T.);
#457=ORIENTED_EDGE('',*,*,#456,.T.);
#459=ORIENTED_EDGE('',*,*,#458,.T.);
#461=ORIENTED_EDGE('',*,*,#460,.T.);
#462=EDGE_LOOP('',(#455,#457,#459,#461));
#463=FACE_BOUND('',#462,.F.);
#465=CARTESIAN_POINT('',(0.E0,7.5E-1,-5.E-1));
#466=DIRECTION('',(0.E0,1.E0,0.E0));
#467=DIRECTION('',(0.E0,0.E0,1.E0));
#468=AXIS2_PLACEMENT_3D('',#465,#466,#467);
#469=PLANE('',#468);
#470=ORIENTED_EDGE('',*,*,#435,.F.);
#472=ORIENTED_EDGE('',*,*,#471,.T.);
#474=ORIENTED_EDGE('',*,*,#473,.T.);
#475=ORIENTED_EDGE('',*,*,#446,.F.);
#476=EDGE_LOOP('',(#470,#472,#474,#475));
#477=FACE_OUTER_BOUND('',#476,.F.);
#479=CARTESIAN_POINT('',(0.E0,6.5E-1,-5.E-1));
#480=DIRECTION('',(0.E0,0.E0,-1.E0));
#481=DIRECTION('',(0.E0,1.E0,0.E0));
#482=AXIS2_PLACEMENT_3D('',#479,#480,#481);
#483=PLANE('',#482);
#484=ORIENTED_EDGE('',*,*,#433,.F.);
#486=ORIENTED_EDGE('',*,*,#485,.T.);
#488=ORIENTED_EDGE('',*,*,#487,.T.);
#489=ORIENTED_EDGE('',*,*,#471,.F.);
#490=EDGE_LOOP('',(#484,#486,#488,#489));
#491=FACE_OUTER_BOUND('',#490,.F.);
#493=CARTESIAN_POINT('',(0.E0,6.5E-1,-1.E0));
#494=DIRECTION('',(0.E0,1.E0,0.E0));
#495=DIRECTION('',(0.E0,0.E0,1.E0));
#496=AXIS2_PLACEMENT_3D('',#493,#494,#495);
#497=PLANE('',#496);
#498=ORIENTED_EDGE('',*,*,#431,.F.);
#500=ORIENTED_EDGE('',*,*,#499,.T.);
#502=ORIENTED_EDGE('',*,*,#501,.T.);
#503=ORIENTED_EDGE('',*,*,#485,.F.);
#504=EDGE_LOOP('',(#498,#500,#502,#503));
#505=FACE_OUTER_BOUND('',#504,.F.);
#507=CARTESIAN_POINT('',(0.E0,7.5E-1,-1.E0));
#508=DIRECTION('',(0.E0,0.E0,1.E0));
#509=DIRECTION('',(0.E0,-1.E0,0.E0));
#510=AXIS2_PLACEMENT_3D('',#507,#508,#509);
#511=PLANE('',#510);
#512=ORIENTED_EDGE('',*,*,#429,.F.);
#514=ORIENTED_EDGE('',*,*,#513,.T.);
#516=ORIENTED_EDGE('',*,*,#515,.T.);
#517=ORIENTED_EDGE('',*,*,#499,.F.);
#518=EDGE_LOOP('',(#512,#514,#516,#517));
#519=FACE_OUTER_BOUND('',#518,.F.);
#521=CARTESIAN_POINT('',(0.E0,7.5E-1,-1.5E0));
#522=DIRECTION('',(0.E0,1.E0,0.E0));
#523=DIRECTION('',(0.E0,0.E0,1.E0));
#524=AXIS2_PLACEMENT_3D('',#521,#522,#523);
#525=PLANE('',#524);
#526=ORIENTED_EDGE('',*,*,#427,.F.);
#528=ORIENTED_EDGE('',*,*,#527,.T.);
#530=ORIENTED_EDGE('',*,*,#529,.T.);
#531=ORIENTED_EDGE('',*,*,#513,.F.);
#532=EDGE_LOOP('',(#526,#528,#530,#531));
#533=FACE_OUTER_BOUND('',#532,.F.);
#535=CARTESIAN_POINT('',(0.E0,-7.5E-1,-1.5E0));
#536=DIRECTION('',(0.E0,0.E0,-1.E0));
#537=DIRECTION('',(0.E0,1.E0,0.E0));
#538=AXIS2_PLACEMENT_3D('',#535,#536,#537);
#539=PLANE('',#538);
#540=ORIENTED_EDGE('',*,*,#425,.F.);
#542=ORIENTED_EDGE('',*,*,#541,.T.);
#544=ORIENTED_EDGE('',*,*,#543,.T.);
#545=ORIENTED_EDGE('',*,*,#527,.F.);
#546=EDGE_LOOP('',(#540,#542,#544,#545));
#547=FACE_OUTER_BOUND('',#546,.F.);
#549=CARTESIAN_POINT('',(0.E0,-7.5E-1,-1.E0));
#550=DIRECTION('',(0.E0,-1.E0,0.E0));
#551=DIRECTION('',(0.E0,0.E0,-1.E0));
#552=AXIS2_PLACEMENT_3D('',#549,#550,#551);
#553=PLANE('',#552);
#554=ORIENTED_EDGE('',*,*,#423,.F.);
#556=ORIENTED_EDGE('',*,*,#555,.T.);
#558=ORIENTED_EDGE('',*,*,#557,.T.);
#559=ORIENTED_EDGE('',*,*,#541,.F.);
#560=EDGE_LOOP('',(#554,#556,#558,#559));
#561=FACE_OUTER_BOUND('',#560,.F.);
#563=CARTESIAN_POINT('',(0.E0,-6.5E-1,-1.E0));
#564=DIRECTION('',(0.E0,0.E0,1.E0));
#565=DIRECTION('',(0.E0,-1.E0,0.E0));
#566=AXIS2_PLACEMENT_3D('',#563,#564,#565);
#567=PLANE('',#566);
#568=ORIENTED_EDGE('',*,*,#421,.F.);
#570=ORIENTED_EDGE('',*,*,#569,.T.);
#572=ORIENTED_EDGE('',*,*,#571,.T.);
#573=ORIENTED_EDGE('',*,*,#555,.F.);
#574=EDGE_LOOP('',(#568,#570,#572,#573));
#575=FACE_OUTER_BOUND('',#574,.F.);
#577=CARTESIAN_POINT('',(0.E0,-6.5E-1,-5.E-1));
#578=DIRECTION('',(0.E0,-1.E0,0.E0));
#579=DIRECTION('',(0.E0,0.E0,-1.E0));
#580=AXIS2_PLACEMENT_3D('',#577,#578,#579);
#581=PLANE('',#580);
#582=ORIENTED_EDGE('',*,*,#419,.F.);
#584=ORIENTED_EDGE('',*,*,#583,.T.);
#586=ORIENTED_EDGE('',*,*,#585,.T.);
#587=ORIENTED_EDGE('',*,*,#569,.F.);
#588=EDGE_LOOP('',(#582,#584,#586,#587));
#589=FACE_OUTER_BOUND('',#588,.F.);
#591=CARTESIAN_POINT('',(0.E0,-7.5E-1,-5.E-1));
#592=DIRECTION('',(0.E0,0.E0,-1.E0));
#593=DIRECTION('',(0.E0,1.E0,0.E0));
#594=AXIS2_PLACEMENT_3D('',#591,#592,#593);
#595=PLANE('',#594);
#596=ORIENTED_EDGE('',*,*,#417,.F.);
#598=ORIENTED_EDGE('',*,*,#597,.T.);
#600=ORIENTED_EDGE('',*,*,#599,.T.);
#601=ORIENTED_EDGE('',*,*,#583,.F.);
#602=EDGE_LOOP('',(#596,#598,#600,#601));
#603=FACE_OUTER_BOUND('',#602,.F.);
#605=CARTESIAN_POINT('',(0.E0,-7.5E-1,1.5E0));
#606=DIRECTION('',(0.E0,-1.E0,0.E0));
#607=DIRECTION('',(0.E0,0.E0,-1.E0));
#608=AXIS2_PLACEMENT_3D('',#605,#606,#607);
#609=PLANE('',#608);
#610=ORIENTED_EDGE('',*,*,#415,.F.);
#611=ORIENTED_EDGE('',*,*,#450,.T.);
#613=ORIENTED_EDGE('',*,*,#612,.T.);
#614=ORIENTED_EDGE('',*,*,#597,.F.);
#615=EDGE_LOOP('',(#610,#611,#613,#614));
#616=FACE_OUTER_BOUND('',#615,.F.);
#618=CARTESIAN_POINT('',(2.5E0,0.E0,0.E0));
#619=DIRECTION('',(1.E0,0.E0,0.E0));
#620=DIRECTION('',(0.E0,-1.E0,0.E0));
#621=AXIS2_PLACEMENT_3D('',#618,#619,#620);
#622=PLANE('',#621);
#623=ORIENTED_EDGE('',*,*,#448,.F.);
#624=ORIENTED_EDGE('',*,*,#473,.F.);
#625=ORIENTED_EDGE('',*,*,#487,.F.);
#626=ORIENTED_EDGE('',*,*,#501,.F.);
#627=ORIENTED_EDGE('',*,*,#515,.F.);
#628=ORIENTED_EDGE('',*,*,#529,.F.);
#629=ORIENTED_EDGE('',*,*,#543,.F.);
#630=ORIENTED_EDGE('',*,*,#557,.F.);
#631=ORIENTED_EDGE('',*,*,#571,.F.);
#632=ORIENTED_EDGE('',*,*,#585,.F.);
#633=ORIENTED_EDGE('',*,*,#599,.F.);
#634=ORIENTED_EDGE('',*,*,#612,.F.);
#635=EDGE_LOOP('',(#623,#624,#625,#626,#627,#628,#629,#630,#631,#632,#633,
#634));
#636=FACE_OUTER_BOUND('',#635,.F.);
#638=CARTESIAN_POINT('',(2.25E0,2.5E-1,1.5E0));
#639=DIRECTION('',(0.E0,1.E0,0.E0));
#640=DIRECTION('',(-1.E0,0.E0,0.E0));
#641=AXIS2_PLACEMENT_3D('',#638,#639,#640);
#642=PLANE('',#641);
#643=ORIENTED_EDGE('',*,*,#454,.F.);
#645=ORIENTED_EDGE('',*,*,#644,.T.);
#647=ORIENTED_EDGE('',*,*,#646,.T.);
#649=ORIENTED_EDGE('',*,*,#648,.F.);
#650=EDGE_LOOP('',(#643,#645,#647,#649));
#651=FACE_OUTER_BOUND('',#650,.F.);
#653=CARTESIAN_POINT('',(2.25E0,-2.5E-1,1.5E0));
#654=DIRECTION('',(1.E0,0.E0,0.E0));
#655=DIRECTION('',(0.E0,1.E0,0.E0));
#656=AXIS2_PLACEMENT_3D('',#653,#654,#655);
#657=PLANE('',#656);
#658=ORIENTED_EDGE('',*,*,#460,.F.);
#660=ORIENTED_EDGE('',*,*,#659,.T.);
#662=ORIENTED_EDGE('',*,*,#661,.T.);
#663=ORIENTED_EDGE('',*,*,#644,.F.);
#664=EDGE_LOOP('',(#658,#660,#662,#663));
#665=FACE_OUTER_BOUND('',#664,.F.);
#667=CARTESIAN_POINT('',(2.5E-1,-2.5E-1,1.5E0));
#668=DIRECTION('',(0.E0,-1.E0,0.E0));
#669=DIRECTION('',(1.E0,0.E0,0.E0));
#670=AXIS2_PLACEMENT_3D('',#667,#668,#669);
#671=PLANE('',#670);
#672=ORIENTED_EDGE('',*,*,#458,.F.);
#674=ORIENTED_EDGE('',*,*,#673,.T.);
#676=ORIENTED_EDGE('',*,*,#675,.T.);
#677=ORIENTED_EDGE('',*,*,#659,.F.);
#678=EDGE_LOOP('',(#672,#674,#676,#677));
#679=FACE_OUTER_BOUND('',#678,.F.);
#681=CARTESIAN_POINT('',(2.5E-1,2.5E-1,1.5E0));
#682=DIRECTION('',(-1.E0,0.E0,0.E0));
#683=DIRECTION('',(0.E0,-1.E0,0.E0));
#684=AXIS2_PLACEMENT_3D('',#681,#682,#683);
#685=PLANE('',#684);
#686=ORIENTED_EDGE('',*,*,#456,.F.);
#687=ORIENTED_EDGE('',*,*,#648,.T.);
#689=ORIENTED_EDGE('',*,*,#688,.T.);
#690=ORIENTED_EDGE('',*,*,#673,.F.);
#691=EDGE_LOOP('',(#686,#687,#689,#690));
#692=FACE_OUTER_BOUND('',#691,.F.);
#694=CARTESIAN_POINT('',(0.E0,0.E0,-1.E0));
#695=DIRECTION('',(0.E0,0.E0,1.E0));
#696=DIRECTION('',(0.E0,-1.E0,0.E0));
#697=AXIS2_PLACEMENT_3D('',#694,#695,#696);
#698=PLANE('',#697);
#699=ORIENTED_EDGE('',*,*,#646,.F.);
#700=ORIENTED_EDGE('',*,*,#661,.F.);
#701=ORIENTED_EDGE('',*,*,#675,.F.);
#702=ORIENTED_EDGE('',*,*,#688,.F.);
#703=EDGE_LOOP('',(#699,#700,#701,#702));
#704=FACE_OUTER_BOUND('',#703,.F.);
#706=CLOSED_SHELL('',(#439,#464,#478,#492,#506,#520,#534,#548,#562,#576,#590,
#604,#617,#637,#652,#666,#680,#693,#705));
#707=MANIFOLD_SOLID_BREP('',#706);
#708=FILL_AREA_STYLE_COLOUR('',#3);
#709=FILL_AREA_STYLE('',(#708));
#710=SURFACE_STYLE_FILL_AREA(#709);
#711=SURFACE_SIDE_STYLE('',(#710));
#712=SURFACE_STYLE_USAGE(.BOTH.,#711);
#713=PRESENTATION_STYLE_ASSIGNMENT((#712));
#6=STYLED_ITEM('',(#713),#707);
#715=DIMENSIONAL_EXPONENTS(0.E0,0.E0,0.E0,0.E0,0.E0,0.E0,0.E0);
#717=PLANE_ANGLE_MEASURE_WITH_UNIT(PLANE_ANGLE_MEASURE(1.745329251994E-2),#716);
#718=(CONVERSION_BASED_UNIT('DEGREE',#717)NAMED_UNIT(*)PLANE_ANGLE_UNIT());
#720=UNCERTAINTY_MEASURE_WITH_UNIT(LENGTH_MEASURE(4.183132800665E-4),#714,
'closure',
'Maximum model space distance between geometric entities at asserted connectivities');
#722=CARTESIAN_POINT('',(0.E0,0.E0,0.E0));
#723=DIRECTION('',(0.E0,0.E0,1.E0));
#724=DIRECTION('',(1.E0,0.E0,0.E0));
#727=APPLICATION_CONTEXT(
'CONFIGURATION CONTROLLED 3D DESIGNS OF MECHANICAL PARTS AND ASSEMBLIES');
#728=APPLICATION_PROTOCOL_DEFINITION('international standard',
'config_control_design',1994,#727);
#729=DESIGN_CONTEXT('',#727,'design');
#730=MECHANICAL_CONTEXT('',#727,'mechanical');
#731=PRODUCT('M50-1920005_MOULD','M50-1920005_MOULD','NOT SPECIFIED',(#730));
#732=PRODUCT_DEFINITION_FORMATION_WITH_SPECIFIED_SOURCE('2','LAST_VERSION',#731,
.MADE.);
#741=CARTESIAN_POINT('',(0.E0,0.E0,0.E0));
#742=DIRECTION('',(0.E0,0.E0,1.E0));
#743=DIRECTION('',(1.E0,0.E0,0.E0));
#744=AXIS2_PLACEMENT_3D('',#741,#742,#743);
#745=ITEM_DEFINED_TRANSFORMATION('','',#725,#744);
#746=(REPRESENTATION_RELATIONSHIP('','',#726,#738)REPRESENTATION_RELATIONSHIP_WITH_TRANSFORMATION(#745)SHAPE_REPRESENTATION_RELATIONSHIP());
#747=CONTEXT_DEPENDENT_SHAPE_REPRESENTATION(#746,#740);
#749=DIRECTION('',(0.E0,1.E0,0.E0));
#750=VECTOR('',#749,5.877674759699E-1);
#751=CARTESIAN_POINT('',(9.5E-1,-1.05E0,2.E-1));
#752=LINE('',#751,#750);
#753=CURVE_STYLE('',#11,POSITIVE_LENGTH_MEASURE(2.E-2),#4);
#754=PRESENTATION_STYLE_ASSIGNMENT((#753));
#755=STYLED_ITEM('',(#754),#752);
#756=DIRECTION('',(0.E0,0.E0,1.E0));
#757=VECTOR('',#756,3.E-1);
#758=CARTESIAN_POINT('',(9.5E-1,-1.05E0,2.E-1));
#759=LINE('',#758,#757);
#760=CURVE_STYLE('',#11,POSITIVE_LENGTH_MEASURE(2.E-2),#4);
#761=PRESENTATION_STYLE_ASSIGNMENT((#760));
#762=STYLED_ITEM('',(#761),#759);
#763=DIRECTION('',(-1.E0,0.E0,0.E0));
#764=VECTOR('',#763,1.E-1);
#765=CARTESIAN_POINT('',(9.5E-1,-1.05E0,2.E-1));
#766=LINE('',#765,#764);
#767=CURVE_STYLE('',#11,POSITIVE_LENGTH_MEASURE(2.E-2),#4);
#768=PRESENTATION_STYLE_ASSIGNMENT((#767));
#769=STYLED_ITEM('',(#768),#766);
#770=DIRECTION('',(0.E0,0.E0,1.E0));
#771=VECTOR('',#770,3.E-1);
#772=CARTESIAN_POINT('',(8.5E-1,-1.05E0,2.E-1));
#773=LINE('',#772,#771);
#774=CURVE_STYLE('',#11,POSITIVE_LENGTH_MEASURE(2.E-2),#4);
#775=PRESENTATION_STYLE_ASSIGNMENT((#774));
#776=STYLED_ITEM('',(#775),#773);
#777=CARTESIAN_POINT('',(7.5E-1,-1.05E0,2.E-1));
#778=DIRECTION('',(0.E0,-1.E0,0.E0));
#779=DIRECTION('',(0.E0,0.E0,-1.E0));
#780=AXIS2_PLACEMENT_3D('',#777,#778,#779);
#782=CURVE_STYLE('',#11,POSITIVE_LENGTH_MEASURE(2.E-2),#4);
#783=PRESENTATION_STYLE_ASSIGNMENT((#782));
#784=STYLED_ITEM('',(#783),#781);
#785=DIRECTION('',(0.E0,0.E0,1.E0));
#786=VECTOR('',#785,1.E-1);
#787=CARTESIAN_POINT('',(7.5E-1,-1.05E0,0.E0));
#788=LINE('',#787,#786);
#789=CURVE_STYLE('',#11,POSITIVE_LENGTH_MEASURE(2.E-2),#4);
#790=PRESENTATION_STYLE_ASSIGNMENT((#789));
#791=STYLED_ITEM('',(#790),#788);
#792=CARTESIAN_POINT('',(7.5E-1,-1.05E0,2.E-1));
#793=DIRECTION('',(0.E0,-1.E0,0.E0));
#794=DIRECTION('',(0.E0,0.E0,-1.E0));
#795=AXIS2_PLACEMENT_3D('',#792,#793,#794);
#797=CURVE_STYLE('',#11,POSITIVE_LENGTH_MEASURE(2.E-2),#4);
#798=PRESENTATION_STYLE_ASSIGNMENT((#797));
#799=STYLED_ITEM('',(#798),#796);
#800=DIRECTION('',(0.E0,1.E0,0.E0));
#801=VECTOR('',#800,6.E-1);
#802=CARTESIAN_POINT('',(7.5E-1,-1.05E0,0.E0));
#803=LINE('',#802,#801);
#804=CURVE_STYLE('',#11,POSITIVE_LENGTH_MEASURE(2.E-2),#4);
#805=PRESENTATION_STYLE_ASSIGNMENT((#804));
#806=STYLED_ITEM('',(#805),#803);
#807=DIRECTION('',(0.E0,1.E0,0.E0));
#808=VECTOR('',#807,1.223252403010E-2);
#809=CARTESIAN_POINT('',(8.5E-1,-4.622325240301E-1,2.E-1));
#810=LINE('',#809,#808);
#811=CURVE_STYLE('',#11,POSITIVE_LENGTH_MEASURE(2.E-2),#4);
#812=PRESENTATION_STYLE_ASSIGNMENT((#811));
#813=STYLED_ITEM('',(#812),#810);
#814=DIRECTION('',(0.E0,1.E0,0.E0));
#815=VECTOR('',#814,1.223252403010E-2);
#816=CARTESIAN_POINT('',(9.5E-1,-4.622325240301E-1,2.E-1));
#817=LINE('',#816,#815);
#818=CURVE_STYLE('',#11,POSITIVE_LENGTH_MEASURE(2.E-2),#4);
#819=PRESENTATION_STYLE_ASSIGNMENT((#818));
#820=STYLED_ITEM('',(#819),#817);
#821=DIRECTION('',(-1.E0,0.E0,0.E0));
#822=VECTOR('',#821,1.E-1);
#823=CARTESIAN_POINT('',(9.5E-1,-4.622325240301E-1,2.E-1));
#824=LINE('',#823,#822);
#825=CURVE_STYLE('',#11,POSITIVE_LENGTH_MEASURE(2.E-2),#4);
#826=PRESENTATION_STYLE_ASSIGNMENT((#825));
#827=STYLED_ITEM('',(#826),#824);
#828=DIRECTION('',(0.E0,1.E0,0.E0));
#829=VECTOR('',#828,6.E-1);
#830=CARTESIAN_POINT('',(7.5E-1,-1.05E0,1.E-1));
#831=LINE('',#830,#829);
#832=CURVE_STYLE('',#11,POSITIVE_LENGTH_MEASURE(2.E-2),#4);
#833=PRESENTATION_STYLE_ASSIGNMENT((#832));
#834=STYLED_ITEM('',(#833),#831);
#835=CARTESIAN_POINT('',(9.398071209769E-1,7.650620089807E-1,1.E-1));
#836=DIRECTION('',(0.E0,0.E0,1.E0));
#837=DIRECTION('',(9.342667638031E-1,-3.565748365390E-1,0.E0));
#838=AXIS2_PLACEMENT_3D('',#835,#836,#837);
#840=CURVE_STYLE('',#11,POSITIVE_LENGTH_MEASURE(2.E-2),#4);
#841=PRESENTATION_STYLE_ASSIGNMENT((#840));
#842=STYLED_ITEM('',(#841),#839);
#843=CARTESIAN_POINT('',(9.469646782771E-1,7.623302358692E-1,1.E-1));
#844=CARTESIAN_POINT('',(9.371484455048E-1,7.366105857841E-1,1.E-1));
#845=CARTESIAN_POINT('',(9.173356521282E-1,6.883177645158E-1,1.E-1));
#846=CARTESIAN_POINT('',(8.921330036322E-1,6.240081095193E-1,1.E-1));
#847=CARTESIAN_POINT('',(8.738741794776E-1,5.648473428315E-1,1.E-1));
#848=CARTESIAN_POINT('',(8.643951443058E-1,5.115865767865E-1,1.E-1));
#849=CARTESIAN_POINT('',(8.630037977562E-1,4.607813467184E-1,1.E-1));
#850=CARTESIAN_POINT('',(8.686703698780E-1,4.060702674983E-1,1.E-1));
#851=CARTESIAN_POINT('',(8.834344870296E-1,3.436353687277E-1,1.E-1));
#852=CARTESIAN_POINT('',(9.082922396665E-1,2.753611370272E-1,1.E-1));
#853=CARTESIAN_POINT('',(9.320942131701E-1,2.257634358461E-1,1.E-1));
#854=CARTESIAN_POINT('',(9.458362542307E-1,2.E-1,1.E-1));
#856=CURVE_STYLE('',#11,POSITIVE_LENGTH_MEASURE(2.E-2),#4);
#857=PRESENTATION_STYLE_ASSIGNMENT((#856));
#858=STYLED_ITEM('',(#857),#855);
#859=DIRECTION('',(-1.E0,0.E0,0.E0));
#860=VECTOR('',#859,4.163745769346E-3);
#861=CARTESIAN_POINT('',(9.5E-1,2.E-1,1.E-1));
#862=LINE('',#861,#860);
#863=CURVE_STYLE('',#11,POSITIVE_LENGTH_MEASURE(2.E-2),#4);
#864=PRESENTATION_STYLE_ASSIGNMENT((#863));
#865=STYLED_ITEM('',(#864),#862);
#866=DIRECTION('',(0.E0,1.E0,0.E0));
#867=VECTOR('',#866,6.E-1);
#868=CARTESIAN_POINT('',(9.5E-1,-4.E-1,1.E-1));
#869=LINE('',#868,#867);
#870=CURVE_STYLE('',#11,POSITIVE_LENGTH_MEASURE(2.E-2),#4);
#871=PRESENTATION_STYLE_ASSIGNMENT((#870));
#872=STYLED_ITEM('',(#871),#869);
#873=CARTESIAN_POINT('',(9.E-1,-4.E-1,1.E-1));
#874=DIRECTION('',(0.E0,0.E0,1.E0));
#875=DIRECTION('',(0.E0,-1.E0,0.E0));
#876=AXIS2_PLACEMENT_3D('',#873,#874,#875);
#878=CURVE_STYLE('',#11,POSITIVE_LENGTH_MEASURE(2.E-2),#4);
#879=PRESENTATION_STYLE_ASSIGNMENT((#878));
#880=STYLED_ITEM('',(#879),#877);
#881=DIRECTION('',(1.E0,0.E0,0.E0));
#882=VECTOR('',#881,1.5E-1);
#883=CARTESIAN_POINT('',(7.5E-1,-4.5E-1,1.E-1));
#884=LINE('',#883,#882);
#885=CURVE_STYLE('',#11,POSITIVE_LENGTH_MEASURE(2.E-2),#4);
#886=PRESENTATION_STYLE_ASSIGNMENT((#885));
#887=STYLED_ITEM('',(#886),#884);
#888=DIRECTION('',(1.E0,0.E0,0.E0));
#889=VECTOR('',#888,1.5E0);
#890=CARTESIAN_POINT('',(-7.5E-1,-1.05E0,1.E-1));
#891=LINE('',#890,#889);
#892=CURVE_STYLE('',#11,POSITIVE_LENGTH_MEASURE(2.E-2),#4);
#893=PRESENTATION_STYLE_ASSIGNMENT((#892));
#894=STYLED_ITEM('',(#893),#891);
#895=DIRECTION('',(-1.E0,0.E0,0.E0));
#896=VECTOR('',#895,1.5E-1);
#897=CARTESIAN_POINT('',(-7.5E-1,-4.5E-1,1.E-1));
#898=LINE('',#897,#896);
#899=CURVE_STYLE('',#11,POSITIVE_LENGTH_MEASURE(2.E-2),#4);
#900=PRESENTATION_STYLE_ASSIGNMENT((#899));
#901=STYLED_ITEM('',(#900),#898);
#902=CARTESIAN_POINT('',(-9.E-1,-4.E-1,1.E-1));
#903=DIRECTION('',(0.E0,0.E0,1.E0));
#904=DIRECTION('',(-1.E0,0.E0,0.E0));
#905=AXIS2_PLACEMENT_3D('',#902,#903,#904);
#907=CURVE_STYLE('',#11,POSITIVE_LENGTH_MEASURE(2.E-2),#4);
#908=PRESENTATION_STYLE_ASSIGNMENT((#907));
#909=STYLED_ITEM('',(#908),#906);
#910=DIRECTION('',(0.E0,-1.E0,0.E0));
#911=VECTOR('',#910,6.E-1);
#912=CARTESIAN_POINT('',(-9.5E-1,2.E-1,1.E-1));
#913=LINE('',#912,#911);
#914=CURVE_STYLE('',#11,POSITIVE_LENGTH_MEASURE(2.E-2),#4);
#915=PRESENTATION_STYLE_ASSIGNMENT((#914));
#916=STYLED_ITEM('',(#915),#913);
#917=DIRECTION('',(1.E0,0.E0,0.E0));
#918=VECTOR('',#917,4.163745769346E-3);
#919=CARTESIAN_POINT('',(-9.5E-1,2.E-1,1.E-1));
#920=LINE('',#919,#918);
#921=CURVE_STYLE('',#11,POSITIVE_LENGTH_MEASURE(2.E-2),#4);
#922=PRESENTATION_STYLE_ASSIGNMENT((#921));
#923=STYLED_ITEM('',(#922),#920);
#924=CARTESIAN_POINT('',(-9.469646782771E-1,7.623302358692E-1,1.E-1));
#925=CARTESIAN_POINT('',(-9.370776443781E-1,7.367127364677E-1,1.E-1));
#926=CARTESIAN_POINT('',(-9.172190072912E-1,6.885554509071E-1,1.E-1));
#927=CARTESIAN_POINT('',(-8.920447024407E-1,6.242616827266E-1,1.E-1));
#928=CARTESIAN_POINT('',(-8.738486892652E-1,5.650541148822E-1,1.E-1));
#929=CARTESIAN_POINT('',(-8.644102255919E-1,5.116876090879E-1,1.E-1));
#930=CARTESIAN_POINT('',(-8.630433721214E-1,4.607465553749E-1,1.E-1));
#931=CARTESIAN_POINT('',(-8.687444883372E-1,4.059105438444E-1,1.E-1));
#932=CARTESIAN_POINT('',(-8.835313489232E-1,3.434308540276E-1,1.E-1));
#933=CARTESIAN_POINT('',(-9.083755903640E-1,2.751983336119E-1,1.E-1));
#934=CARTESIAN_POINT('',(-9.321287509130E-1,2.256986848445E-1,1.E-1));
#935=CARTESIAN_POINT('',(-9.458362542307E-1,2.E-1,1.E-1));
#937=CURVE_STYLE('',#11,POSITIVE_LENGTH_MEASURE(2.E-2),#4);
#938=PRESENTATION_STYLE_ASSIGNMENT((#937));
#939=STYLED_ITEM('',(#938),#936);
#940=CARTESIAN_POINT('',(-9.398071209769E-1,7.650620089807E-1,1.E-1));
#941=DIRECTION('',(0.E0,0.E0,1.E0));
#942=DIRECTION('',(-9.895529356064E-1,-1.441699956053E-1,0.E0));
#943=AXIS2_PLACEMENT_3D('',#940,#941,#942);
#945=CURVE_STYLE('',#11,POSITIVE_LENGTH_MEASURE(2.E-2),#4);
#946=PRESENTATION_STYLE_ASSIGNMENT((#945));
#947=STYLED_ITEM('',(#946),#944);
#948=DIRECTION('',(7.897948719309E-1,6.133710624668E-1,0.E0));
#949=VECTOR('',#948,3.306891689516E-3);
#950=CARTESIAN_POINT('',(-9.5E-1,7.619291494296E-1,1.E-1));
#951=LINE('',#950,#949);
#952=CURVE_STYLE('',#11,POSITIVE_LENGTH_MEASURE(2.E-2),#4);
#953=PRESENTATION_STYLE_ASSIGNMENT((#952));
#954=STYLED_ITEM('',(#953),#951);
#955=DIRECTION('',(0.E0,-1.E0,0.E0));
#956=VECTOR('',#955,3.807085057039E-2);
#957=CARTESIAN_POINT('',(-9.5E-1,8.E-1,1.E-1));
#958=LINE('',#957,#956);
#959=CURVE_STYLE('',#11,POSITIVE_LENGTH_MEASURE(2.E-2),#4);
#960=PRESENTATION_STYLE_ASSIGNMENT((#959));
#961=STYLED_ITEM('',(#960),#958);
#962=CARTESIAN_POINT('',(-7.E-1,8.E-1,1.E-1));
#963=DIRECTION('',(0.E0,0.E0,1.E0));
#964=DIRECTION('',(0.E0,1.E0,0.E0));
#965=AXIS2_PLACEMENT_3D('',#962,#963,#964);
#967=CURVE_STYLE('',#11,POSITIVE_LENGTH_MEASURE(2.E-2),#4);
#968=PRESENTATION_STYLE_ASSIGNMENT((#967));
#969=STYLED_ITEM('',(#968),#966);
#970=DIRECTION('',(-1.E0,0.E0,0.E0));
#971=VECTOR('',#970,3.705E-1);
#972=CARTESIAN_POINT('',(-3.295E-1,1.05E0,1.E-1));
#973=LINE('',#972,#971);
#974=CURVE_STYLE('',#11,POSITIVE_LENGTH_MEASURE(2.E-2),#4);
#975=PRESENTATION_STYLE_ASSIGNMENT((#974));
#976=STYLED_ITEM('',(#975),#973);
#977=DIRECTION('',(0.E0,1.E0,0.E0));
#978=VECTOR('',#977,1.2E0);
#979=CARTESIAN_POINT('',(-3.295E-1,-4.E-1,1.E-1));
#980=LINE('',#979,#978);
#981=CURVE_STYLE('',#11,POSITIVE_LENGTH_MEASURE(2.E-2),#4);
#982=PRESENTATION_STYLE_ASSIGNMENT((#981));
#983=STYLED_ITEM('',(#982),#980);
#984=CARTESIAN_POINT('',(-3.795E-1,-4.E-1,1.E-1));
#985=DIRECTION('',(0.E0,0.E0,1.E0));
#986=DIRECTION('',(0.E0,-1.E0,0.E0));
#987=AXIS2_PLACEMENT_3D('',#984,#985,#986);
#989=CURVE_STYLE('',#11,POSITIVE_LENGTH_MEASURE(2.E-2),#4);
#990=PRESENTATION_STYLE_ASSIGNMENT((#989));
#991=STYLED_ITEM('',(#990),#988);
#992=DIRECTION('',(1.E0,0.E0,0.E0));
#993=VECTOR('',#992,1.5E-1);
#994=CARTESIAN_POINT('',(-5.295E-1,-4.5E-1,1.E-1));
#995=LINE('',#994,#993);
#996=CURVE_STYLE('',#11,POSITIVE_LENGTH_MEASURE(2.E-2),#4);
#997=PRESENTATION_STYLE_ASSIGNMENT((#996));
#998=STYLED_ITEM('',(#997),#995);
#999=DIRECTION('',(1.E0,0.E0,0.E0));
#1000=VECTOR('',#999,2.E-1);
#1001=CARTESIAN_POINT('',(-5.295E-1,-6.E-1,1.E-1));
#1002=LINE('',#1001,#1000);
#1003=CURVE_STYLE('',#11,POSITIVE_LENGTH_MEASURE(2.E-2),#4);
#1004=PRESENTATION_STYLE_ASSIGNMENT((#1003));
#1005=STYLED_ITEM('',(#1004),#1002);
#1006=DIRECTION('',(-1.E0,0.E0,0.E0));
#1007=VECTOR('',#1006,6.59E-1);
#1008=CARTESIAN_POINT('',(3.295E-1,-6.E-1,1.E-1));
#1009=LINE('',#1008,#1007);
#1010=CURVE_STYLE('',#11,POSITIVE_LENGTH_MEASURE(2.E-2),#4);
#1011=PRESENTATION_STYLE_ASSIGNMENT((#1010));
#1012=STYLED_ITEM('',(#1011),#1009);
#1013=DIRECTION('',(-1.E0,0.E0,0.E0));
#1014=VECTOR('',#1013,2.E-1);
#1015=CARTESIAN_POINT('',(5.295E-1,-6.E-1,1.E-1));
#1016=LINE('',#1015,#1014);
#1017=CURVE_STYLE('',#11,POSITIVE_LENGTH_MEASURE(2.E-2),#4);
#1018=PRESENTATION_STYLE_ASSIGNMENT((#1017));
#1019=STYLED_ITEM('',(#1018),#1016);
#1020=DIRECTION('',(-1.E0,0.E0,0.E0));
#1021=VECTOR('',#1020,1.5E-1);
#1022=CARTESIAN_POINT('',(5.295E-1,-4.5E-1,1.E-1));
#1023=LINE('',#1022,#1021);
#1024=CURVE_STYLE('',#11,POSITIVE_LENGTH_MEASURE(2.E-2),#4);
#1025=PRESENTATION_STYLE_ASSIGNMENT((#1024));
#1026=STYLED_ITEM('',(#1025),#1023);
#1027=CARTESIAN_POINT('',(3.795E-1,-4.E-1,1.E-1));
#1028=DIRECTION('',(0.E0,0.E0,1.E0));
#1029=DIRECTION('',(-1.E0,0.E0,0.E0));
#1030=AXIS2_PLACEMENT_3D('',#1027,#1028,#1029);
#1032=CURVE_STYLE('',#11,POSITIVE_LENGTH_MEASURE(2.E-2),#4);
#1033=PRESENTATION_STYLE_ASSIGNMENT((#1032));
#1034=STYLED_ITEM('',(#1033),#1031);
#1035=DIRECTION('',(0.E0,-1.E0,0.E0));
#1036=VECTOR('',#1035,1.45E0);
#1037=CARTESIAN_POINT('',(3.295E-1,1.05E0,1.E-1));
#1038=LINE('',#1037,#1036);
#1039=CURVE_STYLE('',#11,POSITIVE_LENGTH_MEASURE(2.E-2),#4);
#1040=PRESENTATION_STYLE_ASSIGNMENT((#1039));
#1041=STYLED_ITEM('',(#1040),#1038);
#1042=DIRECTION('',(-1.E0,0.E0,0.E0));
#1043=VECTOR('',#1042,3.705E-1);
#1044=CARTESIAN_POINT('',(7.E-1,1.05E0,1.E-1));
#1045=LINE('',#1044,#1043);
#1046=CURVE_STYLE('',#11,POSITIVE_LENGTH_MEASURE(2.E-2),#4);
#1047=PRESENTATION_STYLE_ASSIGNMENT((#1046));
#1048=STYLED_ITEM('',(#1047),#1045);
#1049=CARTESIAN_POINT('',(7.E-1,8.E-1,1.E-1));
#1050=DIRECTION('',(0.E0,0.E0,1.E0));
#1051=DIRECTION('',(1.E0,0.E0,0.E0));
#1052=AXIS2_PLACEMENT_3D('',#1049,#1050,#1051);
#1054=CURVE_STYLE('',#11,POSITIVE_LENGTH_MEASURE(2.E-2),#4);
#1055=PRESENTATION_STYLE_ASSIGNMENT((#1054));
#1056=STYLED_ITEM('',(#1055),#1053);
#1057=DIRECTION('',(0.E0,1.E0,0.E0));
#1058=VECTOR('',#1057,3.807085057039E-2);
#1059=CARTESIAN_POINT('',(9.5E-1,7.619291494296E-1,1.E-1));
#1060=LINE('',#1059,#1058);
#1061=CURVE_STYLE('',#11,POSITIVE_LENGTH_MEASURE(2.E-2),#4);
#1062=PRESENTATION_STYLE_ASSIGNMENT((#1061));
#1063=STYLED_ITEM('',(#1062),#1060);
#1064=DIRECTION('',(-7.897948719308E-1,6.133710624669E-1,0.E0));
#1065=VECTOR('',#1064,3.306891689516E-3);
#1066=CARTESIAN_POINT('',(9.5E-1,7.619291494296E-1,1.E-1));
#1067=LINE('',#1066,#1065);
#1068=CURVE_STYLE('',#11,POSITIVE_LENGTH_MEASURE(2.E-2),#4);
#1069=PRESENTATION_STYLE_ASSIGNMENT((#1068));
#1070=STYLED_ITEM('',(#1069),#1067);
#1071=DIRECTION('',(0.E0,0.E0,-1.E0));
#1072=VECTOR('',#1071,1.E-1);
#1073=CARTESIAN_POINT('',(9.473882339016E-1,7.639575010987E-1,1.E-1));
#1074=LINE('',#1073,#1072);
#1075=CURVE_STYLE('',#11,POSITIVE_LENGTH_MEASURE(2.E-2),#4);
#1076=PRESENTATION_STYLE_ASSIGNMENT((#1075));
#1077=STYLED_ITEM('',(#1076),#1074);
#1078=DIRECTION('',(0.E0,0.E0,-1.E0));
#1079=VECTOR('',#1078,1.E-1);
#1080=CARTESIAN_POINT('',(9.5E-1,7.619291494296E-1,1.E-1));
#1081=LINE('',#1080,#1079);
#1082=CURVE_STYLE('',#11,POSITIVE_LENGTH_MEASURE(2.E-2),#4);
#1083=PRESENTATION_STYLE_ASSIGNMENT((#1082));
#1084=STYLED_ITEM('',(#1083),#1081);
#1085=DIRECTION('',(0.E0,0.E0,1.E0));
#1086=VECTOR('',#1085,1.E-1);
#1087=CARTESIAN_POINT('',(9.5E-1,8.E-1,0.E0));
#1088=LINE('',#1087,#1086);
#1089=CURVE_STYLE('',#11,POSITIVE_LENGTH_MEASURE(2.E-2),#4);
#1090=PRESENTATION_STYLE_ASSIGNMENT((#1089));
#1091=STYLED_ITEM('',(#1090),#1088);
#1092=DIRECTION('',(0.E0,0.E0,1.E0));
#1093=VECTOR('',#1092,1.E-1);
#1094=CARTESIAN_POINT('',(7.E-1,1.05E0,0.E0));
#1095=LINE('',#1094,#1093);
#1096=CURVE_STYLE('',#11,POSITIVE_LENGTH_MEASURE(2.E-2),#4);
#1097=PRESENTATION_STYLE_ASSIGNMENT((#1096));
#1098=STYLED_ITEM('',(#1097),#1095);
#1099=DIRECTION('',(0.E0,0.E0,-1.E0));
#1100=VECTOR('',#1099,1.E-1);
#1101=CARTESIAN_POINT('',(3.295E-1,1.05E0,1.E-1));
#1102=LINE('',#1101,#1100);
#1103=CURVE_STYLE('',#11,POSITIVE_LENGTH_MEASURE(2.E-2),#4);
#1104=PRESENTATION_STYLE_ASSIGNMENT((#1103));
#1105=STYLED_ITEM('',(#1104),#1102);
#1106=DIRECTION('',(0.E0,0.E0,1.E0));
#1107=VECTOR('',#1106,1.E-1);
#1108=CARTESIAN_POINT('',(3.295E-1,-4.E-1,0.E0));
#1109=LINE('',#1108,#1107);
#1110=CURVE_STYLE('',#11,POSITIVE_LENGTH_MEASURE(2.E-2),#4);
#1111=PRESENTATION_STYLE_ASSIGNMENT((#1110));
#1112=STYLED_ITEM('',(#1111),#1109);
#1113=DIRECTION('',(0.E0,0.E0,1.E0));
#1114=VECTOR('',#1113,1.E-1);
#1115=CARTESIAN_POINT('',(3.795E-1,-4.5E-1,0.E0));
#1116=LINE('',#1115,#1114);
#1117=CURVE_STYLE('',#11,POSITIVE_LENGTH_MEASURE(2.E-2),#4);
#1118=PRESENTATION_STYLE_ASSIGNMENT((#1117));
#1119=STYLED_ITEM('',(#1118),#1116);
#1120=DIRECTION('',(0.E0,0.E0,-1.E0));
#1121=VECTOR('',#1120,1.E-1);
#1122=CARTESIAN_POINT('',(5.295E-1,-4.5E-1,1.E-1));
#1123=LINE('',#1122,#1121);
#1124=CURVE_STYLE('',#11,POSITIVE_LENGTH_MEASURE(2.E-2),#4);
#1125=PRESENTATION_STYLE_ASSIGNMENT((#1124));
#1126=STYLED_ITEM('',(#1125),#1123);
#1127=CARTESIAN_POINT('',(5.295E-1,-4.5E-1,2.E-1));
#1128=DIRECTION('',(0.E0,1.E0,0.E0));
#1129=DIRECTION('',(0.E0,0.E0,-1.E0));
#1130=AXIS2_PLACEMENT_3D('',#1127,#1128,#1129);
#1132=CURVE_STYLE('',#11,POSITIVE_LENGTH_MEASURE(2.E-2),#4);
#1133=PRESENTATION_STYLE_ASSIGNMENT((#1132));
#1134=STYLED_ITEM('',(#1133),#1131);
#1135=CARTESIAN_POINT('',(5.295E-1,-4.5E-1,2.E-1));
#1136=DIRECTION('',(0.E0,1.E0,0.E0));
#1137=DIRECTION('',(0.E0,0.E0,-1.E0));
#1138=AXIS2_PLACEMENT_3D('',#1135,#1136,#1137);
#1140=CURVE_STYLE('',#11,POSITIVE_LENGTH_MEASURE(2.E-2),#4);
#1141=PRESENTATION_STYLE_ASSIGNMENT((#1140));
#1142=STYLED_ITEM('',(#1141),#1139);
#1143=DIRECTION('',(0.E0,-1.E0,0.E0));
#1144=VECTOR('',#1143,1.5E-1);
#1145=CARTESIAN_POINT('',(5.295E-1,-4.5E-1,0.E0));
#1146=LINE('',#1145,#1144);
#1147=CURVE_STYLE('',#11,POSITIVE_LENGTH_MEASURE(2.E-2),#4);
#1148=PRESENTATION_STYLE_ASSIGNMENT((#1147));
#1149=STYLED_ITEM('',(#1148),#1146);
#1150=CARTESIAN_POINT('',(5.295E-1,-4.5E-1,2.E-1));
#1151=DIRECTION('',(0.E0,1.E0,0.E0));
#1152=DIRECTION('',(-9.985261580119E-1,0.E0,-5.427256918640E-2));
#1153=AXIS2_PLACEMENT_3D('',#1150,#1151,#1152);
#1155=CURVE_STYLE('',#11,POSITIVE_LENGTH_MEASURE(2.E-2),#4);
#1156=PRESENTATION_STYLE_ASSIGNMENT((#1155));
#1157=STYLED_ITEM('',(#1156),#1154);
#1158=DIRECTION('',(9.985261580119E-1,0.E0,5.427256918640E-2));
#1159=VECTOR('',#1158,1.E-1);
#1160=CARTESIAN_POINT('',(3.297947683976E-1,-4.5E-1,1.891454861627E-1));
#1161=LINE('',#1160,#1159);
#1162=CURVE_STYLE('',#11,POSITIVE_LENGTH_MEASURE(2.E-2),#4);
#1163=PRESENTATION_STYLE_ASSIGNMENT((#1162));
#1164=STYLED_ITEM('',(#1163),#1161);
#1165=CARTESIAN_POINT('',(5.295E-1,-4.5E-1,2.E-1));
#1166=DIRECTION('',(0.E0,1.E0,0.E0));
#1167=DIRECTION('',(-9.985261580119E-1,0.E0,-5.427256918640E-2));
#1168=AXIS2_PLACEMENT_3D('',#1165,#1166,#1167);
#1170=CURVE_STYLE('',#11,POSITIVE_LENGTH_MEASURE(2.E-2),#4);
#1171=PRESENTATION_STYLE_ASSIGNMENT((#1170));
#1172=STYLED_ITEM('',(#1171),#1169);
#1173=DIRECTION('',(0.E0,-1.E0,0.E0));
#1174=VECTOR('',#1173,1.5E-1);
#1175=CARTESIAN_POINT('',(5.295E-1,-4.5E-1,1.E-1));
#1176=LINE('',#1175,#1174);
#1177=CURVE_STYLE('',#11,POSITIVE_LENGTH_MEASURE(2.E-2),#4);
#1178=PRESENTATION_STYLE_ASSIGNMENT((#1177));
#1179=STYLED_ITEM('',(#1178),#1176);
#1180=CARTESIAN_POINT('',(5.295E-1,-6.E-1,2.E-1));
#1181=DIRECTION('',(0.E0,1.E0,0.E0));
#1182=DIRECTION('',(0.E0,0.E0,-1.E0));
#1183=AXIS2_PLACEMENT_3D('',#1180,#1181,#1182);
#1185=CURVE_STYLE('',#11,POSITIVE_LENGTH_MEASURE(2.E-2),#4);
#1186=PRESENTATION_STYLE_ASSIGNMENT((#1185));
#1187=STYLED_ITEM('',(#1186),#1184);
#1188=DIRECTION('',(9.985261580119E-1,0.E0,5.427256918640E-2));
#1189=VECTOR('',#1188,1.E-1);
#1190=CARTESIAN_POINT('',(3.297947683976E-1,-6.E-1,1.891454861627E-1));
#1191=LINE('',#1190,#1189);
#1192=CURVE_STYLE('',#11,POSITIVE_LENGTH_MEASURE(2.E-2),#4);
#1193=PRESENTATION_STYLE_ASSIGNMENT((#1192));
#1194=STYLED_ITEM('',(#1193),#1191);
#1195=CARTESIAN_POINT('',(5.295E-1,-6.E-1,2.E-1));
#1196=DIRECTION('',(0.E0,1.E0,0.E0));
#1197=DIRECTION('',(0.E0,0.E0,-1.E0));
#1198=AXIS2_PLACEMENT_3D('',#1195,#1196,#1197);
#1200=CURVE_STYLE('',#11,POSITIVE_LENGTH_MEASURE(2.E-2),#4);
#1201=PRESENTATION_STYLE_ASSIGNMENT((#1200));
#1202=STYLED_ITEM('',(#1201),#1199);
#1203=DIRECTION('',(0.E0,0.E0,-1.E0));
#1204=VECTOR('',#1203,1.E-1);
#1205=CARTESIAN_POINT('',(5.295E-1,-6.E-1,1.E-1));
#1206=LINE('',#1205,#1204);
#1207=CURVE_STYLE('',#11,POSITIVE_LENGTH_MEASURE(2.E-2),#4);
#1208=PRESENTATION_STYLE_ASSIGNMENT((#1207));
#1209=STYLED_ITEM('',(#1208),#1206);
#1210=CARTESIAN_POINT('',(5.295E-1,-6.E-1,2.E-1));
#1211=DIRECTION('',(0.E0,1.E0,0.E0));
#1212=DIRECTION('',(-9.985261580119E-1,0.E0,-5.427256918640E-2));
#1213=AXIS2_PLACEMENT_3D('',#1210,#1211,#1212);
#1215=CURVE_STYLE('',#11,POSITIVE_LENGTH_MEASURE(2.E-2),#4);
#1216=PRESENTATION_STYLE_ASSIGNMENT((#1215));
#1217=STYLED_ITEM('',(#1216),#1214);
#1218=DIRECTION('',(1.E0,0.E0,0.E0));
#1219=VECTOR('',#1218,1.E-1);
#1220=CARTESIAN_POINT('',(3.295E-1,-6.E-1,2.E-1));
#1221=LINE('',#1220,#1219);
#1222=CURVE_STYLE('',#11,POSITIVE_LENGTH_MEASURE(2.E-2),#4);
#1223=PRESENTATION_STYLE_ASSIGNMENT((#1222));
#1224=STYLED_ITEM('',(#1223),#1221);
#1225=CARTESIAN_POINT('',(5.295E-1,-6.E-1,2.E-1));
#1226=DIRECTION('',(0.E0,1.E0,0.E0));
#1227=DIRECTION('',(-9.985261580119E-1,0.E0,-5.427256918640E-2));
#1228=AXIS2_PLACEMENT_3D('',#1225,#1226,#1227);
#1230=CURVE_STYLE('',#11,POSITIVE_LENGTH_MEASURE(2.E-2),#4);
#1231=PRESENTATION_STYLE_ASSIGNMENT((#1230));
#1232=STYLED_ITEM('',(#1231),#1229);
#1233=DIRECTION('',(0.E0,0.E0,1.E0));
#1234=VECTOR('',#1233,3.E-1);
#1235=CARTESIAN_POINT('',(3.295E-1,-6.E-1,2.E-1));
#1236=LINE('',#1235,#1234);
#1237=CURVE_STYLE('',#11,POSITIVE_LENGTH_MEASURE(2.E-2),#4);
#1238=PRESENTATION_STYLE_ASSIGNMENT((#1237));
#1239=STYLED_ITEM('',(#1238),#1236);
#1240=DIRECTION('',(1.E0,0.E0,0.E0));
#1241=VECTOR('',#1240,1.E-1);
#1242=CARTESIAN_POINT('',(3.295E-1,-6.E-1,5.E-1));
#1243=LINE('',#1242,#1241);
#1244=CURVE_STYLE('',#11,POSITIVE_LENGTH_MEASURE(2.E-2),#4);
#1245=PRESENTATION_STYLE_ASSIGNMENT((#1244));
#1246=STYLED_ITEM('',(#1245),#1243);
#1247=DIRECTION('',(0.E0,0.E0,1.E0));
#1248=VECTOR('',#1247,3.E-1);
#1249=CARTESIAN_POINT('',(4.295E-1,-6.E-1,2.E-1));
#1250=LINE('',#1249,#1248);
#1251=CURVE_STYLE('',#11,POSITIVE_LENGTH_MEASURE(2.E-2),#4);
#1252=PRESENTATION_STYLE_ASSIGNMENT((#1251));
#1253=STYLED_ITEM('',(#1252),#1250);
#1254=DIRECTION('',(0.E0,-1.E0,0.E0));
#1255=VECTOR('',#1254,1.377674759699E-1);
#1256=CARTESIAN_POINT('',(3.295E-1,-4.622325240301E-1,2.E-1));
#1257=LINE('',#1256,#1255);
#1258=CURVE_STYLE('',#11,POSITIVE_LENGTH_MEASURE(2.E-2),#4);
#1259=PRESENTATION_STYLE_ASSIGNMENT((#1258));
#1260=STYLED_ITEM('',(#1259),#1257);
#1261=DIRECTION('',(0.E0,0.E0,1.E0));
#1262=VECTOR('',#1261,3.E-1);
#1263=CARTESIAN_POINT('',(3.309907696717E-1,-4.378586553491E-1,2.E-1));
#1264=LINE('',#1263,#1262);
#1265=CURVE_STYLE('',#11,POSITIVE_LENGTH_MEASURE(2.E-2),#4);
#1266=PRESENTATION_STYLE_ASSIGNMENT((#1265));
#1267=STYLED_ITEM('',(#1266),#1264);
#1268=CARTESIAN_POINT('',(5.295E-1,-4.622325240301E-1,5.E-1));
#1269=DIRECTION('',(0.E0,0.E0,1.E0));
#1270=DIRECTION('',(-9.925461516413E-1,1.218693434051E-1,0.E0));
#1271=AXIS2_PLACEMENT_3D('',#1268,#1269,#1270);
#1273=CURVE_STYLE('',#11,POSITIVE_LENGTH_MEASURE(2.E-2),#4);
#1274=PRESENTATION_STYLE_ASSIGNMENT((#1273));
#1275=STYLED_ITEM('',(#1274),#1272);
#1276=DIRECTION('',(0.E0,0.E0,1.E0));
#1277=VECTOR('',#1276,3.E-1);
#1278=CARTESIAN_POINT('',(3.295E-1,-4.622325240301E-1,2.E-1));
#1279=LINE('',#1278,#1277);
#1280=CURVE_STYLE('',#11,POSITIVE_LENGTH_MEASURE(2.E-2),#4);
#1281=PRESENTATION_STYLE_ASSIGNMENT((#1280));
#1282=STYLED_ITEM('',(#1281),#1279);
#1283=CARTESIAN_POINT('',(5.295E-1,-4.622325240301E-1,2.E-1));
#1284=DIRECTION('',(0.E0,0.E0,1.E0));
#1285=DIRECTION('',(-9.956981474812E-1,9.265634949944E-2,0.E0));
#1286=AXIS2_PLACEMENT_3D('',#1283,#1284,#1285);
#1288=CURVE_STYLE('',#11,POSITIVE_LENGTH_MEASURE(2.E-2),#4);
#1289=PRESENTATION_STYLE_ASSIGNMENT((#1288));
#1290=STYLED_ITEM('',(#1289),#1287);
#1291=CARTESIAN_POINT('',(5.295E-1,-4.622325240301E-1,2.E-1));
#1292=DIRECTION('',(0.E0,0.E0,1.E0));
#1293=DIRECTION('',(-9.925461516413E-1,1.218693434051E-1,0.E0));
#1294=AXIS2_PLACEMENT_3D('',#1291,#1292,#1293);
#1296=CURVE_STYLE('',#11,POSITIVE_LENGTH_MEASURE(2.E-2),#4);
#1297=PRESENTATION_STYLE_ASSIGNMENT((#1296));
#1298=STYLED_ITEM('',(#1297),#1295);
#1299=DIRECTION('',(1.218693434051E-1,9.925461516413E-1,0.E0));
#1300=VECTOR('',#1299,9.814369764524E-1);
#1301=CARTESIAN_POINT('',(3.309907696717E-1,-4.378586553491E-1,5.E-1));
#1302=LINE('',#1301,#1300);
#1303=CURVE_STYLE('',#11,POSITIVE_LENGTH_MEASURE(2.E-2),#4);
#1304=PRESENTATION_STYLE_ASSIGNMENT((#1303));
#1305=STYLED_ITEM('',(#1304),#1302);
#1306=DIRECTION('',(-1.218693434051E-1,-9.925461516413E-1,0.E0));
#1307=VECTOR('',#1306,9.814369764524E-1);
#1308=CARTESIAN_POINT('',(4.505978495855E-1,5.362628387073E-1,2.E-1));
#1309=LINE('',#1308,#1307);
#1310=CURVE_STYLE('',#11,POSITIVE_LENGTH_MEASURE(2.E-2),#4);
#1311=PRESENTATION_STYLE_ASSIGNMENT((#1310));
#1312=STYLED_ITEM('',(#1311),#1309);
#1313=DIRECTION('',(-9.925461516413E-1,1.218693434051E-1,0.E0));
#1314=VECTOR('',#1313,1.E-1);
#1315=CARTESIAN_POINT('',(5.498524647497E-1,5.240759043668E-1,5.E-1));
#1316=LINE('',#1315,#1314);
#1317=CURVE_STYLE('',#11,POSITIVE_LENGTH_MEASURE(2.E-2),#4);
#1318=PRESENTATION_STYLE_ASSIGNMENT((#1317));
#1319=STYLED_ITEM('',(#1318),#1316);
#1320=DIRECTION('',(0.E0,0.E0,-1.E0));
#1321=VECTOR('',#1320,3.E-1);
#1322=CARTESIAN_POINT('',(5.493968481697E-1,5.762843932398E-1,5.E-1));
#1323=LINE('',#1322,#1321);
#1324=CURVE_STYLE('',#11,POSITIVE_LENGTH_MEASURE(2.E-2),#4);
#1325=PRESENTATION_STYLE_ASSIGNMENT((#1324));
#1326=STYLED_ITEM('',(#1325),#1323);
#1327=CARTESIAN_POINT('',(3.513432344214E-1,5.484497730478E-1,2.E-1));
#1328=DIRECTION('',(0.E0,0.E0,-1.E0));
#1329=DIRECTION('',(9.902680687416E-1,1.391731009601E-1,0.E0));
#1330=AXIS2_PLACEMENT_3D('',#1327,#1328,#1329);
#1332=CURVE_STYLE('',#11,POSITIVE_LENGTH_MEASURE(2.E-2),#4);
#1333=PRESENTATION_STYLE_ASSIGNMENT((#1332));
#1334=STYLED_ITEM('',(#1333),#1331);
#1335=DIRECTION('',(0.E0,0.E0,-1.E0));
#1336=VECTOR('',#1335,3.E-1);
#1337=CARTESIAN_POINT('',(5.498524647497E-1,5.240759043668E-1,5.E-1));
#1338=LINE('',#1337,#1336);
#1339=CURVE_STYLE('',#11,POSITIVE_LENGTH_MEASURE(2.E-2),#4);
#1340=PRESENTATION_STYLE_ASSIGNMENT((#1339));
#1341=STYLED_ITEM('',(#1340),#1338);
#1342=CARTESIAN_POINT('',(3.513432344214E-1,5.484497730478E-1,5.E-1));
#1343=DIRECTION('',(0.E0,0.E0,-1.E0));
#1344=DIRECTION('',(9.902680687416E-1,1.391731009601E-1,0.E0));
#1345=AXIS2_PLACEMENT_3D('',#1342,#1343,#1344);
#1347=CURVE_STYLE('',#11,POSITIVE_LENGTH_MEASURE(2.E-2),#4);
#1348=PRESENTATION_STYLE_ASSIGNMENT((#1347));
#1349=STYLED_ITEM('',(#1348),#1346);
#1350=DIRECTION('',(-1.391731009601E-1,9.902680687416E-1,0.E0));
#1351=VECTOR('',#1350,3.736695004825E-1);
#1352=CARTESIAN_POINT('',(5.493968481697E-1,5.762843932398E-1,2.E-1));
#1353=LINE('',#1352,#1351);
#1354=CURVE_STYLE('',#11,POSITIVE_LENGTH_MEASURE(2.E-2),#4);
#1355=PRESENTATION_STYLE_ASSIGNMENT((#1354));
#1356=STYLED_ITEM('',(#1355),#1353);
#1357=DIRECTION('',(1.391731009601E-1,-9.902680687416E-1,0.E0));
#1358=VECTOR('',#1357,3.736695004825E-1);
#1359=CARTESIAN_POINT('',(4.973921050534E-1,9.463173678303E-1,5.E-1));
#1360=LINE('',#1359,#1358);
#1361=CURVE_STYLE('',#11,POSITIVE_LENGTH_MEASURE(2.E-2),#4);
#1362=PRESENTATION_STYLE_ASSIGNMENT((#1361));
#1363=STYLED_ITEM('',(#1362),#1360);
#1364=DIRECTION('',(0.E0,0.E0,1.E0));
#1365=VECTOR('',#1364,3.E-1);
#1366=CARTESIAN_POINT('',(4.973921050534E-1,9.463173678303E-1,2.E-1));
#1367=LINE('',#1366,#1365);
#1368=CURVE_STYLE('',#11,POSITIVE_LENGTH_MEASURE(2.E-2),#4);
#1369=PRESENTATION_STYLE_ASSIGNMENT((#1368));
#1370=STYLED_ITEM('',(#1369),#1367);
#1371=DIRECTION('',(-9.902680687416E-1,-1.391731009601E-1,0.E0));
#1372=VECTOR('',#1371,1.E-1);
#1373=CARTESIAN_POINT('',(4.973921050534E-1,9.463173678303E-1,2.E-1));
#1374=LINE('',#1373,#1372);
#1375=CURVE_STYLE('',#11,POSITIVE_LENGTH_MEASURE(2.E-2),#4);
#1376=PRESENTATION_STYLE_ASSIGNMENT((#1375));
#1377=STYLED_ITEM('',(#1376),#1374);
#1378=DIRECTION('',(-9.902680687416E-1,-1.391731009601E-1,0.E0));
#1379=VECTOR('',#1378,1.E-1);
#1380=CARTESIAN_POINT('',(4.973921050534E-1,9.463173678303E-1,5.E-1));
#1381=LINE('',#1380,#1379);
#1382=CURVE_STYLE('',#11,POSITIVE_LENGTH_MEASURE(2.E-2),#4);
#1383=PRESENTATION_STYLE_ASSIGNMENT((#1382));
#1384=STYLED_ITEM('',(#1383),#1381);
#1385=DIRECTION('',(-9.902680687416E-1,-1.391731009601E-1,0.E0));
#1386=VECTOR('',#1385,1.E-1);
#1387=CARTESIAN_POINT('',(5.493968481697E-1,5.762843932398E-1,5.E-1));
#1388=LINE('',#1387,#1386);
#1389=CURVE_STYLE('',#11,POSITIVE_LENGTH_MEASURE(2.E-2),#4);
#1390=PRESENTATION_STYLE_ASSIGNMENT((#1389));
#1391=STYLED_ITEM('',(#1390),#1388);
#1392=DIRECTION('',(-1.391731009601E-1,9.902680687416E-1,0.E0));
#1393=VECTOR('',#1392,3.736695004825E-1);
#1394=CARTESIAN_POINT('',(4.503700412956E-1,5.623670831438E-1,2.E-1));
#1395=LINE('',#1394,#1393);
#1396=CURVE_STYLE('',#11,POSITIVE_LENGTH_MEASURE(2.E-2),#4);
#1397=PRESENTATION_STYLE_ASSIGNMENT((#1396));
#1398=STYLED_ITEM('',(#1397),#1395);
#1399=DIRECTION('',(0.E0,0.E0,1.E0));
#1400=VECTOR('',#1399,3.E-1);
#1401=CARTESIAN_POINT('',(3.983652981792E-1,9.324000577343E-1,2.E-1));
#1402=LINE('',#1401,#1400);
#1403=CURVE_STYLE('',#11,POSITIVE_LENGTH_MEASURE(2.E-2),#4);
#1404=PRESENTATION_STYLE_ASSIGNMENT((#1403));
#1405=STYLED_ITEM('',(#1404),#1402);
#1406=DIRECTION('',(1.391731009601E-1,-9.902680687416E-1,0.E0));
#1407=VECTOR('',#1406,3.736695004825E-1);
#1408=CARTESIAN_POINT('',(3.983652981792E-1,9.324000577343E-1,5.E-1));
#1409=LINE('',#1408,#1407);
#1410=CURVE_STYLE('',#11,POSITIVE_LENGTH_MEASURE(2.E-2),#4);
#1411=PRESENTATION_STYLE_ASSIGNMENT((#1410));
#1412=STYLED_ITEM('',(#1411),#1409);
#1413=DIRECTION('',(0.E0,0.E0,-1.E0));
#1414=VECTOR('',#1413,3.E-1);
#1415=CARTESIAN_POINT('',(4.503700412956E-1,5.623670831438E-1,5.E-1));
#1416=LINE('',#1415,#1414);
#1417=CURVE_STYLE('',#11,POSITIVE_LENGTH_MEASURE(2.E-2),#4);
#1418=PRESENTATION_STYLE_ASSIGNMENT((#1417));
#1419=STYLED_ITEM('',(#1418),#1416);
#1420=CARTESIAN_POINT('',(3.513432344214E-1,5.484497730478E-1,5.E-1));
#1421=DIRECTION('',(0.E0,0.E0,-1.E0));
#1422=DIRECTION('',(9.902680687416E-1,1.391731009601E-1,0.E0));
#1423=AXIS2_PLACEMENT_3D('',#1420,#1421,#1422);
#1425=CURVE_STYLE('',#11,POSITIVE_LENGTH_MEASURE(2.E-2),#4);
#1426=PRESENTATION_STYLE_ASSIGNMENT((#1425));
#1427=STYLED_ITEM('',(#1426),#1424);
#1428=DIRECTION('',(0.E0,0.E0,-1.E0));
#1429=VECTOR('',#1428,3.E-1);
#1430=CARTESIAN_POINT('',(4.505978495855E-1,5.362628387073E-1,5.E-1));
#1431=LINE('',#1430,#1429);
#1432=CURVE_STYLE('',#11,POSITIVE_LENGTH_MEASURE(2.E-2),#4);
#1433=PRESENTATION_STYLE_ASSIGNMENT((#1432));
#1434=STYLED_ITEM('',(#1433),#1431);
#1435=CARTESIAN_POINT('',(3.513432344214E-1,5.484497730478E-1,2.E-1));
#1436=DIRECTION('',(0.E0,0.E0,-1.E0));
#1437=DIRECTION('',(9.902680687416E-1,1.391731009601E-1,0.E0));
#1438=AXIS2_PLACEMENT_3D('',#1435,#1436,#1437);
#1440=CURVE_STYLE('',#11,POSITIVE_LENGTH_MEASURE(2.E-2),#4);
#1441=PRESENTATION_STYLE_ASSIGNMENT((#1440));
#1442=STYLED_ITEM('',(#1441),#1439);
#1443=DIRECTION('',(-9.902680687416E-1,-1.391731009601E-1,0.E0));
#1444=VECTOR('',#1443,1.E-1);
#1445=CARTESIAN_POINT('',(5.493968481697E-1,5.762843932398E-1,2.E-1));
#1446=LINE('',#1445,#1444);
#1447=CURVE_STYLE('',#11,POSITIVE_LENGTH_MEASURE(2.E-2),#4);
#1448=PRESENTATION_STYLE_ASSIGNMENT((#1447));
#1449=STYLED_ITEM('',(#1448),#1446);
#1450=DIRECTION('',(9.925461516413E-1,-1.218693434051E-1,0.E0));
#1451=VECTOR('',#1450,1.E-1);
#1452=CARTESIAN_POINT('',(3.309907696717E-1,-4.378586553491E-1,2.E-1));
#1453=LINE('',#1452,#1451);
#1454=CURVE_STYLE('',#11,POSITIVE_LENGTH_MEASURE(2.E-2),#4);
#1455=PRESENTATION_STYLE_ASSIGNMENT((#1454));
#1456=STYLED_ITEM('',(#1455),#1453);
#1457=DIRECTION('',(-9.925461516413E-1,1.218693434051E-1,0.E0));
#1458=VECTOR('',#1457,1.E-1);
#1459=CARTESIAN_POINT('',(5.498524647497E-1,5.240759043668E-1,2.E-1));
#1460=LINE('',#1459,#1458);
#1461=CURVE_STYLE('',#11,POSITIVE_LENGTH_MEASURE(2.E-2),#4);
#1462=PRESENTATION_STYLE_ASSIGNMENT((#1461));
#1463=STYLED_ITEM('',(#1462),#1460);
#1464=DIRECTION('',(9.956981474812E-1,-9.265634949944E-2,0.E0));
#1465=VECTOR('',#1464,1.E-1);
#1466=CARTESIAN_POINT('',(3.303603705038E-1,-4.437012541302E-1,2.E-1));
#1467=LINE('',#1466,#1465);
#1468=CURVE_STYLE('',#11,POSITIVE_LENGTH_MEASURE(2.E-2),#4);
#1469=PRESENTATION_STYLE_ASSIGNMENT((#1468));
#1470=STYLED_ITEM('',(#1469),#1467);
#1471=DIRECTION('',(1.E0,0.E0,0.E0));
#1472=VECTOR('',#1471,1.E-1);
#1473=CARTESIAN_POINT('',(3.295E-1,-4.622325240301E-1,2.E-1));
#1474=LINE('',#1473,#1472);
#1475=CURVE_STYLE('',#11,POSITIVE_LENGTH_MEASURE(2.E-2),#4);
#1476=PRESENTATION_STYLE_ASSIGNMENT((#1475));
#1477=STYLED_ITEM('',(#1476),#1474);
#1478=DIRECTION('',(0.E0,-1.E0,0.E0));
#1479=VECTOR('',#1478,1.223252403010E-2);
#1480=CARTESIAN_POINT('',(4.295E-1,-4.5E-1,2.E-1));
#1481=LINE('',#1480,#1479);
#1482=CURVE_STYLE('',#11,POSITIVE_LENGTH_MEASURE(2.E-2),#4);
#1483=PRESENTATION_STYLE_ASSIGNMENT((#1482));
#1484=STYLED_ITEM('',(#1483),#1481);
#1485=DIRECTION('',(0.E0,-1.E0,0.E0));
#1486=VECTOR('',#1485,1.223252403010E-2);
#1487=CARTESIAN_POINT('',(3.295E-1,-4.5E-1,2.E-1));
#1488=LINE('',#1487,#1486);
#1489=CURVE_STYLE('',#11,POSITIVE_LENGTH_MEASURE(2.E-2),#4);
#1490=PRESENTATION_STYLE_ASSIGNMENT((#1489));
#1491=STYLED_ITEM('',(#1490),#1488);
#1492=DIRECTION('',(1.E0,0.E0,0.E0));
#1493=VECTOR('',#1492,1.E-1);
#1494=CARTESIAN_POINT('',(3.295E-1,-4.5E-1,2.E-1));
#1495=LINE('',#1494,#1493);
#1496=CURVE_STYLE('',#11,POSITIVE_LENGTH_MEASURE(2.E-2),#4);
#1497=PRESENTATION_STYLE_ASSIGNMENT((#1496));
#1498=STYLED_ITEM('',(#1497),#1495);
#1499=DIRECTION('',(0.E0,0.E0,1.E0));
#1500=VECTOR('',#1499,3.E-1);
#1501=CARTESIAN_POINT('',(4.302453848359E-1,-4.500455896896E-1,2.E-1));
#1502=LINE('',#1501,#1500);
#1503=CURVE_STYLE('',#11,POSITIVE_LENGTH_MEASURE(2.E-2),#4);
#1504=PRESENTATION_STYLE_ASSIGNMENT((#1503));
#1505=STYLED_ITEM('',(#1504),#1502);
#1506=CARTESIAN_POINT('',(5.295E-1,-4.622325240301E-1,2.E-1));
#1507=DIRECTION('',(0.E0,0.E0,1.E0));
#1508=DIRECTION('',(-9.925461516413E-1,1.218693434051E-1,0.E0));
#1509=AXIS2_PLACEMENT_3D('',#1506,#1507,#1508);
#1511=CURVE_STYLE('',#11,POSITIVE_LENGTH_MEASURE(2.E-2),#4);
#1512=PRESENTATION_STYLE_ASSIGNMENT((#1511));
#1513=STYLED_ITEM('',(#1512),#1510);
#1514=CARTESIAN_POINT('',(5.295E-1,-4.622325240301E-1,2.E-1));
#1515=DIRECTION('',(0.E0,0.E0,1.E0));
#1516=DIRECTION('',(-9.956981474812E-1,9.265634949944E-2,0.E0));
#1517=AXIS2_PLACEMENT_3D('',#1514,#1515,#1516);
#1519=CURVE_STYLE('',#11,POSITIVE_LENGTH_MEASURE(2.E-2),#4);
#1520=PRESENTATION_STYLE_ASSIGNMENT((#1519));
#1521=STYLED_ITEM('',(#1520),#1518);
#1522=DIRECTION('',(0.E0,0.E0,1.E0));
#1523=VECTOR('',#1522,3.E-1);
#1524=CARTESIAN_POINT('',(4.295E-1,-4.622325240301E-1,2.E-1));
#1525=LINE('',#1524,#1523);
#1526=CURVE_STYLE('',#11,POSITIVE_LENGTH_MEASURE(2.E-2),#4);
#1527=PRESENTATION_STYLE_ASSIGNMENT((#1526));
#1528=STYLED_ITEM('',(#1527),#1525);
#1529=CARTESIAN_POINT('',(5.295E-1,-4.622325240301E-1,5.E-1));
#1530=DIRECTION('',(0.E0,0.E0,1.E0));
#1531=DIRECTION('',(-9.925461516413E-1,1.218693434051E-1,0.E0));
#1532=AXIS2_PLACEMENT_3D('',#1529,#1530,#1531);
#1534=CURVE_STYLE('',#11,POSITIVE_LENGTH_MEASURE(2.E-2),#4);
#1535=PRESENTATION_STYLE_ASSIGNMENT((#1534));
#1536=STYLED_ITEM('',(#1535),#1533);
#1537=DIRECTION('',(1.218693434051E-1,9.925461516413E-1,0.E0));
#1538=VECTOR('',#1537,9.814369764524E-1);
#1539=CARTESIAN_POINT('',(4.302453848359E-1,-4.500455896896E-1,5.E-1));
#1540=LINE('',#1539,#1538);
#1541=CURVE_STYLE('',#11,POSITIVE_LENGTH_MEASURE(2.E-2),#4);
#1542=PRESENTATION_STYLE_ASSIGNMENT((#1541));
#1543=STYLED_ITEM('',(#1542),#1540);
#1544=DIRECTION('',(-1.218693434051E-1,-9.925461516413E-1,0.E0));
#1545=VECTOR('',#1544,9.814369764524E-1);
#1546=CARTESIAN_POINT('',(5.498524647497E-1,5.240759043668E-1,2.E-1));
#1547=LINE('',#1546,#1545);
#1548=CURVE_STYLE('',#11,POSITIVE_LENGTH_MEASURE(2.E-2),#4);
#1549=PRESENTATION_STYLE_ASSIGNMENT((#1548));
#1550=STYLED_ITEM('',(#1549),#1547);
#1551=DIRECTION('',(0.E0,-1.E0,0.E0));
#1552=VECTOR('',#1551,1.377674759699E-1);
#1553=CARTESIAN_POINT('',(4.295E-1,-4.622325240301E-1,2.E-1));
#1554=LINE('',#1553,#1552);
#1555=CURVE_STYLE('',#11,POSITIVE_LENGTH_MEASURE(2.E-2),#4);
#1556=PRESENTATION_STYLE_ASSIGNMENT((#1555));
#1557=STYLED_ITEM('',(#1556),#1554);
#1558=DIRECTION('',(0.E0,-1.E0,0.E0));
#1559=VECTOR('',#1558,1.377674759699E-1);
#1560=CARTESIAN_POINT('',(3.295E-1,-4.622325240301E-1,5.E-1));
#1561=LINE('',#1560,#1559);
#1562=CURVE_STYLE('',#11,POSITIVE_LENGTH_MEASURE(2.E-2),#4);
#1563=PRESENTATION_STYLE_ASSIGNMENT((#1562));
#1564=STYLED_ITEM('',(#1563),#1561);
#1565=DIRECTION('',(1.E0,0.E0,0.E0));
#1566=VECTOR('',#1565,1.E-1);
#1567=CARTESIAN_POINT('',(3.295E-1,-4.622325240301E-1,5.E-1));
#1568=LINE('',#1567,#1566);
#1569=CURVE_STYLE('',#11,POSITIVE_LENGTH_MEASURE(2.E-2),#4);
#1570=PRESENTATION_STYLE_ASSIGNMENT((#1569));
#1571=STYLED_ITEM('',(#1570),#1568);
#1572=DIRECTION('',(0.E0,-1.E0,0.E0));
#1573=VECTOR('',#1572,1.377674759699E-1);
#1574=CARTESIAN_POINT('',(4.295E-1,-4.622325240301E-1,5.E-1));
#1575=LINE('',#1574,#1573);
#1576=CURVE_STYLE('',#11,POSITIVE_LENGTH_MEASURE(2.E-2),#4);
#1577=PRESENTATION_STYLE_ASSIGNMENT((#1576));
#1578=STYLED_ITEM('',(#1577),#1575);
#1579=DIRECTION('',(9.925461516413E-1,-1.218693434051E-1,0.E0));
#1580=VECTOR('',#1579,1.E-1);
#1581=CARTESIAN_POINT('',(3.309907696717E-1,-4.378586553491E-1,5.E-1));
#1582=LINE('',#1581,#1580);
#1583=CURVE_STYLE('',#11,POSITIVE_LENGTH_MEASURE(2.E-2),#4);
#1584=PRESENTATION_STYLE_ASSIGNMENT((#1583));
#1585=STYLED_ITEM('',(#1584),#1582);
#1586=DIRECTION('',(0.E0,0.E0,-1.E0));
#1587=VECTOR('',#1586,1.E-1);
#1588=CARTESIAN_POINT('',(3.295E-1,-6.E-1,1.E-1));
#1589=LINE('',#1588,#1587);
#1590=CURVE_STYLE('',#11,POSITIVE_LENGTH_MEASURE(2.E-2),#4);
#1591=PRESENTATION_STYLE_ASSIGNMENT((#1590));
#1592=STYLED_ITEM('',(#1591),#1589);
#1593=DIRECTION('',(0.E0,0.E0,-1.E0));
#1594=VECTOR('',#1593,1.E-1);
#1595=CARTESIAN_POINT('',(-3.295E-1,-6.E-1,1.E-1));
#1596=LINE('',#1595,#1594);
#1597=CURVE_STYLE('',#11,POSITIVE_LENGTH_MEASURE(2.E-2),#4);
#1598=PRESENTATION_STYLE_ASSIGNMENT((#1597));
#1599=STYLED_ITEM('',(#1598),#1596);
#1600=DIRECTION('',(0.E0,0.E0,-1.E0));
#1601=VECTOR('',#1600,1.E-1);
#1602=CARTESIAN_POINT('',(-5.295E-1,-6.E-1,1.E-1));
#1603=LINE('',#1602,#1601);
#1604=CURVE_STYLE('',#11,POSITIVE_LENGTH_MEASURE(2.E-2),#4);
#1605=PRESENTATION_STYLE_ASSIGNMENT((#1604));
#1606=STYLED_ITEM('',(#1605),#1603);
#1607=CARTESIAN_POINT('',(-5.295E-1,-6.E-1,2.E-1));
#1608=DIRECTION('',(0.E0,-1.E0,0.E0));
#1609=DIRECTION('',(0.E0,0.E0,-1.E0));
#1610=AXIS2_PLACEMENT_3D('',#1607,#1608,#1609);
#1612=CURVE_STYLE('',#11,POSITIVE_LENGTH_MEASURE(2.E-2),#4);
#1613=PRESENTATION_STYLE_ASSIGNMENT((#1612));
#1614=STYLED_ITEM('',(#1613),#1611);
#1615=CARTESIAN_POINT('',(-5.295E-1,-6.E-1,2.E-1));
#1616=DIRECTION('',(0.E0,-1.E0,0.E0));
#1617=DIRECTION('',(0.E0,0.E0,-1.E0));
#1618=AXIS2_PLACEMENT_3D('',#1615,#1616,#1617);
#1620=CURVE_STYLE('',#11,POSITIVE_LENGTH_MEASURE(2.E-2),#4);
#1621=PRESENTATION_STYLE_ASSIGNMENT((#1620));
#1622=STYLED_ITEM('',(#1621),#1619);
#1623=DIRECTION('',(0.E0,1.E0,0.E0));
#1624=VECTOR('',#1623,1.5E-1);
#1625=CARTESIAN_POINT('',(-5.295E-1,-6.E-1,0.E0));
#1626=LINE('',#1625,#1624);
#1627=CURVE_STYLE('',#11,POSITIVE_LENGTH_MEASURE(2.E-2),#4);
#1628=PRESENTATION_STYLE_ASSIGNMENT((#1627));
#1629=STYLED_ITEM('',(#1628),#1626);
#1630=CARTESIAN_POINT('',(-5.295E-1,-6.E-1,2.E-1));
#1631=DIRECTION('',(0.E0,-1.E0,0.E0));
#1632=DIRECTION('',(9.985261580119E-1,0.E0,-5.427256918640E-2));
#1633=AXIS2_PLACEMENT_3D('',#1630,#1631,#1632);
#1635=CURVE_STYLE('',#11,POSITIVE_LENGTH_MEASURE(2.E-2),#4);
#1636=PRESENTATION_STYLE_ASSIGNMENT((#1635));
#1637=STYLED_ITEM('',(#1636),#1634);
#1638=DIRECTION('',(-9.985261580119E-1,0.E0,5.427256918640E-2));
#1639=VECTOR('',#1638,1.E-1);
#1640=CARTESIAN_POINT('',(-3.297947683976E-1,-6.E-1,1.891454861627E-1));
#1641=LINE('',#1640,#1639);
#1642=CURVE_STYLE('',#11,POSITIVE_LENGTH_MEASURE(2.E-2),#4);
#1643=PRESENTATION_STYLE_ASSIGNMENT((#1642));
#1644=STYLED_ITEM('',(#1643),#1641);
#1645=CARTESIAN_POINT('',(-5.295E-1,-6.E-1,2.E-1));
#1646=DIRECTION('',(0.E0,-1.E0,0.E0));
#1647=DIRECTION('',(9.985261580119E-1,0.E0,-5.427256918640E-2));
#1648=AXIS2_PLACEMENT_3D('',#1645,#1646,#1647);
#1650=CURVE_STYLE('',#11,POSITIVE_LENGTH_MEASURE(2.E-2),#4);
#1651=PRESENTATION_STYLE_ASSIGNMENT((#1650));
#1652=STYLED_ITEM('',(#1651),#1649);
#1653=DIRECTION('',(0.E0,1.E0,0.E0));
#1654=VECTOR('',#1653,1.5E-1);
#1655=CARTESIAN_POINT('',(-5.295E-1,-6.E-1,1.E-1));
#1656=LINE('',#1655,#1654);
#1657=CURVE_STYLE('',#11,POSITIVE_LENGTH_MEASURE(2.E-2),#4);
#1658=PRESENTATION_STYLE_ASSIGNMENT((#1657));
#1659=STYLED_ITEM('',(#1658),#1656);
#1660=CARTESIAN_POINT('',(-5.295E-1,-4.5E-1,2.E-1));
#1661=DIRECTION('',(0.E0,-1.E0,0.E0));
#1662=DIRECTION('',(0.E0,0.E0,-1.E0));
#1663=AXIS2_PLACEMENT_3D('',#1660,#1661,#1662);
#1665=CURVE_STYLE('',#11,POSITIVE_LENGTH_MEASURE(2.E-2),#4);
#1666=PRESENTATION_STYLE_ASSIGNMENT((#1665));
#1667=STYLED_ITEM('',(#1666),#1664);
#1668=DIRECTION('',(-9.985261580119E-1,0.E0,5.427256918640E-2));
#1669=VECTOR('',#1668,1.E-1);
#1670=CARTESIAN_POINT('',(-3.297947683976E-1,-4.5E-1,1.891454861627E-1));
#1671=LINE('',#1670,#1669);
#1672=CURVE_STYLE('',#11,POSITIVE_LENGTH_MEASURE(2.E-2),#4);
#1673=PRESENTATION_STYLE_ASSIGNMENT((#1672));
#1674=STYLED_ITEM('',(#1673),#1671);
#1675=CARTESIAN_POINT('',(-5.295E-1,-4.5E-1,2.E-1));
#1676=DIRECTION('',(0.E0,-1.E0,0.E0));
#1677=DIRECTION('',(0.E0,0.E0,-1.E0));
#1678=AXIS2_PLACEMENT_3D('',#1675,#1676,#1677);
#1680=CURVE_STYLE('',#11,POSITIVE_LENGTH_MEASURE(2.E-2),#4);
#1681=PRESENTATION_STYLE_ASSIGNMENT((#1680));
#1682=STYLED_ITEM('',(#1681),#1679);
#1683=DIRECTION('',(0.E0,0.E0,-1.E0));
#1684=VECTOR('',#1683,1.E-1);
#1685=CARTESIAN_POINT('',(-5.295E-1,-4.5E-1,1.E-1));
#1686=LINE('',#1685,#1684);
#1687=CURVE_STYLE('',#11,POSITIVE_LENGTH_MEASURE(2.E-2),#4);
#1688=PRESENTATION_STYLE_ASSIGNMENT((#1687));
#1689=STYLED_ITEM('',(#1688),#1686);
#1690=CARTESIAN_POINT('',(-5.295E-1,-4.5E-1,2.E-1));
#1691=DIRECTION('',(0.E0,-1.E0,0.E0));
#1692=DIRECTION('',(9.985261580119E-1,0.E0,-5.427256918640E-2));
#1693=AXIS2_PLACEMENT_3D('',#1690,#1691,#1692);
#1695=CURVE_STYLE('',#11,POSITIVE_LENGTH_MEASURE(2.E-2),#4);
#1696=PRESENTATION_STYLE_ASSIGNMENT((#1695));
#1697=STYLED_ITEM('',(#1696),#1694);
#1698=DIRECTION('',(-1.E0,0.E0,0.E0));
#1699=VECTOR('',#1698,1.E-1);
#1700=CARTESIAN_POINT('',(-3.295E-1,-4.5E-1,2.E-1));
#1701=LINE('',#1700,#1699);
#1702=CURVE_STYLE('',#11,POSITIVE_LENGTH_MEASURE(2.E-2),#4);
#1703=PRESENTATION_STYLE_ASSIGNMENT((#1702));
#1704=STYLED_ITEM('',(#1703),#1701);
#1705=CARTESIAN_POINT('',(-5.295E-1,-4.5E-1,2.E-1));
#1706=DIRECTION('',(0.E0,-1.E0,0.E0));
#1707=DIRECTION('',(9.985261580119E-1,0.E0,-5.427256918640E-2));
#1708=AXIS2_PLACEMENT_3D('',#1705,#1706,#1707);
#1710=CURVE_STYLE('',#11,POSITIVE_LENGTH_MEASURE(2.E-2),#4);
#1711=PRESENTATION_STYLE_ASSIGNMENT((#1710));
#1712=STYLED_ITEM('',(#1711),#1709);
#1713=DIRECTION('',(0.E0,1.E0,0.E0));
#1714=VECTOR('',#1713,1.223252403010E-2);
#1715=CARTESIAN_POINT('',(-4.295E-1,-4.622325240301E-1,2.E-1));
#1716=LINE('',#1715,#1714);
#1717=CURVE_STYLE('',#11,POSITIVE_LENGTH_MEASURE(2.E-2),#4);
#1718=PRESENTATION_STYLE_ASSIGNMENT((#1717));
#1719=STYLED_ITEM('',(#1718),#1716);
#1720=DIRECTION('',(0.E0,1.E0,0.E0));
#1721=VECTOR('',#1720,1.223252403010E-2);
#1722=CARTESIAN_POINT('',(-3.295E-1,-4.622325240301E-1,2.E-1));
#1723=LINE('',#1722,#1721);
#1724=CURVE_STYLE('',#11,POSITIVE_LENGTH_MEASURE(2.E-2),#4);
#1725=PRESENTATION_STYLE_ASSIGNMENT((#1724));
#1726=STYLED_ITEM('',(#1725),#1723);
#1727=DIRECTION('',(-1.E0,0.E0,0.E0));
#1728=VECTOR('',#1727,1.E-1);
#1729=CARTESIAN_POINT('',(-3.295E-1,-4.622325240301E-1,2.E-1));
#1730=LINE('',#1729,#1728);
#1731=CURVE_STYLE('',#11,POSITIVE_LENGTH_MEASURE(2.E-2),#4);
#1732=PRESENTATION_STYLE_ASSIGNMENT((#1731));
#1733=STYLED_ITEM('',(#1732),#1730);
#1734=DIRECTION('',(-9.956981474812E-1,-9.265634949944E-2,0.E0));
#1735=VECTOR('',#1734,1.E-1);
#1736=CARTESIAN_POINT('',(-3.303603705038E-1,-4.437012541302E-1,2.E-1));
#1737=LINE('',#1736,#1735);
#1738=CURVE_STYLE('',#11,POSITIVE_LENGTH_MEASURE(2.E-2),#4);
#1739=PRESENTATION_STYLE_ASSIGNMENT((#1738));
#1740=STYLED_ITEM('',(#1739),#1737);
#1741=DIRECTION('',(0.E0,0.E0,-1.E0));
#1742=VECTOR('',#1741,3.E-1);
#1743=CARTESIAN_POINT('',(-3.309907696717E-1,-4.378586553491E-1,5.E-1));
#1744=LINE('',#1743,#1742);
#1745=CURVE_STYLE('',#11,POSITIVE_LENGTH_MEASURE(2.E-2),#4);
#1746=PRESENTATION_STYLE_ASSIGNMENT((#1745));
#1747=STYLED_ITEM('',(#1746),#1744);
#1748=CARTESIAN_POINT('',(-5.295E-1,-4.622325240301E-1,2.E-1));
#1749=DIRECTION('',(0.E0,0.E0,-1.E0));
#1750=DIRECTION('',(9.925461516413E-1,1.218693434051E-1,0.E0));
#1751=AXIS2_PLACEMENT_3D('',#1748,#1749,#1750);
#1753=CURVE_STYLE('',#11,POSITIVE_LENGTH_MEASURE(2.E-2),#4);
#1754=PRESENTATION_STYLE_ASSIGNMENT((#1753));
#1755=STYLED_ITEM('',(#1754),#1752);
#1756=CARTESIAN_POINT('',(-5.295E-1,-4.622325240301E-1,2.E-1));
#1757=DIRECTION('',(0.E0,0.E0,-1.E0));
#1758=DIRECTION('',(9.956981474812E-1,9.265634949944E-2,0.E0));
#1759=AXIS2_PLACEMENT_3D('',#1756,#1757,#1758);
#1761=CURVE_STYLE('',#11,POSITIVE_LENGTH_MEASURE(2.E-2),#4);
#1762=PRESENTATION_STYLE_ASSIGNMENT((#1761));
#1763=STYLED_ITEM('',(#1762),#1760);
#1764=DIRECTION('',(0.E0,0.E0,-1.E0));
#1765=VECTOR('',#1764,3.E-1);
#1766=CARTESIAN_POINT('',(-3.295E-1,-4.622325240301E-1,5.E-1));
#1767=LINE('',#1766,#1765);
#1768=CURVE_STYLE('',#11,POSITIVE_LENGTH_MEASURE(2.E-2),#4);
#1769=PRESENTATION_STYLE_ASSIGNMENT((#1768));
#1770=STYLED_ITEM('',(#1769),#1767);
#1771=CARTESIAN_POINT('',(-5.295E-1,-4.622325240301E-1,5.E-1));
#1772=DIRECTION('',(0.E0,0.E0,-1.E0));
#1773=DIRECTION('',(9.925461516413E-1,1.218693434051E-1,0.E0));
#1774=AXIS2_PLACEMENT_3D('',#1771,#1772,#1773);
#1776=CURVE_STYLE('',#11,POSITIVE_LENGTH_MEASURE(2.E-2),#4);
#1777=PRESENTATION_STYLE_ASSIGNMENT((#1776));
#1778=STYLED_ITEM('',(#1777),#1775);
#1779=DIRECTION('',(-1.218693434051E-1,9.925461516413E-1,0.E0));
#1780=VECTOR('',#1779,9.814369764524E-1);
#1781=CARTESIAN_POINT('',(-3.309907696717E-1,-4.378586553491E-1,2.E-1));
#1782=LINE('',#1781,#1780);
#1783=CURVE_STYLE('',#11,POSITIVE_LENGTH_MEASURE(2.E-2),#4);
#1784=PRESENTATION_STYLE_ASSIGNMENT((#1783));
#1785=STYLED_ITEM('',(#1784),#1782);
#1786=DIRECTION('',(1.218693434051E-1,-9.925461516413E-1,0.E0));
#1787=VECTOR('',#1786,9.814369764524E-1);
#1788=CARTESIAN_POINT('',(-4.505978495855E-1,5.362628387073E-1,5.E-1));
#1789=LINE('',#1788,#1787);
#1790=CURVE_STYLE('',#11,POSITIVE_LENGTH_MEASURE(2.E-2),#4);
#1791=PRESENTATION_STYLE_ASSIGNMENT((#1790));
#1792=STYLED_ITEM('',(#1791),#1789);
#1793=DIRECTION('',(9.925461516413E-1,1.218693434051E-1,0.E0));
#1794=VECTOR('',#1793,1.E-1);
#1795=CARTESIAN_POINT('',(-5.498524647497E-1,5.240759043668E-1,2.E-1));
#1796=LINE('',#1795,#1794);
#1797=CURVE_STYLE('',#11,POSITIVE_LENGTH_MEASURE(2.E-2),#4);
#1798=PRESENTATION_STYLE_ASSIGNMENT((#1797));
#1799=STYLED_ITEM('',(#1798),#1796);
#1800=DIRECTION('',(0.E0,0.E0,1.E0));
#1801=VECTOR('',#1800,3.E-1);
#1802=CARTESIAN_POINT('',(-5.493968481697E-1,5.762843932398E-1,2.E-1));
#1803=LINE('',#1802,#1801);
#1804=CURVE_STYLE('',#11,POSITIVE_LENGTH_MEASURE(2.E-2),#4);
#1805=PRESENTATION_STYLE_ASSIGNMENT((#1804));
#1806=STYLED_ITEM('',(#1805),#1803);
#1807=CARTESIAN_POINT('',(-3.513432344214E-1,5.484497730478E-1,5.E-1));
#1808=DIRECTION('',(0.E0,0.E0,1.E0));
#1809=DIRECTION('',(-9.902680687416E-1,1.391731009601E-1,0.E0));
#1810=AXIS2_PLACEMENT_3D('',#1807,#1808,#1809);
#1812=CURVE_STYLE('',#11,POSITIVE_LENGTH_MEASURE(2.E-2),#4);
#1813=PRESENTATION_STYLE_ASSIGNMENT((#1812));
#1814=STYLED_ITEM('',(#1813),#1811);
#1815=DIRECTION('',(0.E0,0.E0,1.E0));
#1816=VECTOR('',#1815,3.E-1);
#1817=CARTESIAN_POINT('',(-5.498524647497E-1,5.240759043668E-1,2.E-1));
#1818=LINE('',#1817,#1816);
#1819=CURVE_STYLE('',#11,POSITIVE_LENGTH_MEASURE(2.E-2),#4);
#1820=PRESENTATION_STYLE_ASSIGNMENT((#1819));
#1821=STYLED_ITEM('',(#1820),#1818);
#1822=CARTESIAN_POINT('',(-3.513432344214E-1,5.484497730478E-1,2.E-1));
#1823=DIRECTION('',(0.E0,0.E0,1.E0));
#1824=DIRECTION('',(-9.902680687416E-1,1.391731009601E-1,0.E0));
#1825=AXIS2_PLACEMENT_3D('',#1822,#1823,#1824);
#1827=CURVE_STYLE('',#11,POSITIVE_LENGTH_MEASURE(2.E-2),#4);
#1828=PRESENTATION_STYLE_ASSIGNMENT((#1827));
#1829=STYLED_ITEM('',(#1828),#1826);
#1830=DIRECTION('',(1.391731009601E-1,9.902680687416E-1,0.E0));
#1831=VECTOR('',#1830,3.736695004825E-1);
#1832=CARTESIAN_POINT('',(-5.493968481697E-1,5.762843932398E-1,5.E-1));
#1833=LINE('',#1832,#1831);
#1834=CURVE_STYLE('',#11,POSITIVE_LENGTH_MEASURE(2.E-2),#4);
#1835=PRESENTATION_STYLE_ASSIGNMENT((#1834));
#1836=STYLED_ITEM('',(#1835),#1833);
#1837=DIRECTION('',(-1.391731009601E-1,-9.902680687416E-1,0.E0));
#1838=VECTOR('',#1837,3.736695004825E-1);
#1839=CARTESIAN_POINT('',(-4.973921050534E-1,9.463173678303E-1,2.E-1));
#1840=LINE('',#1839,#1838);
#1841=CURVE_STYLE('',#11,POSITIVE_LENGTH_MEASURE(2.E-2),#4);
#1842=PRESENTATION_STYLE_ASSIGNMENT((#1841));
#1843=STYLED_ITEM('',(#1842),#1840);
#1844=DIRECTION('',(0.E0,0.E0,-1.E0));
#1845=VECTOR('',#1844,3.E-1);
#1846=CARTESIAN_POINT('',(-4.973921050534E-1,9.463173678303E-1,5.E-1));
#1847=LINE('',#1846,#1845);
#1848=CURVE_STYLE('',#11,POSITIVE_LENGTH_MEASURE(2.E-2),#4);
#1849=PRESENTATION_STYLE_ASSIGNMENT((#1848));
#1850=STYLED_ITEM('',(#1849),#1847);
#1851=DIRECTION('',(9.902680687416E-1,-1.391731009601E-1,0.E0));
#1852=VECTOR('',#1851,1.E-1);
#1853=CARTESIAN_POINT('',(-4.973921050534E-1,9.463173678303E-1,5.E-1));
#1854=LINE('',#1853,#1852);
#1855=CURVE_STYLE('',#11,POSITIVE_LENGTH_MEASURE(2.E-2),#4);
#1856=PRESENTATION_STYLE_ASSIGNMENT((#1855));
#1857=STYLED_ITEM('',(#1856),#1854);
#1858=DIRECTION('',(9.902680687416E-1,-1.391731009601E-1,0.E0));
#1859=VECTOR('',#1858,1.E-1);
#1860=CARTESIAN_POINT('',(-4.973921050534E-1,9.463173678303E-1,2.E-1));
#1861=LINE('',#1860,#1859);
#1862=CURVE_STYLE('',#11,POSITIVE_LENGTH_MEASURE(2.E-2),#4);
#1863=PRESENTATION_STYLE_ASSIGNMENT((#1862));
#1864=STYLED_ITEM('',(#1863),#1861);
#1865=DIRECTION('',(9.902680687416E-1,-1.391731009601E-1,0.E0));
#1866=VECTOR('',#1865,1.E-1);
#1867=CARTESIAN_POINT('',(-5.493968481697E-1,5.762843932398E-1,2.E-1));
#1868=LINE('',#1867,#1866);
#1869=CURVE_STYLE('',#11,POSITIVE_LENGTH_MEASURE(2.E-2),#4);
#1870=PRESENTATION_STYLE_ASSIGNMENT((#1869));
#1871=STYLED_ITEM('',(#1870),#1868);
#1872=DIRECTION('',(1.391731009601E-1,9.902680687416E-1,0.E0));
#1873=VECTOR('',#1872,3.736695004825E-1);
#1874=CARTESIAN_POINT('',(-4.503700412956E-1,5.623670831438E-1,5.E-1));
#1875=LINE('',#1874,#1873);
#1876=CURVE_STYLE('',#11,POSITIVE_LENGTH_MEASURE(2.E-2),#4);
#1877=PRESENTATION_STYLE_ASSIGNMENT((#1876));
#1878=STYLED_ITEM('',(#1877),#1875);
#1879=DIRECTION('',(0.E0,0.E0,-1.E0));
#1880=VECTOR('',#1879,3.E-1);
#1881=CARTESIAN_POINT('',(-3.983652981792E-1,9.324000577343E-1,5.E-1));
#1882=LINE('',#1881,#1880);
#1883=CURVE_STYLE('',#11,POSITIVE_LENGTH_MEASURE(2.E-2),#4);
#1884=PRESENTATION_STYLE_ASSIGNMENT((#1883));
#1885=STYLED_ITEM('',(#1884),#1882);
#1886=DIRECTION('',(-1.391731009601E-1,-9.902680687416E-1,0.E0));
#1887=VECTOR('',#1886,3.736695004825E-1);
#1888=CARTESIAN_POINT('',(-3.983652981792E-1,9.324000577343E-1,2.E-1));
#1889=LINE('',#1888,#1887);
#1890=CURVE_STYLE('',#11,POSITIVE_LENGTH_MEASURE(2.E-2),#4);
#1891=PRESENTATION_STYLE_ASSIGNMENT((#1890));
#1892=STYLED_ITEM('',(#1891),#1889);
#1893=DIRECTION('',(0.E0,0.E0,1.E0));
#1894=VECTOR('',#1893,3.E-1);
#1895=CARTESIAN_POINT('',(-4.503700412956E-1,5.623670831438E-1,2.E-1));
#1896=LINE('',#1895,#1894);
#1897=CURVE_STYLE('',#11,POSITIVE_LENGTH_MEASURE(2.E-2),#4);
#1898=PRESENTATION_STYLE_ASSIGNMENT((#1897));
#1899=STYLED_ITEM('',(#1898),#1896);
#1900=CARTESIAN_POINT('',(-3.513432344214E-1,5.484497730478E-1,2.E-1));
#1901=DIRECTION('',(0.E0,0.E0,1.E0));
#1902=DIRECTION('',(-9.902680687416E-1,1.391731009601E-1,0.E0));
#1903=AXIS2_PLACEMENT_3D('',#1900,#1901,#1902);
#1905=CURVE_STYLE('',#11,POSITIVE_LENGTH_MEASURE(2.E-2),#4);
#1906=PRESENTATION_STYLE_ASSIGNMENT((#1905));
#1907=STYLED_ITEM('',(#1906),#1904);
#1908=DIRECTION('',(0.E0,0.E0,1.E0));
#1909=VECTOR('',#1908,3.E-1);
#1910=CARTESIAN_POINT('',(-4.505978495855E-1,5.362628387073E-1,2.E-1));
#1911=LINE('',#1910,#1909);
#1912=CURVE_STYLE('',#11,POSITIVE_LENGTH_MEASURE(2.E-2),#4);
#1913=PRESENTATION_STYLE_ASSIGNMENT((#1912));
#1914=STYLED_ITEM('',(#1913),#1911);
#1915=CARTESIAN_POINT('',(-3.513432344214E-1,5.484497730478E-1,5.E-1));
#1916=DIRECTION('',(0.E0,0.E0,1.E0));
#1917=DIRECTION('',(-9.902680687416E-1,1.391731009601E-1,0.E0));
#1918=AXIS2_PLACEMENT_3D('',#1915,#1916,#1917);
#1920=CURVE_STYLE('',#11,POSITIVE_LENGTH_MEASURE(2.E-2),#4);
#1921=PRESENTATION_STYLE_ASSIGNMENT((#1920));
#1922=STYLED_ITEM('',(#1921),#1919);
#1923=DIRECTION('',(9.902680687416E-1,-1.391731009601E-1,0.E0));
#1924=VECTOR('',#1923,1.E-1);
#1925=CARTESIAN_POINT('',(-5.493968481697E-1,5.762843932398E-1,5.E-1));
#1926=LINE('',#1925,#1924);
#1927=CURVE_STYLE('',#11,POSITIVE_LENGTH_MEASURE(2.E-2),#4);
#1928=PRESENTATION_STYLE_ASSIGNMENT((#1927));
#1929=STYLED_ITEM('',(#1928),#1926);
#1930=DIRECTION('',(-9.925461516413E-1,-1.218693434051E-1,0.E0));
#1931=VECTOR('',#1930,1.E-1);
#1932=CARTESIAN_POINT('',(-3.309907696717E-1,-4.378586553491E-1,5.E-1));
#1933=LINE('',#1932,#1931);
#1934=CURVE_STYLE('',#11,POSITIVE_LENGTH_MEASURE(2.E-2),#4);
#1935=PRESENTATION_STYLE_ASSIGNMENT((#1934));
#1936=STYLED_ITEM('',(#1935),#1933);
#1937=DIRECTION('',(9.925461516413E-1,1.218693434051E-1,0.E0));
#1938=VECTOR('',#1937,1.E-1);
#1939=CARTESIAN_POINT('',(-5.498524647497E-1,5.240759043668E-1,5.E-1));
#1940=LINE('',#1939,#1938);
#1941=CURVE_STYLE('',#11,POSITIVE_LENGTH_MEASURE(2.E-2),#4);
#1942=PRESENTATION_STYLE_ASSIGNMENT((#1941));
#1943=STYLED_ITEM('',(#1942),#1940);
#1944=DIRECTION('',(-1.E0,0.E0,0.E0));
#1945=VECTOR('',#1944,1.E-1);
#1946=CARTESIAN_POINT('',(-3.295E-1,-4.622325240301E-1,5.E-1));
#1947=LINE('',#1946,#1945);
#1948=CURVE_STYLE('',#11,POSITIVE_LENGTH_MEASURE(2.E-2),#4);
#1949=PRESENTATION_STYLE_ASSIGNMENT((#1948));
#1950=STYLED_ITEM('',(#1949),#1947);
#1951=DIRECTION('',(0.E0,1.E0,0.E0));
#1952=VECTOR('',#1951,1.377674759699E-1);
#1953=CARTESIAN_POINT('',(-3.295E-1,-6.E-1,5.E-1));
#1954=LINE('',#1953,#1952);
#1955=CURVE_STYLE('',#11,POSITIVE_LENGTH_MEASURE(2.E-2),#4);
#1956=PRESENTATION_STYLE_ASSIGNMENT((#1955));
#1957=STYLED_ITEM('',(#1956),#1954);
#1958=DIRECTION('',(-1.E0,0.E0,0.E0));
#1959=VECTOR('',#1958,1.E-1);
#1960=CARTESIAN_POINT('',(-3.295E-1,-6.E-1,5.E-1));
#1961=LINE('',#1960,#1959);
#1962=CURVE_STYLE('',#11,POSITIVE_LENGTH_MEASURE(2.E-2),#4);
#1963=PRESENTATION_STYLE_ASSIGNMENT((#1962));
#1964=STYLED_ITEM('',(#1963),#1961);
#1965=DIRECTION('',(0.E0,1.E0,0.E0));
#1966=VECTOR('',#1965,1.377674759699E-1);
#1967=CARTESIAN_POINT('',(-4.295E-1,-6.E-1,5.E-1));
#1968=LINE('',#1967,#1966);
#1969=CURVE_STYLE('',#11,POSITIVE_LENGTH_MEASURE(2.E-2),#4);
#1970=PRESENTATION_STYLE_ASSIGNMENT((#1969));
#1971=STYLED_ITEM('',(#1970),#1968);
#1972=DIRECTION('',(0.E0,1.E0,0.E0));
#1973=VECTOR('',#1972,1.377674759699E-1);
#1974=CARTESIAN_POINT('',(-3.295E-1,-6.E-1,2.E-1));
#1975=LINE('',#1974,#1973);
#1976=CURVE_STYLE('',#11,POSITIVE_LENGTH_MEASURE(2.E-2),#4);
#1977=PRESENTATION_STYLE_ASSIGNMENT((#1976));
#1978=STYLED_ITEM('',(#1977),#1975);
#1979=DIRECTION('',(0.E0,0.E0,1.E0));
#1980=VECTOR('',#1979,3.E-1);
#1981=CARTESIAN_POINT('',(-3.295E-1,-6.E-1,2.E-1));
#1982=LINE('',#1981,#1980);
#1983=CURVE_STYLE('',#11,POSITIVE_LENGTH_MEASURE(2.E-2),#4);
#1984=PRESENTATION_STYLE_ASSIGNMENT((#1983));
#1985=STYLED_ITEM('',(#1984),#1982);
#1986=DIRECTION('',(-1.E0,0.E0,0.E0));
#1987=VECTOR('',#1986,1.E-1);
#1988=CARTESIAN_POINT('',(-3.295E-1,-6.E-1,2.E-1));
#1989=LINE('',#1988,#1987);
#1990=CURVE_STYLE('',#11,POSITIVE_LENGTH_MEASURE(2.E-2),#4);
#1991=PRESENTATION_STYLE_ASSIGNMENT((#1990));
#1992=STYLED_ITEM('',(#1991),#1989);
#1993=DIRECTION('',(0.E0,0.E0,1.E0));
#1994=VECTOR('',#1993,3.E-1);
#1995=CARTESIAN_POINT('',(-4.295E-1,-6.E-1,2.E-1));
#1996=LINE('',#1995,#1994);
#1997=CURVE_STYLE('',#11,POSITIVE_LENGTH_MEASURE(2.E-2),#4);
#1998=PRESENTATION_STYLE_ASSIGNMENT((#1997));
#1999=STYLED_ITEM('',(#1998),#1996);
#2000=DIRECTION('',(0.E0,1.E0,0.E0));
#2001=VECTOR('',#2000,1.377674759699E-1);
#2002=CARTESIAN_POINT('',(-4.295E-1,-6.E-1,2.E-1));
#2003=LINE('',#2002,#2001);
#2004=CURVE_STYLE('',#11,POSITIVE_LENGTH_MEASURE(2.E-2),#4);
#2005=PRESENTATION_STYLE_ASSIGNMENT((#2004));
#2006=STYLED_ITEM('',(#2005),#2003);
#2007=DIRECTION('',(0.E0,0.E0,-1.E0));
#2008=VECTOR('',#2007,3.E-1);
#2009=CARTESIAN_POINT('',(-4.302453848359E-1,-4.500455896896E-1,5.E-1));
#2010=LINE('',#2009,#2008);
#2011=CURVE_STYLE('',#11,POSITIVE_LENGTH_MEASURE(2.E-2),#4);
#2012=PRESENTATION_STYLE_ASSIGNMENT((#2011));
#2013=STYLED_ITEM('',(#2012),#2010);
#2014=CARTESIAN_POINT('',(-5.295E-1,-4.622325240301E-1,5.E-1));
#2015=DIRECTION('',(0.E0,0.E0,-1.E0));
#2016=DIRECTION('',(9.925461516413E-1,1.218693434051E-1,0.E0));
#2017=AXIS2_PLACEMENT_3D('',#2014,#2015,#2016);
#2019=CURVE_STYLE('',#11,POSITIVE_LENGTH_MEASURE(2.E-2),#4);
#2020=PRESENTATION_STYLE_ASSIGNMENT((#2019));
#2021=STYLED_ITEM('',(#2020),#2018);
#2022=DIRECTION('',(0.E0,0.E0,-1.E0));
#2023=VECTOR('',#2022,3.E-1);
#2024=CARTESIAN_POINT('',(-4.295E-1,-4.622325240301E-1,5.E-1));
#2025=LINE('',#2024,#2023);
#2026=CURVE_STYLE('',#11,POSITIVE_LENGTH_MEASURE(2.E-2),#4);
#2027=PRESENTATION_STYLE_ASSIGNMENT((#2026));
#2028=STYLED_ITEM('',(#2027),#2025);
#2029=CARTESIAN_POINT('',(-5.295E-1,-4.622325240301E-1,2.E-1));
#2030=DIRECTION('',(0.E0,0.E0,-1.E0));
#2031=DIRECTION('',(9.956981474812E-1,9.265634949944E-2,0.E0));
#2032=AXIS2_PLACEMENT_3D('',#2029,#2030,#2031);
#2034=CURVE_STYLE('',#11,POSITIVE_LENGTH_MEASURE(2.E-2),#4);
#2035=PRESENTATION_STYLE_ASSIGNMENT((#2034));
#2036=STYLED_ITEM('',(#2035),#2033);
#2037=CARTESIAN_POINT('',(-5.295E-1,-4.622325240301E-1,2.E-1));
#2038=DIRECTION('',(0.E0,0.E0,-1.E0));
#2039=DIRECTION('',(9.925461516413E-1,1.218693434051E-1,0.E0));
#2040=AXIS2_PLACEMENT_3D('',#2037,#2038,#2039);
#2042=CURVE_STYLE('',#11,POSITIVE_LENGTH_MEASURE(2.E-2),#4);
#2043=PRESENTATION_STYLE_ASSIGNMENT((#2042));
#2044=STYLED_ITEM('',(#2043),#2041);
#2045=DIRECTION('',(-1.218693434051E-1,9.925461516413E-1,0.E0));
#2046=VECTOR('',#2045,9.814369764524E-1);
#2047=CARTESIAN_POINT('',(-4.302453848359E-1,-4.500455896896E-1,2.E-1));
#2048=LINE('',#2047,#2046);
#2049=CURVE_STYLE('',#11,POSITIVE_LENGTH_MEASURE(2.E-2),#4);
#2050=PRESENTATION_STYLE_ASSIGNMENT((#2049));
#2051=STYLED_ITEM('',(#2050),#2048);
#2052=DIRECTION('',(1.218693434051E-1,-9.925461516413E-1,0.E0));
#2053=VECTOR('',#2052,9.814369764524E-1);
#2054=CARTESIAN_POINT('',(-5.498524647497E-1,5.240759043668E-1,5.E-1));
#2055=LINE('',#2054,#2053);
#2056=CURVE_STYLE('',#11,POSITIVE_LENGTH_MEASURE(2.E-2),#4);
#2057=PRESENTATION_STYLE_ASSIGNMENT((#2056));
#2058=STYLED_ITEM('',(#2057),#2055);
#2059=DIRECTION('',(-9.925461516413E-1,-1.218693434051E-1,0.E0));
#2060=VECTOR('',#2059,1.E-1);
#2061=CARTESIAN_POINT('',(-3.309907696717E-1,-4.378586553491E-1,2.E-1));
#2062=LINE('',#2061,#2060);
#2063=CURVE_STYLE('',#11,POSITIVE_LENGTH_MEASURE(2.E-2),#4);
#2064=PRESENTATION_STYLE_ASSIGNMENT((#2063));
#2065=STYLED_ITEM('',(#2064),#2062);
#2066=DIRECTION('',(0.E0,0.E0,1.E0));
#2067=VECTOR('',#2066,1.E-1);
#2068=CARTESIAN_POINT('',(-3.795E-1,-4.5E-1,0.E0));
#2069=LINE('',#2068,#2067);
#2070=CURVE_STYLE('',#11,POSITIVE_LENGTH_MEASURE(2.E-2),#4);
#2071=PRESENTATION_STYLE_ASSIGNMENT((#2070));
#2072=STYLED_ITEM('',(#2071),#2069);
#2073=DIRECTION('',(0.E0,0.E0,1.E0));
#2074=VECTOR('',#2073,1.E-1);
#2075=CARTESIAN_POINT('',(-3.295E-1,-4.E-1,0.E0));
#2076=LINE('',#2075,#2074);
#2077=CURVE_STYLE('',#11,POSITIVE_LENGTH_MEASURE(2.E-2),#4);
#2078=PRESENTATION_STYLE_ASSIGNMENT((#2077));
#2079=STYLED_ITEM('',(#2078),#2076);
#2080=DIRECTION('',(1.E0,0.E0,0.E0));
#2081=VECTOR('',#2080,6.59E-1);
#2082=CARTESIAN_POINT('',(-3.295E-1,8.E-1,0.E0));
#2083=LINE('',#2082,#2081);
#2084=CURVE_STYLE('',#11,POSITIVE_LENGTH_MEASURE(2.E-2),#4);
#2085=PRESENTATION_STYLE_ASSIGNMENT((#2084));
#2086=STYLED_ITEM('',(#2085),#2083);
#2087=DIRECTION('',(0.E0,0.E0,1.E0));
#2088=VECTOR('',#2087,1.E-1);
#2089=CARTESIAN_POINT('',(-3.295E-1,8.E-1,0.E0));
#2090=LINE('',#2089,#2088);
#2091=CURVE_STYLE('',#11,POSITIVE_LENGTH_MEASURE(2.E-2),#4);
#2092=PRESENTATION_STYLE_ASSIGNMENT((#2091));
#2093=STYLED_ITEM('',(#2092),#2090);
#2094=DIRECTION('',(1.E0,0.E0,0.E0));
#2095=VECTOR('',#2094,6.59E-1);
#2096=CARTESIAN_POINT('',(-3.295E-1,8.E-1,1.E-1));
#2097=LINE('',#2096,#2095);
#2098=CURVE_STYLE('',#11,POSITIVE_LENGTH_MEASURE(2.E-2),#4);
#2099=PRESENTATION_STYLE_ASSIGNMENT((#2098));
#2100=STYLED_ITEM('',(#2099),#2097);
#2101=DIRECTION('',(0.E0,1.E0,0.E0));
#2102=VECTOR('',#2101,2.5E-1);
#2103=CARTESIAN_POINT('',(-3.295E-1,8.E-1,0.E0));
#2104=LINE('',#2103,#2102);
#2105=CURVE_STYLE('',#11,POSITIVE_LENGTH_MEASURE(2.E-2),#4);
#2106=PRESENTATION_STYLE_ASSIGNMENT((#2105));
#2107=STYLED_ITEM('',(#2106),#2104);
#2108=DIRECTION('',(0.E0,1.E0,0.E0));
#2109=VECTOR('',#2108,2.5E-1);
#2110=CARTESIAN_POINT('',(3.295E-1,8.E-1,0.E0));
#2111=LINE('',#2110,#2109);
#2112=CURVE_STYLE('',#11,POSITIVE_LENGTH_MEASURE(2.E-2),#4);
#2113=PRESENTATION_STYLE_ASSIGNMENT((#2112));
#2114=STYLED_ITEM('',(#2113),#2111);
#2115=DIRECTION('',(0.E0,0.E0,1.E0));
#2116=VECTOR('',#2115,1.E-1);
#2117=CARTESIAN_POINT('',(3.295E-1,8.E-1,0.E0));
#2118=LINE('',#2117,#2116);
#2119=CURVE_STYLE('',#11,POSITIVE_LENGTH_MEASURE(2.E-2),#4);
#2120=PRESENTATION_STYLE_ASSIGNMENT((#2119));
#2121=STYLED_ITEM('',(#2120),#2118);
#2122=DIRECTION('',(0.E0,1.E0,0.E0));
#2123=VECTOR('',#2122,2.5E-1);
#2124=CARTESIAN_POINT('',(3.295E-1,8.E-1,1.E-1));
#2125=LINE('',#2124,#2123);
#2126=CURVE_STYLE('',#11,POSITIVE_LENGTH_MEASURE(2.E-2),#4);
#2127=PRESENTATION_STYLE_ASSIGNMENT((#2126));
#2128=STYLED_ITEM('',(#2127),#2125);
#2129=DIRECTION('',(0.E0,1.E0,0.E0));
#2130=VECTOR('',#2129,2.5E-1);
#2131=CARTESIAN_POINT('',(-3.295E-1,8.E-1,1.E-1));
#2132=LINE('',#2131,#2130);
#2133=CURVE_STYLE('',#11,POSITIVE_LENGTH_MEASURE(2.E-2),#4);
#2134=PRESENTATION_STYLE_ASSIGNMENT((#2133));
#2135=STYLED_ITEM('',(#2134),#2132);
#2136=DIRECTION('',(1.E0,0.E0,0.E0));
#2137=VECTOR('',#2136,6.59E-1);
#2138=CARTESIAN_POINT('',(-3.295E-1,1.05E0,0.E0));
#2139=LINE('',#2138,#2137);
#2140=CURVE_STYLE('',#11,POSITIVE_LENGTH_MEASURE(2.E-2),#4);
#2141=PRESENTATION_STYLE_ASSIGNMENT((#2140));
#2142=STYLED_ITEM('',(#2141),#2139);
#2143=DIRECTION('',(0.E0,0.E0,1.E0));
#2144=VECTOR('',#2143,1.E-1);
#2145=CARTESIAN_POINT('',(3.295E-1,1.05E0,0.E0));
#2146=LINE('',#2145,#2144);
#2147=CURVE_STYLE('',#11,POSITIVE_LENGTH_MEASURE(2.E-2),#4);
#2148=PRESENTATION_STYLE_ASSIGNMENT((#2147));
#2149=STYLED_ITEM('',(#2148),#2146);
#2150=DIRECTION('',(1.E0,0.E0,0.E0));
#2151=VECTOR('',#2150,6.59E-1);
#2152=CARTESIAN_POINT('',(-3.295E-1,1.05E0,1.E-1));
#2153=LINE('',#2152,#2151);
#2154=CURVE_STYLE('',#11,POSITIVE_LENGTH_MEASURE(2.E-2),#4);
#2155=PRESENTATION_STYLE_ASSIGNMENT((#2154));
#2156=STYLED_ITEM('',(#2155),#2153);
#2157=DIRECTION('',(0.E0,0.E0,-1.E0));
#2158=VECTOR('',#2157,1.E-1);
#2159=CARTESIAN_POINT('',(-3.295E-1,1.05E0,1.E-1));
#2160=LINE('',#2159,#2158);
#2161=CURVE_STYLE('',#11,POSITIVE_LENGTH_MEASURE(2.E-2),#4);
#2162=PRESENTATION_STYLE_ASSIGNMENT((#2161));
#2163=STYLED_ITEM('',(#2162),#2160);
#2164=DIRECTION('',(0.E0,0.E0,1.E0));
#2165=VECTOR('',#2164,1.E-1);
#2166=CARTESIAN_POINT('',(-7.E-1,1.05E0,0.E0));
#2167=LINE('',#2166,#2165);
#2168=CURVE_STYLE('',#11,POSITIVE_LENGTH_MEASURE(2.E-2),#4);
#2169=PRESENTATION_STYLE_ASSIGNMENT((#2168));
#2170=STYLED_ITEM('',(#2169),#2167);
#2171=DIRECTION('',(0.E0,0.E0,-1.E0));
#2172=VECTOR('',#2171,1.E-1);
#2173=CARTESIAN_POINT('',(-9.5E-1,7.619291494296E-1,1.E-1));
#2174=LINE('',#2173,#2172);
#2175=CURVE_STYLE('',#11,POSITIVE_LENGTH_MEASURE(2.E-2),#4);
#2176=PRESENTATION_STYLE_ASSIGNMENT((#2175));
#2177=STYLED_ITEM('',(#2176),#2174);
#2178=DIRECTION('',(0.E0,0.E0,1.E0));
#2179=VECTOR('',#2178,1.E-1);
#2180=CARTESIAN_POINT('',(-9.5E-1,8.E-1,0.E0));
#2181=LINE('',#2180,#2179);
#2182=CURVE_STYLE('',#11,POSITIVE_LENGTH_MEASURE(2.E-2),#4);
#2183=PRESENTATION_STYLE_ASSIGNMENT((#2182));
#2184=STYLED_ITEM('',(#2183),#2181);
#2185=DIRECTION('',(0.E0,0.E0,-1.E0));
#2186=VECTOR('',#2185,1.E-1);
#2187=CARTESIAN_POINT('',(-9.473882339016E-1,7.639575010987E-1,1.E-1));
#2188=LINE('',#2187,#2186);
#2189=CURVE_STYLE('',#11,POSITIVE_LENGTH_MEASURE(2.E-2),#4);
#2190=PRESENTATION_STYLE_ASSIGNMENT((#2189));
#2191=STYLED_ITEM('',(#2190),#2188);
#2192=DIRECTION('',(0.E0,0.E0,-1.E0));
#2193=VECTOR('',#2192,1.E-1);
#2194=CARTESIAN_POINT('',(-9.469646782771E-1,7.623302358692E-1,1.E-1));
#2195=LINE('',#2194,#2193);
#2196=CURVE_STYLE('',#11,POSITIVE_LENGTH_MEASURE(2.E-2),#4);
#2197=PRESENTATION_STYLE_ASSIGNMENT((#2196));
#2198=STYLED_ITEM('',(#2197),#2195);
#2199=DIRECTION('',(0.E0,0.E0,-1.E0));
#2200=VECTOR('',#2199,1.E-1);
#2201=CARTESIAN_POINT('',(-9.458362542307E-1,2.E-1,1.E-1));
#2202=LINE('',#2201,#2200);
#2203=CURVE_STYLE('',#11,POSITIVE_LENGTH_MEASURE(2.E-2),#4);
#2204=PRESENTATION_STYLE_ASSIGNMENT((#2203));
#2205=STYLED_ITEM('',(#2204),#2202);
#2206=DIRECTION('',(0.E0,0.E0,-1.E0));
#2207=VECTOR('',#2206,1.E-1);
#2208=CARTESIAN_POINT('',(-9.5E-1,2.E-1,1.E-1));
#2209=LINE('',#2208,#2207);
#2210=CURVE_STYLE('',#11,POSITIVE_LENGTH_MEASURE(2.E-2),#4);
#2211=PRESENTATION_STYLE_ASSIGNMENT((#2210));
#2212=STYLED_ITEM('',(#2211),#2209);
#2213=DIRECTION('',(0.E0,0.E0,1.E0));
#2214=VECTOR('',#2213,1.E-1);
#2215=CARTESIAN_POINT('',(-9.5E-1,-4.E-1,0.E0));
#2216=LINE('',#2215,#2214);
#2217=CURVE_STYLE('',#11,POSITIVE_LENGTH_MEASURE(2.E-2),#4);
#2218=PRESENTATION_STYLE_ASSIGNMENT((#2217));
#2219=STYLED_ITEM('',(#2218),#2216);
#2220=DIRECTION('',(0.E0,0.E0,1.E0));
#2221=VECTOR('',#2220,1.E-1);
#2222=CARTESIAN_POINT('',(-9.E-1,-4.5E-1,0.E0));
#2223=LINE('',#2222,#2221);
#2224=CURVE_STYLE('',#11,POSITIVE_LENGTH_MEASURE(2.E-2),#4);
#2225=PRESENTATION_STYLE_ASSIGNMENT((#2224));
#2226=STYLED_ITEM('',(#2225),#2223);
#2227=DIRECTION('',(0.E0,0.E0,-1.E0));
#2228=VECTOR('',#2227,1.E-1);
#2229=CARTESIAN_POINT('',(-7.5E-1,-4.5E-1,1.E-1));
#2230=LINE('',#2229,#2228);
#2231=CURVE_STYLE('',#11,POSITIVE_LENGTH_MEASURE(2.E-2),#4);
#2232=PRESENTATION_STYLE_ASSIGNMENT((#2231));
#2233=STYLED_ITEM('',(#2232),#2230);
#2234=CARTESIAN_POINT('',(-7.5E-1,-4.5E-1,2.E-1));
#2235=DIRECTION('',(0.E0,1.E0,0.E0));
#2236=DIRECTION('',(0.E0,0.E0,-1.E0));
#2237=AXIS2_PLACEMENT_3D('',#2234,#2235,#2236);
#2239=CURVE_STYLE('',#11,POSITIVE_LENGTH_MEASURE(2.E-2),#4);
#2240=PRESENTATION_STYLE_ASSIGNMENT((#2239));
#2241=STYLED_ITEM('',(#2240),#2238);
#2242=CARTESIAN_POINT('',(-7.5E-1,-4.5E-1,2.E-1));
#2243=DIRECTION('',(0.E0,1.E0,0.E0));
#2244=DIRECTION('',(0.E0,0.E0,-1.E0));
#2245=AXIS2_PLACEMENT_3D('',#2242,#2243,#2244);
#2247=CURVE_STYLE('',#11,POSITIVE_LENGTH_MEASURE(2.E-2),#4);
#2248=PRESENTATION_STYLE_ASSIGNMENT((#2247));
#2249=STYLED_ITEM('',(#2248),#2246);
#2250=DIRECTION('',(0.E0,-1.E0,0.E0));
#2251=VECTOR('',#2250,6.E-1);
#2252=CARTESIAN_POINT('',(-7.5E-1,-4.5E-1,0.E0));
#2253=LINE('',#2252,#2251);
#2254=CURVE_STYLE('',#11,POSITIVE_LENGTH_MEASURE(2.E-2),#4);
#2255=PRESENTATION_STYLE_ASSIGNMENT((#2254));
#2256=STYLED_ITEM('',(#2255),#2253);
#2257=CARTESIAN_POINT('',(-7.5E-1,-4.5E-1,2.E-1));
#2258=DIRECTION('',(0.E0,1.E0,0.E0));
#2259=DIRECTION('',(-9.985261580119E-1,0.E0,-5.427256918640E-2));
#2260=AXIS2_PLACEMENT_3D('',#2257,#2258,#2259);
#2262=CURVE_STYLE('',#11,POSITIVE_LENGTH_MEASURE(2.E-2),#4);
#2263=PRESENTATION_STYLE_ASSIGNMENT((#2262));
#2264=STYLED_ITEM('',(#2263),#2261);
#2265=DIRECTION('',(9.985261580119E-1,0.E0,5.427256918640E-2));
#2266=VECTOR('',#2265,1.E-1);
#2267=CARTESIAN_POINT('',(-9.497052316024E-1,-4.5E-1,1.891454861627E-1));
#2268=LINE('',#2267,#2266);
#2269=CURVE_STYLE('',#11,POSITIVE_LENGTH_MEASURE(2.E-2),#4);
#2270=PRESENTATION_STYLE_ASSIGNMENT((#2269));
#2271=STYLED_ITEM('',(#2270),#2268);
#2272=CARTESIAN_POINT('',(-7.5E-1,-4.5E-1,2.E-1));
#2273=DIRECTION('',(0.E0,1.E0,0.E0));
#2274=DIRECTION('',(-9.985261580119E-1,0.E0,-5.427256918640E-2));
#2275=AXIS2_PLACEMENT_3D('',#2272,#2273,#2274);
#2277=CURVE_STYLE('',#11,POSITIVE_LENGTH_MEASURE(2.E-2),#4);
#2278=PRESENTATION_STYLE_ASSIGNMENT((#2277));
#2279=STYLED_ITEM('',(#2278),#2276);
#2280=DIRECTION('',(0.E0,-1.E0,0.E0));
#2281=VECTOR('',#2280,6.E-1);
#2282=CARTESIAN_POINT('',(-7.5E-1,-4.5E-1,1.E-1));
#2283=LINE('',#2282,#2281);
#2284=CURVE_STYLE('',#11,POSITIVE_LENGTH_MEASURE(2.E-2),#4);
#2285=PRESENTATION_STYLE_ASSIGNMENT((#2284));
#2286=STYLED_ITEM('',(#2285),#2283);
#2287=CARTESIAN_POINT('',(-7.5E-1,-1.05E0,2.E-1));
#2288=DIRECTION('',(0.E0,1.E0,0.E0));
#2289=DIRECTION('',(0.E0,0.E0,-1.E0));
#2290=AXIS2_PLACEMENT_3D('',#2287,#2288,#2289);
#2292=CURVE_STYLE('',#11,POSITIVE_LENGTH_MEASURE(2.E-2),#4);
#2293=PRESENTATION_STYLE_ASSIGNMENT((#2292));
#2294=STYLED_ITEM('',(#2293),#2291);
#2295=DIRECTION('',(1.E0,0.E0,0.E0));
#2296=VECTOR('',#2295,1.E-1);
#2297=CARTESIAN_POINT('',(-9.5E-1,-1.05E0,2.E-1));
#2298=LINE('',#2297,#2296);
#2299=CURVE_STYLE('',#11,POSITIVE_LENGTH_MEASURE(2.E-2),#4);
#2300=PRESENTATION_STYLE_ASSIGNMENT((#2299));
#2301=STYLED_ITEM('',(#2300),#2298);
#2302=CARTESIAN_POINT('',(-7.5E-1,-1.05E0,2.E-1));
#2303=DIRECTION('',(0.E0,1.E0,0.E0));
#2304=DIRECTION('',(0.E0,0.E0,-1.E0));
#2305=AXIS2_PLACEMENT_3D('',#2302,#2303,#2304);
#2307=CURVE_STYLE('',#11,POSITIVE_LENGTH_MEASURE(2.E-2),#4);
#2308=PRESENTATION_STYLE_ASSIGNMENT((#2307));
#2309=STYLED_ITEM('',(#2308),#2306);
#2310=DIRECTION('',(0.E0,0.E0,1.E0));
#2311=VECTOR('',#2310,3.E-1);
#2312=CARTESIAN_POINT('',(-9.5E-1,-1.05E0,2.E-1));
#2313=LINE('',#2312,#2311);
#2314=CURVE_STYLE('',#11,POSITIVE_LENGTH_MEASURE(2.E-2),#4);
#2315=PRESENTATION_STYLE_ASSIGNMENT((#2314));
#2316=STYLED_ITEM('',(#2315),#2313);
#2317=DIRECTION('',(1.E0,0.E0,0.E0));
#2318=VECTOR('',#2317,1.E-1);
#2319=CARTESIAN_POINT('',(-9.5E-1,-1.05E0,5.E-1));
#2320=LINE('',#2319,#2318);
#2321=CURVE_STYLE('',#11,POSITIVE_LENGTH_MEASURE(2.E-2),#4);
#2322=PRESENTATION_STYLE_ASSIGNMENT((#2321));
#2323=STYLED_ITEM('',(#2322),#2320);
#2324=DIRECTION('',(0.E0,0.E0,1.E0));
#2325=VECTOR('',#2324,3.E-1);
#2326=CARTESIAN_POINT('',(-8.5E-1,-1.05E0,2.E-1));
#2327=LINE('',#2326,#2325);
#2328=CURVE_STYLE('',#11,POSITIVE_LENGTH_MEASURE(2.E-2),#4);
#2329=PRESENTATION_STYLE_ASSIGNMENT((#2328));
#2330=STYLED_ITEM('',(#2329),#2327);
#2331=DIRECTION('',(0.E0,-1.E0,0.E0));
#2332=VECTOR('',#2331,5.877674759699E-1);
#2333=CARTESIAN_POINT('',(-9.5E-1,-4.622325240301E-1,2.E-1));
#2334=LINE('',#2333,#2332);
#2335=CURVE_STYLE('',#11,POSITIVE_LENGTH_MEASURE(2.E-2),#4);
#2336=PRESENTATION_STYLE_ASSIGNMENT((#2335));
#2337=STYLED_ITEM('',(#2336),#2334);
#2338=DIRECTION('',(0.E0,0.E0,1.E0));
#2339=VECTOR('',#2338,3.E-1);
#2340=CARTESIAN_POINT('',(-9.485092303283E-1,-4.378586553491E-1,2.E-1));
#2341=LINE('',#2340,#2339);
#2342=CURVE_STYLE('',#11,POSITIVE_LENGTH_MEASURE(2.E-2),#4);
#2343=PRESENTATION_STYLE_ASSIGNMENT((#2342));
#2344=STYLED_ITEM('',(#2343),#2341);
#2345=CARTESIAN_POINT('',(-7.5E-1,-4.622325240301E-1,5.E-1));
#2346=DIRECTION('',(0.E0,0.E0,1.E0));
#2347=DIRECTION('',(-9.925461516413E-1,1.218693434051E-1,0.E0));
#2348=AXIS2_PLACEMENT_3D('',#2345,#2346,#2347);
#2350=CURVE_STYLE('',#11,POSITIVE_LENGTH_MEASURE(2.E-2),#4);
#2351=PRESENTATION_STYLE_ASSIGNMENT((#2350));
#2352=STYLED_ITEM('',(#2351),#2349);
#2353=DIRECTION('',(0.E0,0.E0,1.E0));
#2354=VECTOR('',#2353,3.E-1);
#2355=CARTESIAN_POINT('',(-9.5E-1,-4.622325240301E-1,2.E-1));
#2356=LINE('',#2355,#2354);
#2357=CURVE_STYLE('',#11,POSITIVE_LENGTH_MEASURE(2.E-2),#4);
#2358=PRESENTATION_STYLE_ASSIGNMENT((#2357));
#2359=STYLED_ITEM('',(#2358),#2356);
#2360=CARTESIAN_POINT('',(-7.5E-1,-4.622325240301E-1,2.E-1));
#2361=DIRECTION('',(0.E0,0.E0,1.E0));
#2362=DIRECTION('',(-9.956981474812E-1,9.265634949945E-2,0.E0));
#2363=AXIS2_PLACEMENT_3D('',#2360,#2361,#2362);
#2365=CURVE_STYLE('',#11,POSITIVE_LENGTH_MEASURE(2.E-2),#4);
#2366=PRESENTATION_STYLE_ASSIGNMENT((#2365));
#2367=STYLED_ITEM('',(#2366),#2364);
#2368=CARTESIAN_POINT('',(-7.5E-1,-4.622325240301E-1,2.E-1));
#2369=DIRECTION('',(0.E0,0.E0,1.E0));
#2370=DIRECTION('',(-9.925461516413E-1,1.218693434051E-1,0.E0));
#2371=AXIS2_PLACEMENT_3D('',#2368,#2369,#2370);
#2373=CURVE_STYLE('',#11,POSITIVE_LENGTH_MEASURE(2.E-2),#4);
#2374=PRESENTATION_STYLE_ASSIGNMENT((#2373));
#2375=STYLED_ITEM('',(#2374),#2372);
#2376=DIRECTION('',(1.218693434051E-1,9.925461516413E-1,0.E0));
#2377=VECTOR('',#2376,9.814369764524E-1);
#2378=CARTESIAN_POINT('',(-9.485092303283E-1,-4.378586553491E-1,5.E-1));
#2379=LINE('',#2378,#2377);
#2380=CURVE_STYLE('',#11,POSITIVE_LENGTH_MEASURE(2.E-2),#4);
#2381=PRESENTATION_STYLE_ASSIGNMENT((#2380));
#2382=STYLED_ITEM('',(#2381),#2379);
#2383=DIRECTION('',(-1.218693434051E-1,-9.925461516413E-1,0.E0));
#2384=VECTOR('',#2383,9.814369764524E-1);
#2385=CARTESIAN_POINT('',(-8.289021504145E-1,5.362628387073E-1,2.E-1));
#2386=LINE('',#2385,#2384);
#2387=CURVE_STYLE('',#11,POSITIVE_LENGTH_MEASURE(2.E-2),#4);
#2388=PRESENTATION_STYLE_ASSIGNMENT((#2387));
#2389=STYLED_ITEM('',(#2388),#2386);
#2390=DIRECTION('',(-9.925461516413E-1,1.218693434051E-1,0.E0));
#2391=VECTOR('',#2390,1.E-1);
#2392=CARTESIAN_POINT('',(-7.296475352503E-1,5.240759043668E-1,5.E-1));
#2393=LINE('',#2392,#2391);
#2394=CURVE_STYLE('',#11,POSITIVE_LENGTH_MEASURE(2.E-2),#4);
#2395=PRESENTATION_STYLE_ASSIGNMENT((#2394));
#2396=STYLED_ITEM('',(#2395),#2393);
#2397=DIRECTION('',(0.E0,0.E0,-1.E0));
#2398=VECTOR('',#2397,3.E-1);
#2399=CARTESIAN_POINT('',(-7.301031518303E-1,5.762843932398E-1,5.E-1));
#2400=LINE('',#2399,#2398);
#2401=CURVE_STYLE('',#11,POSITIVE_LENGTH_MEASURE(2.E-2),#4);
#2402=PRESENTATION_STYLE_ASSIGNMENT((#2401));
#2403=STYLED_ITEM('',(#2402),#2400);
#2404=CARTESIAN_POINT('',(-9.281567655786E-1,5.484497730478E-1,2.E-1));
#2405=DIRECTION('',(0.E0,0.E0,-1.E0));
#2406=DIRECTION('',(9.902680687416E-1,1.391731009601E-1,0.E0));
#2407=AXIS2_PLACEMENT_3D('',#2404,#2405,#2406);
#2409=CURVE_STYLE('',#11,POSITIVE_LENGTH_MEASURE(2.E-2),#4);
#2410=PRESENTATION_STYLE_ASSIGNMENT((#2409));
#2411=STYLED_ITEM('',(#2410),#2408);
#2412=DIRECTION('',(0.E0,0.E0,-1.E0));
#2413=VECTOR('',#2412,3.E-1);
#2414=CARTESIAN_POINT('',(-7.296475352503E-1,5.240759043668E-1,5.E-1));
#2415=LINE('',#2414,#2413);
#2416=CURVE_STYLE('',#11,POSITIVE_LENGTH_MEASURE(2.E-2),#4);
#2417=PRESENTATION_STYLE_ASSIGNMENT((#2416));
#2418=STYLED_ITEM('',(#2417),#2415);
#2419=CARTESIAN_POINT('',(-9.281567655786E-1,5.484497730478E-1,5.E-1));
#2420=DIRECTION('',(0.E0,0.E0,-1.E0));
#2421=DIRECTION('',(9.902680687416E-1,1.391731009601E-1,0.E0));
#2422=AXIS2_PLACEMENT_3D('',#2419,#2420,#2421);
#2424=CURVE_STYLE('',#11,POSITIVE_LENGTH_MEASURE(2.E-2),#4);
#2425=PRESENTATION_STYLE_ASSIGNMENT((#2424));
#2426=STYLED_ITEM('',(#2425),#2423);
#2427=DIRECTION('',(-1.391731009601E-1,9.902680687416E-1,0.E0));
#2428=VECTOR('',#2427,3.736695004825E-1);
#2429=CARTESIAN_POINT('',(-7.301031518303E-1,5.762843932398E-1,2.E-1));
#2430=LINE('',#2429,#2428);
#2431=CURVE_STYLE('',#11,POSITIVE_LENGTH_MEASURE(2.E-2),#4);
#2432=PRESENTATION_STYLE_ASSIGNMENT((#2431));
#2433=STYLED_ITEM('',(#2432),#2430);
#2434=DIRECTION('',(1.391731009601E-1,-9.902680687416E-1,0.E0));
#2435=VECTOR('',#2434,3.736695004825E-1);
#2436=CARTESIAN_POINT('',(-7.821078949466E-1,9.463173678303E-1,5.E-1));
#2437=LINE('',#2436,#2435);
#2438=CURVE_STYLE('',#11,POSITIVE_LENGTH_MEASURE(2.E-2),#4);
#2439=PRESENTATION_STYLE_ASSIGNMENT((#2438));
#2440=STYLED_ITEM('',(#2439),#2437);
#2441=DIRECTION('',(0.E0,0.E0,1.E0));
#2442=VECTOR('',#2441,3.E-1);
#2443=CARTESIAN_POINT('',(-7.821078949466E-1,9.463173678303E-1,2.E-1));
#2444=LINE('',#2443,#2442);
#2445=CURVE_STYLE('',#11,POSITIVE_LENGTH_MEASURE(2.E-2),#4);
#2446=PRESENTATION_STYLE_ASSIGNMENT((#2445));
#2447=STYLED_ITEM('',(#2446),#2444);
#2448=DIRECTION('',(-9.902680687416E-1,-1.391731009601E-1,0.E0));
#2449=VECTOR('',#2448,1.E-1);
#2450=CARTESIAN_POINT('',(-7.821078949466E-1,9.463173678303E-1,2.E-1));
#2451=LINE('',#2450,#2449);
#2452=CURVE_STYLE('',#11,POSITIVE_LENGTH_MEASURE(2.E-2),#4);
#2453=PRESENTATION_STYLE_ASSIGNMENT((#2452));
#2454=STYLED_ITEM('',(#2453),#2451);
#2455=DIRECTION('',(-9.902680687416E-1,-1.391731009601E-1,0.E0));
#2456=VECTOR('',#2455,1.E-1);
#2457=CARTESIAN_POINT('',(-7.821078949466E-1,9.463173678303E-1,5.E-1));
#2458=LINE('',#2457,#2456);
#2459=CURVE_STYLE('',#11,POSITIVE_LENGTH_MEASURE(2.E-2),#4);
#2460=PRESENTATION_STYLE_ASSIGNMENT((#2459));
#2461=STYLED_ITEM('',(#2460),#2458);
#2462=DIRECTION('',(-9.902680687416E-1,-1.391731009601E-1,0.E0));
#2463=VECTOR('',#2462,1.E-1);
#2464=CARTESIAN_POINT('',(-7.301031518303E-1,5.762843932398E-1,5.E-1));
#2465=LINE('',#2464,#2463);
#2466=CURVE_STYLE('',#11,POSITIVE_LENGTH_MEASURE(2.E-2),#4);
#2467=PRESENTATION_STYLE_ASSIGNMENT((#2466));
#2468=STYLED_ITEM('',(#2467),#2465);
#2469=DIRECTION('',(-1.391731009601E-1,9.902680687416E-1,0.E0));
#2470=VECTOR('',#2469,3.736695004825E-1);
#2471=CARTESIAN_POINT('',(-8.291299587044E-1,5.623670831438E-1,2.E-1));
#2472=LINE('',#2471,#2470);
#2473=CURVE_STYLE('',#11,POSITIVE_LENGTH_MEASURE(2.E-2),#4);
#2474=PRESENTATION_STYLE_ASSIGNMENT((#2473));
#2475=STYLED_ITEM('',(#2474),#2472);
#2476=DIRECTION('',(0.E0,0.E0,1.E0));
#2477=VECTOR('',#2476,3.E-1);
#2478=CARTESIAN_POINT('',(-8.811347018208E-1,9.324000577343E-1,2.E-1));
#2479=LINE('',#2478,#2477);
#2480=CURVE_STYLE('',#11,POSITIVE_LENGTH_MEASURE(2.E-2),#4);
#2481=PRESENTATION_STYLE_ASSIGNMENT((#2480));
#2482=STYLED_ITEM('',(#2481),#2479);
#2483=DIRECTION('',(1.391731009601E-1,-9.902680687416E-1,0.E0));
#2484=VECTOR('',#2483,3.736695004825E-1);
#2485=CARTESIAN_POINT('',(-8.811347018208E-1,9.324000577343E-1,5.E-1));
#2486=LINE('',#2485,#2484);
#2487=CURVE_STYLE('',#11,POSITIVE_LENGTH_MEASURE(2.E-2),#4);
#2488=PRESENTATION_STYLE_ASSIGNMENT((#2487));
#2489=STYLED_ITEM('',(#2488),#2486);
#2490=DIRECTION('',(0.E0,0.E0,-1.E0));
#2491=VECTOR('',#2490,3.E-1);
#2492=CARTESIAN_POINT('',(-8.291299587044E-1,5.623670831438E-1,5.E-1));
#2493=LINE('',#2492,#2491);
#2494=CURVE_STYLE('',#11,POSITIVE_LENGTH_MEASURE(2.E-2),#4);
#2495=PRESENTATION_STYLE_ASSIGNMENT((#2494));
#2496=STYLED_ITEM('',(#2495),#2493);
#2497=CARTESIAN_POINT('',(-9.281567655786E-1,5.484497730478E-1,5.E-1));
#2498=DIRECTION('',(0.E0,0.E0,-1.E0));
#2499=DIRECTION('',(9.902680687416E-1,1.391731009601E-1,0.E0));
#2500=AXIS2_PLACEMENT_3D('',#2497,#2498,#2499);
#2502=CURVE_STYLE('',#11,POSITIVE_LENGTH_MEASURE(2.E-2),#4);
#2503=PRESENTATION_STYLE_ASSIGNMENT((#2502));
#2504=STYLED_ITEM('',(#2503),#2501);
#2505=DIRECTION('',(0.E0,0.E0,-1.E0));
#2506=VECTOR('',#2505,3.E-1);
#2507=CARTESIAN_POINT('',(-8.289021504145E-1,5.362628387073E-1,5.E-1));
#2508=LINE('',#2507,#2506);
#2509=CURVE_STYLE('',#11,POSITIVE_LENGTH_MEASURE(2.E-2),#4);
#2510=PRESENTATION_STYLE_ASSIGNMENT((#2509));
#2511=STYLED_ITEM('',(#2510),#2508);
#2512=CARTESIAN_POINT('',(-9.281567655786E-1,5.484497730478E-1,2.E-1));
#2513=DIRECTION('',(0.E0,0.E0,-1.E0));
#2514=DIRECTION('',(9.902680687416E-1,1.391731009601E-1,0.E0));
#2515=AXIS2_PLACEMENT_3D('',#2512,#2513,#2514);
#2517=CURVE_STYLE('',#11,POSITIVE_LENGTH_MEASURE(2.E-2),#4);
#2518=PRESENTATION_STYLE_ASSIGNMENT((#2517));
#2519=STYLED_ITEM('',(#2518),#2516);
#2520=DIRECTION('',(-9.902680687416E-1,-1.391731009601E-1,0.E0));
#2521=VECTOR('',#2520,1.E-1);
#2522=CARTESIAN_POINT('',(-7.301031518303E-1,5.762843932398E-1,2.E-1));
#2523=LINE('',#2522,#2521);
#2524=CURVE_STYLE('',#11,POSITIVE_LENGTH_MEASURE(2.E-2),#4);
#2525=PRESENTATION_STYLE_ASSIGNMENT((#2524));
#2526=STYLED_ITEM('',(#2525),#2523);
#2527=DIRECTION('',(9.925461516413E-1,-1.218693434051E-1,0.E0));
#2528=VECTOR('',#2527,1.E-1);
#2529=CARTESIAN_POINT('',(-9.485092303283E-1,-4.378586553491E-1,2.E-1));
#2530=LINE('',#2529,#2528);
#2531=CURVE_STYLE('',#11,POSITIVE_LENGTH_MEASURE(2.E-2),#4);
#2532=PRESENTATION_STYLE_ASSIGNMENT((#2531));
#2533=STYLED_ITEM('',(#2532),#2530);
#2534=DIRECTION('',(-9.925461516413E-1,1.218693434052E-1,0.E0));
#2535=VECTOR('',#2534,1.E-1);
#2536=CARTESIAN_POINT('',(-7.296475352503E-1,5.240759043668E-1,2.E-1));
#2537=LINE('',#2536,#2535);
#2538=CURVE_STYLE('',#11,POSITIVE_LENGTH_MEASURE(2.E-2),#4);
#2539=PRESENTATION_STYLE_ASSIGNMENT((#2538));
#2540=STYLED_ITEM('',(#2539),#2537);
#2541=DIRECTION('',(9.956981474812E-1,-9.265634949945E-2,0.E0));
#2542=VECTOR('',#2541,1.E-1);
#2543=CARTESIAN_POINT('',(-9.491396294962E-1,-4.437012541302E-1,2.E-1));
#2544=LINE('',#2543,#2542);
#2545=CURVE_STYLE('',#11,POSITIVE_LENGTH_MEASURE(2.E-2),#4);
#2546=PRESENTATION_STYLE_ASSIGNMENT((#2545));
#2547=STYLED_ITEM('',(#2546),#2544);
#2548=DIRECTION('',(1.E0,0.E0,0.E0));
#2549=VECTOR('',#2548,1.E-1);
#2550=CARTESIAN_POINT('',(-9.5E-1,-4.622325240301E-1,2.E-1));
#2551=LINE('',#2550,#2549);
#2552=CURVE_STYLE('',#11,POSITIVE_LENGTH_MEASURE(2.E-2),#4);
#2553=PRESENTATION_STYLE_ASSIGNMENT((#2552));
#2554=STYLED_ITEM('',(#2553),#2551);
#2555=DIRECTION('',(0.E0,-1.E0,0.E0));
#2556=VECTOR('',#2555,1.223252403010E-2);
#2557=CARTESIAN_POINT('',(-8.5E-1,-4.5E-1,2.E-1));
#2558=LINE('',#2557,#2556);
#2559=CURVE_STYLE('',#11,POSITIVE_LENGTH_MEASURE(2.E-2),#4);
#2560=PRESENTATION_STYLE_ASSIGNMENT((#2559));
#2561=STYLED_ITEM('',(#2560),#2558);
#2562=DIRECTION('',(0.E0,-1.E0,0.E0));
#2563=VECTOR('',#2562,1.223252403010E-2);
#2564=CARTESIAN_POINT('',(-9.5E-1,-4.5E-1,2.E-1));
#2565=LINE('',#2564,#2563);
#2566=CURVE_STYLE('',#11,POSITIVE_LENGTH_MEASURE(2.E-2),#4);
#2567=PRESENTATION_STYLE_ASSIGNMENT((#2566));
#2568=STYLED_ITEM('',(#2567),#2565);
#2569=DIRECTION('',(1.E0,0.E0,0.E0));
#2570=VECTOR('',#2569,1.E-1);
#2571=CARTESIAN_POINT('',(-9.5E-1,-4.5E-1,2.E-1));
#2572=LINE('',#2571,#2570);
#2573=CURVE_STYLE('',#11,POSITIVE_LENGTH_MEASURE(2.E-2),#4);
#2574=PRESENTATION_STYLE_ASSIGNMENT((#2573));
#2575=STYLED_ITEM('',(#2574),#2572);
#2576=DIRECTION('',(0.E0,0.E0,1.E0));
#2577=VECTOR('',#2576,3.E-1);
#2578=CARTESIAN_POINT('',(-8.492546151641E-1,-4.500455896896E-1,2.E-1));
#2579=LINE('',#2578,#2577);
#2580=CURVE_STYLE('',#11,POSITIVE_LENGTH_MEASURE(2.E-2),#4);
#2581=PRESENTATION_STYLE_ASSIGNMENT((#2580));
#2582=STYLED_ITEM('',(#2581),#2579);
#2583=CARTESIAN_POINT('',(-7.5E-1,-4.622325240301E-1,2.E-1));
#2584=DIRECTION('',(0.E0,0.E0,1.E0));
#2585=DIRECTION('',(-9.925461516413E-1,1.218693434051E-1,0.E0));
#2586=AXIS2_PLACEMENT_3D('',#2583,#2584,#2585);
#2588=CURVE_STYLE('',#11,POSITIVE_LENGTH_MEASURE(2.E-2),#4);
#2589=PRESENTATION_STYLE_ASSIGNMENT((#2588));
#2590=STYLED_ITEM('',(#2589),#2587);
#2591=CARTESIAN_POINT('',(-7.5E-1,-4.622325240301E-1,2.E-1));
#2592=DIRECTION('',(0.E0,0.E0,1.E0));
#2593=DIRECTION('',(-9.956981474812E-1,9.265634949944E-2,0.E0));
#2594=AXIS2_PLACEMENT_3D('',#2591,#2592,#2593);
#2596=CURVE_STYLE('',#11,POSITIVE_LENGTH_MEASURE(2.E-2),#4);
#2597=PRESENTATION_STYLE_ASSIGNMENT((#2596));
#2598=STYLED_ITEM('',(#2597),#2595);
#2599=DIRECTION('',(0.E0,0.E0,1.E0));
#2600=VECTOR('',#2599,3.E-1);
#2601=CARTESIAN_POINT('',(-8.5E-1,-4.622325240301E-1,2.E-1));
#2602=LINE('',#2601,#2600);
#2603=CURVE_STYLE('',#11,POSITIVE_LENGTH_MEASURE(2.E-2),#4);
#2604=PRESENTATION_STYLE_ASSIGNMENT((#2603));
#2605=STYLED_ITEM('',(#2604),#2602);
#2606=CARTESIAN_POINT('',(-7.5E-1,-4.622325240301E-1,5.E-1));
#2607=DIRECTION('',(0.E0,0.E0,1.E0));
#2608=DIRECTION('',(-9.925461516413E-1,1.218693434051E-1,0.E0));
#2609=AXIS2_PLACEMENT_3D('',#2606,#2607,#2608);
#2611=CURVE_STYLE('',#11,POSITIVE_LENGTH_MEASURE(2.E-2),#4);
#2612=PRESENTATION_STYLE_ASSIGNMENT((#2611));
#2613=STYLED_ITEM('',(#2612),#2610);
#2614=DIRECTION('',(1.218693434051E-1,9.925461516413E-1,0.E0));
#2615=VECTOR('',#2614,9.814369764524E-1);
#2616=CARTESIAN_POINT('',(-8.492546151641E-1,-4.500455896896E-1,5.E-1));
#2617=LINE('',#2616,#2615);
#2618=CURVE_STYLE('',#11,POSITIVE_LENGTH_MEASURE(2.E-2),#4);
#2619=PRESENTATION_STYLE_ASSIGNMENT((#2618));
#2620=STYLED_ITEM('',(#2619),#2617);
#2621=DIRECTION('',(-1.218693434051E-1,-9.925461516413E-1,0.E0));
#2622=VECTOR('',#2621,9.814369764524E-1);
#2623=CARTESIAN_POINT('',(-7.296475352503E-1,5.240759043668E-1,2.E-1));
#2624=LINE('',#2623,#2622);
#2625=CURVE_STYLE('',#11,POSITIVE_LENGTH_MEASURE(2.E-2),#4);
#2626=PRESENTATION_STYLE_ASSIGNMENT((#2625));
#2627=STYLED_ITEM('',(#2626),#2624);
#2628=DIRECTION('',(0.E0,-1.E0,0.E0));
#2629=VECTOR('',#2628,5.877674759699E-1);
#2630=CARTESIAN_POINT('',(-8.5E-1,-4.622325240301E-1,2.E-1));
#2631=LINE('',#2630,#2629);
#2632=CURVE_STYLE('',#11,POSITIVE_LENGTH_MEASURE(2.E-2),#4);
#2633=PRESENTATION_STYLE_ASSIGNMENT((#2632));
#2634=STYLED_ITEM('',(#2633),#2631);
#2635=DIRECTION('',(0.E0,-1.E0,0.E0));
#2636=VECTOR('',#2635,5.877674759699E-1);
#2637=CARTESIAN_POINT('',(-9.5E-1,-4.622325240301E-1,5.E-1));
#2638=LINE('',#2637,#2636);
#2639=CURVE_STYLE('',#11,POSITIVE_LENGTH_MEASURE(2.E-2),#4);
#2640=PRESENTATION_STYLE_ASSIGNMENT((#2639));
#2641=STYLED_ITEM('',(#2640),#2638);
#2642=DIRECTION('',(1.E0,0.E0,0.E0));
#2643=VECTOR('',#2642,1.E-1);
#2644=CARTESIAN_POINT('',(-9.5E-1,-4.622325240301E-1,5.E-1));
#2645=LINE('',#2644,#2643);
#2646=CURVE_STYLE('',#11,POSITIVE_LENGTH_MEASURE(2.E-2),#4);
#2647=PRESENTATION_STYLE_ASSIGNMENT((#2646));
#2648=STYLED_ITEM('',(#2647),#2645);
#2649=DIRECTION('',(0.E0,-1.E0,0.E0));
#2650=VECTOR('',#2649,5.877674759699E-1);
#2651=CARTESIAN_POINT('',(-8.5E-1,-4.622325240301E-1,5.E-1));
#2652=LINE('',#2651,#2650);
#2653=CURVE_STYLE('',#11,POSITIVE_LENGTH_MEASURE(2.E-2),#4);
#2654=PRESENTATION_STYLE_ASSIGNMENT((#2653));
#2655=STYLED_ITEM('',(#2654),#2652);
#2656=DIRECTION('',(9.925461516413E-1,-1.218693434051E-1,0.E0));
#2657=VECTOR('',#2656,1.E-1);
#2658=CARTESIAN_POINT('',(-9.485092303283E-1,-4.378586553491E-1,5.E-1));
#2659=LINE('',#2658,#2657);
#2660=CURVE_STYLE('',#11,POSITIVE_LENGTH_MEASURE(2.E-2),#4);
#2661=PRESENTATION_STYLE_ASSIGNMENT((#2660));
#2662=STYLED_ITEM('',(#2661),#2659);
#2663=DIRECTION('',(0.E0,0.E0,1.E0));
#2664=VECTOR('',#2663,1.E-1);
#2665=CARTESIAN_POINT('',(-7.5E-1,-1.05E0,0.E0));
#2666=LINE('',#2665,#2664);
#2667=CURVE_STYLE('',#11,POSITIVE_LENGTH_MEASURE(2.E-2),#4);
#2668=PRESENTATION_STYLE_ASSIGNMENT((#2667));
#2669=STYLED_ITEM('',(#2668),#2666);
#2670=CARTESIAN_POINT('',(9.398071209769E-1,7.650620089807E-1,0.E0));
#2671=DIRECTION('',(0.E0,0.E0,1.E0));
#2672=DIRECTION('',(9.342667638031E-1,-3.565748365390E-1,0.E0));
#2673=AXIS2_PLACEMENT_3D('',#2670,#2671,#2672);
#2675=CURVE_STYLE('',#11,POSITIVE_LENGTH_MEASURE(2.E-2),#4);
#2676=PRESENTATION_STYLE_ASSIGNMENT((#2675));
#2677=STYLED_ITEM('',(#2676),#2674);
#2678=DIRECTION('',(-7.897948719309E-1,6.133710624668E-1,0.E0));
#2679=VECTOR('',#2678,3.306891689516E-3);
#2680=CARTESIAN_POINT('',(9.5E-1,7.619291494296E-1,0.E0));
#2681=LINE('',#2680,#2679);
#2682=CURVE_STYLE('',#11,POSITIVE_LENGTH_MEASURE(2.E-2),#4);
#2683=PRESENTATION_STYLE_ASSIGNMENT((#2682));
#2684=STYLED_ITEM('',(#2683),#2681);
#2685=DIRECTION('',(0.E0,1.E0,0.E0));
#2686=VECTOR('',#2685,3.807085057039E-2);
#2687=CARTESIAN_POINT('',(9.5E-1,7.619291494296E-1,0.E0));
#2688=LINE('',#2687,#2686);
#2689=CURVE_STYLE('',#11,POSITIVE_LENGTH_MEASURE(2.E-2),#4);
#2690=PRESENTATION_STYLE_ASSIGNMENT((#2689));
#2691=STYLED_ITEM('',(#2690),#2688);
#2692=CARTESIAN_POINT('',(7.E-1,8.E-1,0.E0));
#2693=DIRECTION('',(0.E0,0.E0,-1.E0));
#2694=DIRECTION('',(0.E0,1.E0,0.E0));
#2695=AXIS2_PLACEMENT_3D('',#2692,#2693,#2694);
#2697=CURVE_STYLE('',#11,POSITIVE_LENGTH_MEASURE(2.E-2),#4);
#2698=PRESENTATION_STYLE_ASSIGNMENT((#2697));
#2699=STYLED_ITEM('',(#2698),#2696);
#2700=DIRECTION('',(-1.E0,0.E0,0.E0));
#2701=VECTOR('',#2700,3.705E-1);
#2702=CARTESIAN_POINT('',(7.E-1,1.05E0,0.E0));
#2703=LINE('',#2702,#2701);
#2704=CURVE_STYLE('',#11,POSITIVE_LENGTH_MEASURE(2.E-2),#4);
#2705=PRESENTATION_STYLE_ASSIGNMENT((#2704));
#2706=STYLED_ITEM('',(#2705),#2703);
#2707=DIRECTION('',(0.E0,-1.E0,0.E0));
#2708=VECTOR('',#2707,1.45E0);
#2709=CARTESIAN_POINT('',(3.295E-1,1.05E0,0.E0));
#2710=LINE('',#2709,#2708);
#2711=CURVE_STYLE('',#11,POSITIVE_LENGTH_MEASURE(2.E-2),#4);
#2712=PRESENTATION_STYLE_ASSIGNMENT((#2711));
#2713=STYLED_ITEM('',(#2712),#2710);
#2714=CARTESIAN_POINT('',(3.795E-1,-4.E-1,0.E0));
#2715=DIRECTION('',(0.E0,0.E0,-1.E0));
#2716=DIRECTION('',(0.E0,-1.E0,0.E0));
#2717=AXIS2_PLACEMENT_3D('',#2714,#2715,#2716);
#2719=CURVE_STYLE('',#11,POSITIVE_LENGTH_MEASURE(2.E-2),#4);
#2720=PRESENTATION_STYLE_ASSIGNMENT((#2719));
#2721=STYLED_ITEM('',(#2720),#2718);
#2722=DIRECTION('',(-1.E0,0.E0,0.E0));
#2723=VECTOR('',#2722,1.5E-1);
#2724=CARTESIAN_POINT('',(5.295E-1,-4.5E-1,0.E0));
#2725=LINE('',#2724,#2723);
#2726=CURVE_STYLE('',#11,POSITIVE_LENGTH_MEASURE(2.E-2),#4);
#2727=PRESENTATION_STYLE_ASSIGNMENT((#2726));
#2728=STYLED_ITEM('',(#2727),#2725);
#2729=DIRECTION('',(-1.E0,0.E0,0.E0));
#2730=VECTOR('',#2729,2.E-1);
#2731=CARTESIAN_POINT('',(5.295E-1,-6.E-1,0.E0));
#2732=LINE('',#2731,#2730);
#2733=CURVE_STYLE('',#11,POSITIVE_LENGTH_MEASURE(2.E-2),#4);
#2734=PRESENTATION_STYLE_ASSIGNMENT((#2733));
#2735=STYLED_ITEM('',(#2734),#2732);
#2736=DIRECTION('',(-1.E0,0.E0,0.E0));
#2737=VECTOR('',#2736,6.59E-1);
#2738=CARTESIAN_POINT('',(3.295E-1,-6.E-1,0.E0));
#2739=LINE('',#2738,#2737);
#2740=CURVE_STYLE('',#11,POSITIVE_LENGTH_MEASURE(2.E-2),#4);
#2741=PRESENTATION_STYLE_ASSIGNMENT((#2740));
#2742=STYLED_ITEM('',(#2741),#2739);
#2743=DIRECTION('',(1.E0,0.E0,0.E0));
#2744=VECTOR('',#2743,2.E-1);
#2745=CARTESIAN_POINT('',(-5.295E-1,-6.E-1,0.E0));
#2746=LINE('',#2745,#2744);
#2747=CURVE_STYLE('',#11,POSITIVE_LENGTH_MEASURE(2.E-2),#4);
#2748=PRESENTATION_STYLE_ASSIGNMENT((#2747));
#2749=STYLED_ITEM('',(#2748),#2746);
#2750=DIRECTION('',(1.E0,0.E0,0.E0));
#2751=VECTOR('',#2750,1.5E-1);
#2752=CARTESIAN_POINT('',(-5.295E-1,-4.5E-1,0.E0));
#2753=LINE('',#2752,#2751);
#2754=CURVE_STYLE('',#11,POSITIVE_LENGTH_MEASURE(2.E-2),#4);
#2755=PRESENTATION_STYLE_ASSIGNMENT((#2754));
#2756=STYLED_ITEM('',(#2755),#2753);
#2757=CARTESIAN_POINT('',(-3.795E-1,-4.E-1,0.E0));
#2758=DIRECTION('',(0.E0,0.E0,-1.E0));
#2759=DIRECTION('',(1.E0,0.E0,0.E0));
#2760=AXIS2_PLACEMENT_3D('',#2757,#2758,#2759);
#2762=CURVE_STYLE('',#11,POSITIVE_LENGTH_MEASURE(2.E-2),#4);
#2763=PRESENTATION_STYLE_ASSIGNMENT((#2762));
#2764=STYLED_ITEM('',(#2763),#2761);
#2765=DIRECTION('',(0.E0,1.E0,0.E0));
#2766=VECTOR('',#2765,1.2E0);
#2767=CARTESIAN_POINT('',(-3.295E-1,-4.E-1,0.E0));
#2768=LINE('',#2767,#2766);
#2769=CURVE_STYLE('',#11,POSITIVE_LENGTH_MEASURE(2.E-2),#4);
#2770=PRESENTATION_STYLE_ASSIGNMENT((#2769));
#2771=STYLED_ITEM('',(#2770),#2768);
#2772=DIRECTION('',(-1.E0,0.E0,0.E0));
#2773=VECTOR('',#2772,3.705E-1);
#2774=CARTESIAN_POINT('',(-3.295E-1,1.05E0,0.E0));
#2775=LINE('',#2774,#2773);
#2776=CURVE_STYLE('',#11,POSITIVE_LENGTH_MEASURE(2.E-2),#4);
#2777=PRESENTATION_STYLE_ASSIGNMENT((#2776));
#2778=STYLED_ITEM('',(#2777),#2775);
#2779=CARTESIAN_POINT('',(-7.E-1,8.E-1,0.E0));
#2780=DIRECTION('',(0.E0,0.E0,-1.E0));
#2781=DIRECTION('',(-1.E0,0.E0,0.E0));
#2782=AXIS2_PLACEMENT_3D('',#2779,#2780,#2781);
#2784=CURVE_STYLE('',#11,POSITIVE_LENGTH_MEASURE(2.E-2),#4);
#2785=PRESENTATION_STYLE_ASSIGNMENT((#2784));
#2786=STYLED_ITEM('',(#2785),#2783);
#2787=DIRECTION('',(0.E0,-1.E0,0.E0));
#2788=VECTOR('',#2787,3.807085057039E-2);
#2789=CARTESIAN_POINT('',(-9.5E-1,8.E-1,0.E0));
#2790=LINE('',#2789,#2788);
#2791=CURVE_STYLE('',#11,POSITIVE_LENGTH_MEASURE(2.E-2),#4);
#2792=PRESENTATION_STYLE_ASSIGNMENT((#2791));
#2793=STYLED_ITEM('',(#2792),#2790);
#2794=DIRECTION('',(7.897948719309E-1,6.133710624668E-1,0.E0));
#2795=VECTOR('',#2794,3.306891689516E-3);
#2796=CARTESIAN_POINT('',(-9.5E-1,7.619291494296E-1,0.E0));
#2797=LINE('',#2796,#2795);
#2798=CURVE_STYLE('',#11,POSITIVE_LENGTH_MEASURE(2.E-2),#4);
#2799=PRESENTATION_STYLE_ASSIGNMENT((#2798));
#2800=STYLED_ITEM('',(#2799),#2797);
#2801=CARTESIAN_POINT('',(-9.398071209769E-1,7.650620089807E-1,0.E0));
#2802=DIRECTION('',(0.E0,0.E0,1.E0));
#2803=DIRECTION('',(-9.895529356064E-1,-1.441699956053E-1,0.E0));
#2804=AXIS2_PLACEMENT_3D('',#2801,#2802,#2803);
#2806=CURVE_STYLE('',#11,POSITIVE_LENGTH_MEASURE(2.E-2),#4);
#2807=PRESENTATION_STYLE_ASSIGNMENT((#2806));
#2808=STYLED_ITEM('',(#2807),#2805);
#2809=CARTESIAN_POINT('',(-9.469646782771E-1,7.623302358692E-1,0.E0));
#2810=CARTESIAN_POINT('',(-9.370776443781E-1,7.367127364677E-1,0.E0));
#2811=CARTESIAN_POINT('',(-9.172190072912E-1,6.885554509071E-1,0.E0));
#2812=CARTESIAN_POINT('',(-8.920447024407E-1,6.242616827266E-1,0.E0));
#2813=CARTESIAN_POINT('',(-8.738486892652E-1,5.650541148822E-1,0.E0));
#2814=CARTESIAN_POINT('',(-8.644102255919E-1,5.116876090879E-1,0.E0));
#2815=CARTESIAN_POINT('',(-8.630433721214E-1,4.607465553749E-1,0.E0));
#2816=CARTESIAN_POINT('',(-8.687444883372E-1,4.059105438444E-1,0.E0));
#2817=CARTESIAN_POINT('',(-8.835313489232E-1,3.434308540276E-1,0.E0));
#2818=CARTESIAN_POINT('',(-9.083755903640E-1,2.751983336119E-1,0.E0));
#2819=CARTESIAN_POINT('',(-9.321287509130E-1,2.256986848445E-1,0.E0));
#2820=CARTESIAN_POINT('',(-9.458362542307E-1,2.E-1,0.E0));
#2822=CURVE_STYLE('',#11,POSITIVE_LENGTH_MEASURE(2.E-2),#4);
#2823=PRESENTATION_STYLE_ASSIGNMENT((#2822));
#2824=STYLED_ITEM('',(#2823),#2821);
#2825=DIRECTION('',(1.E0,0.E0,0.E0));
#2826=VECTOR('',#2825,4.163745769346E-3);
#2827=CARTESIAN_POINT('',(-9.5E-1,2.E-1,0.E0));
#2828=LINE('',#2827,#2826);
#2829=CURVE_STYLE('',#11,POSITIVE_LENGTH_MEASURE(2.E-2),#4);
#2830=PRESENTATION_STYLE_ASSIGNMENT((#2829));
#2831=STYLED_ITEM('',(#2830),#2828);
#2832=DIRECTION('',(0.E0,-1.E0,0.E0));
#2833=VECTOR('',#2832,6.E-1);
#2834=CARTESIAN_POINT('',(-9.5E-1,2.E-1,0.E0));
#2835=LINE('',#2834,#2833);
#2836=CURVE_STYLE('',#11,POSITIVE_LENGTH_MEASURE(2.E-2),#4);
#2837=PRESENTATION_STYLE_ASSIGNMENT((#2836));
#2838=STYLED_ITEM('',(#2837),#2835);
#2839=CARTESIAN_POINT('',(-9.E-1,-4.E-1,0.E0));
#2840=DIRECTION('',(0.E0,0.E0,-1.E0));
#2841=DIRECTION('',(0.E0,-1.E0,0.E0));
#2842=AXIS2_PLACEMENT_3D('',#2839,#2840,#2841);
#2844=CURVE_STYLE('',#11,POSITIVE_LENGTH_MEASURE(2.E-2),#4);
#2845=PRESENTATION_STYLE_ASSIGNMENT((#2844));
#2846=STYLED_ITEM('',(#2845),#2843);
#2847=DIRECTION('',(-1.E0,0.E0,0.E0));
#2848=VECTOR('',#2847,1.5E-1);
#2849=CARTESIAN_POINT('',(-7.5E-1,-4.5E-1,0.E0));
#2850=LINE('',#2849,#2848);
#2851=CURVE_STYLE('',#11,POSITIVE_LENGTH_MEASURE(2.E-2),#4);
#2852=PRESENTATION_STYLE_ASSIGNMENT((#2851));
#2853=STYLED_ITEM('',(#2852),#2850);
#2854=DIRECTION('',(1.E0,0.E0,0.E0));
#2855=VECTOR('',#2854,1.5E0);
#2856=CARTESIAN_POINT('',(-7.5E-1,-1.05E0,0.E0));
#2857=LINE('',#2856,#2855);
#2858=CURVE_STYLE('',#11,POSITIVE_LENGTH_MEASURE(2.E-2),#4);
#2859=PRESENTATION_STYLE_ASSIGNMENT((#2858));
#2860=STYLED_ITEM('',(#2859),#2857);
#2861=DIRECTION('',(1.E0,0.E0,0.E0));
#2862=VECTOR('',#2861,1.5E-1);
#2863=CARTESIAN_POINT('',(7.5E-1,-4.5E-1,0.E0));
#2864=LINE('',#2863,#2862);
#2865=CURVE_STYLE('',#11,POSITIVE_LENGTH_MEASURE(2.E-2),#4);
#2866=PRESENTATION_STYLE_ASSIGNMENT((#2865));
#2867=STYLED_ITEM('',(#2866),#2864);
#2868=CARTESIAN_POINT('',(9.E-1,-4.E-1,0.E0));
#2869=DIRECTION('',(0.E0,0.E0,-1.E0));
#2870=DIRECTION('',(1.E0,0.E0,0.E0));
#2871=AXIS2_PLACEMENT_3D('',#2868,#2869,#2870);
#2873=CURVE_STYLE('',#11,POSITIVE_LENGTH_MEASURE(2.E-2),#4);
#2874=PRESENTATION_STYLE_ASSIGNMENT((#2873));
#2875=STYLED_ITEM('',(#2874),#2872);
#2876=DIRECTION('',(0.E0,1.E0,0.E0));
#2877=VECTOR('',#2876,6.E-1);
#2878=CARTESIAN_POINT('',(9.5E-1,-4.E-1,0.E0));
#2879=LINE('',#2878,#2877);
#2880=CURVE_STYLE('',#11,POSITIVE_LENGTH_MEASURE(2.E-2),#4);
#2881=PRESENTATION_STYLE_ASSIGNMENT((#2880));
#2882=STYLED_ITEM('',(#2881),#2879);
#2883=DIRECTION('',(-1.E0,0.E0,0.E0));
#2884=VECTOR('',#2883,4.163745769346E-3);
#2885=CARTESIAN_POINT('',(9.5E-1,2.E-1,0.E0));
#2886=LINE('',#2885,#2884);
#2887=CURVE_STYLE('',#11,POSITIVE_LENGTH_MEASURE(2.E-2),#4);
#2888=PRESENTATION_STYLE_ASSIGNMENT((#2887));
#2889=STYLED_ITEM('',(#2888),#2886);
#2890=CARTESIAN_POINT('',(9.469646782771E-1,7.623302358692E-1,0.E0));
#2891=CARTESIAN_POINT('',(9.371484455048E-1,7.366105857841E-1,0.E0));
#2892=CARTESIAN_POINT('',(9.173356521282E-1,6.883177645158E-1,0.E0));
#2893=CARTESIAN_POINT('',(8.921330036322E-1,6.240081095193E-1,0.E0));
#2894=CARTESIAN_POINT('',(8.738741794776E-1,5.648473428315E-1,0.E0));
#2895=CARTESIAN_POINT('',(8.643951443058E-1,5.115865767865E-1,0.E0));
#2896=CARTESIAN_POINT('',(8.630037977562E-1,4.607813467184E-1,0.E0));
#2897=CARTESIAN_POINT('',(8.686703698780E-1,4.060702674983E-1,0.E0));
#2898=CARTESIAN_POINT('',(8.834344870296E-1,3.436353687277E-1,0.E0));
#2899=CARTESIAN_POINT('',(9.082922396665E-1,2.753611370272E-1,0.E0));
#2900=CARTESIAN_POINT('',(9.320942131701E-1,2.257634358461E-1,0.E0));
#2901=CARTESIAN_POINT('',(9.458362542307E-1,2.E-1,0.E0));
#2903=CURVE_STYLE('',#11,POSITIVE_LENGTH_MEASURE(2.E-2),#4);
#2904=PRESENTATION_STYLE_ASSIGNMENT((#2903));
#2905=STYLED_ITEM('',(#2904),#2902);
#2906=DIRECTION('',(0.E0,0.E0,1.E0));
#2907=VECTOR('',#2906,1.E-1);
#2908=CARTESIAN_POINT('',(9.E-1,-4.5E-1,0.E0));
#2909=LINE('',#2908,#2907);
#2910=CURVE_STYLE('',#11,POSITIVE_LENGTH_MEASURE(2.E-2),#4);
#2911=PRESENTATION_STYLE_ASSIGNMENT((#2910));
#2912=STYLED_ITEM('',(#2911),#2909);
#2913=DIRECTION('',(0.E0,0.E0,-1.E0));
#2914=VECTOR('',#2913,1.E-1);
#2915=CARTESIAN_POINT('',(9.5E-1,2.E-1,1.E-1));
#2916=LINE('',#2915,#2914);
#2917=CURVE_STYLE('',#11,POSITIVE_LENGTH_MEASURE(2.E-2),#4);
#2918=PRESENTATION_STYLE_ASSIGNMENT((#2917));
#2919=STYLED_ITEM('',(#2918),#2916);
#2920=DIRECTION('',(0.E0,0.E0,1.E0));
#2921=VECTOR('',#2920,1.E-1);
#2922=CARTESIAN_POINT('',(9.5E-1,-4.E-1,0.E0));
#2923=LINE('',#2922,#2921);
#2924=CURVE_STYLE('',#11,POSITIVE_LENGTH_MEASURE(2.E-2),#4);
#2925=PRESENTATION_STYLE_ASSIGNMENT((#2924));
#2926=STYLED_ITEM('',(#2925),#2923);
#2927=DIRECTION('',(0.E0,0.E0,-1.E0));
#2928=VECTOR('',#2927,1.E-1);
#2929=CARTESIAN_POINT('',(9.458362542307E-1,2.E-1,1.E-1));
#2930=LINE('',#2929,#2928);
#2931=CURVE_STYLE('',#11,POSITIVE_LENGTH_MEASURE(2.E-2),#4);
#2932=PRESENTATION_STYLE_ASSIGNMENT((#2931));
#2933=STYLED_ITEM('',(#2932),#2930);
#2934=DIRECTION('',(0.E0,0.E0,-1.E0));
#2935=VECTOR('',#2934,1.E-1);
#2936=CARTESIAN_POINT('',(9.469646782771E-1,7.623302358692E-1,1.E-1));
#2937=LINE('',#2936,#2935);
#2938=CURVE_STYLE('',#11,POSITIVE_LENGTH_MEASURE(2.E-2),#4);
#2939=PRESENTATION_STYLE_ASSIGNMENT((#2938));
#2940=STYLED_ITEM('',(#2939),#2937);
#2941=CARTESIAN_POINT('',(7.5E-1,-4.5E-1,2.E-1));
#2942=DIRECTION('',(0.E0,-1.E0,0.E0));
#2943=DIRECTION('',(0.E0,0.E0,-1.E0));
#2944=AXIS2_PLACEMENT_3D('',#2941,#2942,#2943);
#2946=CURVE_STYLE('',#11,POSITIVE_LENGTH_MEASURE(2.E-2),#4);
#2947=PRESENTATION_STYLE_ASSIGNMENT((#2946));
#2948=STYLED_ITEM('',(#2947),#2945);
#2949=DIRECTION('',(-9.985261580119E-1,0.E0,5.427256918640E-2));
#2950=VECTOR('',#2949,1.E-1);
#2951=CARTESIAN_POINT('',(9.497052316024E-1,-4.5E-1,1.891454861627E-1));
#2952=LINE('',#2951,#2950);
#2953=CURVE_STYLE('',#11,POSITIVE_LENGTH_MEASURE(2.E-2),#4);
#2954=PRESENTATION_STYLE_ASSIGNMENT((#2953));
#2955=STYLED_ITEM('',(#2954),#2952);
#2956=CARTESIAN_POINT('',(7.5E-1,-4.5E-1,2.E-1));
#2957=DIRECTION('',(0.E0,-1.E0,0.E0));
#2958=DIRECTION('',(0.E0,0.E0,-1.E0));
#2959=AXIS2_PLACEMENT_3D('',#2956,#2957,#2958);
#2961=CURVE_STYLE('',#11,POSITIVE_LENGTH_MEASURE(2.E-2),#4);
#2962=PRESENTATION_STYLE_ASSIGNMENT((#2961));
#2963=STYLED_ITEM('',(#2962),#2960);
#2964=DIRECTION('',(0.E0,0.E0,-1.E0));
#2965=VECTOR('',#2964,1.E-1);
#2966=CARTESIAN_POINT('',(7.5E-1,-4.5E-1,1.E-1));
#2967=LINE('',#2966,#2965);
#2968=CURVE_STYLE('',#11,POSITIVE_LENGTH_MEASURE(2.E-2),#4);
#2969=PRESENTATION_STYLE_ASSIGNMENT((#2968));
#2970=STYLED_ITEM('',(#2969),#2967);
#2971=CARTESIAN_POINT('',(7.5E-1,-4.5E-1,2.E-1));
#2972=DIRECTION('',(0.E0,-1.E0,0.E0));
#2973=DIRECTION('',(9.985261580119E-1,0.E0,-5.427256918640E-2));
#2974=AXIS2_PLACEMENT_3D('',#2971,#2972,#2973);
#2976=CURVE_STYLE('',#11,POSITIVE_LENGTH_MEASURE(2.E-2),#4);
#2977=PRESENTATION_STYLE_ASSIGNMENT((#2976));
#2978=STYLED_ITEM('',(#2977),#2975);
#2979=DIRECTION('',(-1.E0,0.E0,0.E0));
#2980=VECTOR('',#2979,1.E-1);
#2981=CARTESIAN_POINT('',(9.5E-1,-4.5E-1,2.E-1));
#2982=LINE('',#2981,#2980);
#2983=CURVE_STYLE('',#11,POSITIVE_LENGTH_MEASURE(2.E-2),#4);
#2984=PRESENTATION_STYLE_ASSIGNMENT((#2983));
#2985=STYLED_ITEM('',(#2984),#2982);
#2986=CARTESIAN_POINT('',(7.5E-1,-4.5E-1,2.E-1));
#2987=DIRECTION('',(0.E0,-1.E0,0.E0));
#2988=DIRECTION('',(9.985261580119E-1,0.E0,-5.427256918640E-2));
#2989=AXIS2_PLACEMENT_3D('',#2986,#2987,#2988);
#2991=CURVE_STYLE('',#11,POSITIVE_LENGTH_MEASURE(2.E-2),#4);
#2992=PRESENTATION_STYLE_ASSIGNMENT((#2991));
#2993=STYLED_ITEM('',(#2992),#2990);
#2994=DIRECTION('',(0.E0,1.E0,0.E0));
#2995=VECTOR('',#2994,5.877674759699E-1);
#2996=CARTESIAN_POINT('',(8.5E-1,-1.05E0,2.E-1));
#2997=LINE('',#2996,#2995);
#2998=CURVE_STYLE('',#11,POSITIVE_LENGTH_MEASURE(2.E-2),#4);
#2999=PRESENTATION_STYLE_ASSIGNMENT((#2998));
#3000=STYLED_ITEM('',(#2999),#2997);
#3001=DIRECTION('',(0.E0,0.E0,-1.E0));
#3002=VECTOR('',#3001,3.E-1);
#3003=CARTESIAN_POINT('',(8.492546151641E-1,-4.500455896896E-1,5.E-1));
#3004=LINE('',#3003,#3002);
#3005=CURVE_STYLE('',#11,POSITIVE_LENGTH_MEASURE(2.E-2),#4);
#3006=PRESENTATION_STYLE_ASSIGNMENT((#3005));
#3007=STYLED_ITEM('',(#3006),#3004);
#3008=CARTESIAN_POINT('',(7.5E-1,-4.622325240301E-1,5.E-1));
#3009=DIRECTION('',(0.E0,0.E0,-1.E0));
#3010=DIRECTION('',(9.925461516413E-1,1.218693434051E-1,0.E0));
#3011=AXIS2_PLACEMENT_3D('',#3008,#3009,#3010);
#3013=CURVE_STYLE('',#11,POSITIVE_LENGTH_MEASURE(2.E-2),#4);
#3014=PRESENTATION_STYLE_ASSIGNMENT((#3013));
#3015=STYLED_ITEM('',(#3014),#3012);
#3016=DIRECTION('',(0.E0,0.E0,-1.E0));
#3017=VECTOR('',#3016,3.E-1);
#3018=CARTESIAN_POINT('',(8.5E-1,-4.622325240301E-1,5.E-1));
#3019=LINE('',#3018,#3017);
#3020=CURVE_STYLE('',#11,POSITIVE_LENGTH_MEASURE(2.E-2),#4);
#3021=PRESENTATION_STYLE_ASSIGNMENT((#3020));
#3022=STYLED_ITEM('',(#3021),#3019);
#3023=CARTESIAN_POINT('',(7.5E-1,-4.622325240301E-1,2.E-1));
#3024=DIRECTION('',(0.E0,0.E0,-1.E0));
#3025=DIRECTION('',(9.956981474812E-1,9.265634949944E-2,0.E0));
#3026=AXIS2_PLACEMENT_3D('',#3023,#3024,#3025);
#3028=CURVE_STYLE('',#11,POSITIVE_LENGTH_MEASURE(2.E-2),#4);
#3029=PRESENTATION_STYLE_ASSIGNMENT((#3028));
#3030=STYLED_ITEM('',(#3029),#3027);
#3031=CARTESIAN_POINT('',(7.5E-1,-4.622325240301E-1,2.E-1));
#3032=DIRECTION('',(0.E0,0.E0,-1.E0));
#3033=DIRECTION('',(9.925461516413E-1,1.218693434051E-1,0.E0));
#3034=AXIS2_PLACEMENT_3D('',#3031,#3032,#3033);
#3036=CURVE_STYLE('',#11,POSITIVE_LENGTH_MEASURE(2.E-2),#4);
#3037=PRESENTATION_STYLE_ASSIGNMENT((#3036));
#3038=STYLED_ITEM('',(#3037),#3035);
#3039=DIRECTION('',(-1.218693434051E-1,9.925461516413E-1,0.E0));
#3040=VECTOR('',#3039,9.814369764524E-1);
#3041=CARTESIAN_POINT('',(8.492546151641E-1,-4.500455896896E-1,2.E-1));
#3042=LINE('',#3041,#3040);
#3043=CURVE_STYLE('',#11,POSITIVE_LENGTH_MEASURE(2.E-2),#4);
#3044=PRESENTATION_STYLE_ASSIGNMENT((#3043));
#3045=STYLED_ITEM('',(#3044),#3042);
#3046=DIRECTION('',(1.218693434051E-1,-9.925461516413E-1,0.E0));
#3047=VECTOR('',#3046,9.814369764524E-1);
#3048=CARTESIAN_POINT('',(7.296475352503E-1,5.240759043668E-1,5.E-1));
#3049=LINE('',#3048,#3047);
#3050=CURVE_STYLE('',#11,POSITIVE_LENGTH_MEASURE(2.E-2),#4);
#3051=PRESENTATION_STYLE_ASSIGNMENT((#3050));
#3052=STYLED_ITEM('',(#3051),#3049);
#3053=DIRECTION('',(-1.218693434051E-1,9.925461516413E-1,0.E0));
#3054=VECTOR('',#3053,9.814369764524E-1);
#3055=CARTESIAN_POINT('',(9.485092303283E-1,-4.378586553491E-1,2.E-1));
#3056=LINE('',#3055,#3054);
#3057=CURVE_STYLE('',#11,POSITIVE_LENGTH_MEASURE(2.E-2),#4);
#3058=PRESENTATION_STYLE_ASSIGNMENT((#3057));
#3059=STYLED_ITEM('',(#3058),#3056);
#3060=DIRECTION('',(1.218693434051E-1,-9.925461516413E-1,0.E0));
#3061=VECTOR('',#3060,9.814369764524E-1);
#3062=CARTESIAN_POINT('',(8.289021504145E-1,5.362628387073E-1,5.E-1));
#3063=LINE('',#3062,#3061);
#3064=CURVE_STYLE('',#11,POSITIVE_LENGTH_MEASURE(2.E-2),#4);
#3065=PRESENTATION_STYLE_ASSIGNMENT((#3064));
#3066=STYLED_ITEM('',(#3065),#3063);
#3067=DIRECTION('',(0.E0,0.E0,-1.E0));
#3068=VECTOR('',#3067,3.E-1);
#3069=CARTESIAN_POINT('',(9.485092303283E-1,-4.378586553491E-1,5.E-1));
#3070=LINE('',#3069,#3068);
#3071=CURVE_STYLE('',#11,POSITIVE_LENGTH_MEASURE(2.E-2),#4);
#3072=PRESENTATION_STYLE_ASSIGNMENT((#3071));
#3073=STYLED_ITEM('',(#3072),#3070);
#3074=CARTESIAN_POINT('',(7.5E-1,-4.622325240301E-1,2.E-1));
#3075=DIRECTION('',(0.E0,0.E0,-1.E0));
#3076=DIRECTION('',(9.925461516413E-1,1.218693434051E-1,0.E0));
#3077=AXIS2_PLACEMENT_3D('',#3074,#3075,#3076);
#3079=CURVE_STYLE('',#11,POSITIVE_LENGTH_MEASURE(2.E-2),#4);
#3080=PRESENTATION_STYLE_ASSIGNMENT((#3079));
#3081=STYLED_ITEM('',(#3080),#3078);
#3082=CARTESIAN_POINT('',(7.5E-1,-4.622325240301E-1,2.E-1));
#3083=DIRECTION('',(0.E0,0.E0,-1.E0));
#3084=DIRECTION('',(9.956981474812E-1,9.265634949944E-2,0.E0));
#3085=AXIS2_PLACEMENT_3D('',#3082,#3083,#3084);
#3087=CURVE_STYLE('',#11,POSITIVE_LENGTH_MEASURE(2.E-2),#4);
#3088=PRESENTATION_STYLE_ASSIGNMENT((#3087));
#3089=STYLED_ITEM('',(#3088),#3086);
#3090=DIRECTION('',(0.E0,0.E0,-1.E0));
#3091=VECTOR('',#3090,3.E-1);
#3092=CARTESIAN_POINT('',(9.5E-1,-4.622325240301E-1,5.E-1));
#3093=LINE('',#3092,#3091);
#3094=CURVE_STYLE('',#11,POSITIVE_LENGTH_MEASURE(2.E-2),#4);
#3095=PRESENTATION_STYLE_ASSIGNMENT((#3094));
#3096=STYLED_ITEM('',(#3095),#3093);
#3097=CARTESIAN_POINT('',(7.5E-1,-4.622325240301E-1,5.E-1));
#3098=DIRECTION('',(0.E0,0.E0,-1.E0));
#3099=DIRECTION('',(9.925461516413E-1,1.218693434051E-1,0.E0));
#3100=AXIS2_PLACEMENT_3D('',#3097,#3098,#3099);
#3102=CURVE_STYLE('',#11,POSITIVE_LENGTH_MEASURE(2.E-2),#4);
#3103=PRESENTATION_STYLE_ASSIGNMENT((#3102));
#3104=STYLED_ITEM('',(#3103),#3101);
#3105=DIRECTION('',(-9.925461516413E-1,-1.218693434051E-1,0.E0));
#3106=VECTOR('',#3105,1.E-1);
#3107=CARTESIAN_POINT('',(9.485092303283E-1,-4.378586553491E-1,2.E-1));
#3108=LINE('',#3107,#3106);
#3109=CURVE_STYLE('',#11,POSITIVE_LENGTH_MEASURE(2.E-2),#4);
#3110=PRESENTATION_STYLE_ASSIGNMENT((#3109));
#3111=STYLED_ITEM('',(#3110),#3108);
#3112=DIRECTION('',(-9.956981474812E-1,-9.265634949944E-2,0.E0));
#3113=VECTOR('',#3112,1.E-1);
#3114=CARTESIAN_POINT('',(9.491396294962E-1,-4.437012541302E-1,2.E-1));
#3115=LINE('',#3114,#3113);
#3116=CURVE_STYLE('',#11,POSITIVE_LENGTH_MEASURE(2.E-2),#4);
#3117=PRESENTATION_STYLE_ASSIGNMENT((#3116));
#3118=STYLED_ITEM('',(#3117),#3115);
#3119=DIRECTION('',(-1.E0,0.E0,0.E0));
#3120=VECTOR('',#3119,1.E-1);
#3121=CARTESIAN_POINT('',(9.5E-1,-4.622325240301E-1,5.E-1));
#3122=LINE('',#3121,#3120);
#3123=CURVE_STYLE('',#11,POSITIVE_LENGTH_MEASURE(2.E-2),#4);
#3124=PRESENTATION_STYLE_ASSIGNMENT((#3123));
#3125=STYLED_ITEM('',(#3124),#3122);
#3126=DIRECTION('',(0.E0,1.E0,0.E0));
#3127=VECTOR('',#3126,5.877674759699E-1);
#3128=CARTESIAN_POINT('',(9.5E-1,-1.05E0,5.E-1));
#3129=LINE('',#3128,#3127);
#3130=CURVE_STYLE('',#11,POSITIVE_LENGTH_MEASURE(2.E-2),#4);
#3131=PRESENTATION_STYLE_ASSIGNMENT((#3130));
#3132=STYLED_ITEM('',(#3131),#3129);
#3133=DIRECTION('',(-1.E0,0.E0,0.E0));
#3134=VECTOR('',#3133,1.E-1);
#3135=CARTESIAN_POINT('',(9.5E-1,-1.05E0,5.E-1));
#3136=LINE('',#3135,#3134);
#3137=CURVE_STYLE('',#11,POSITIVE_LENGTH_MEASURE(2.E-2),#4);
#3138=PRESENTATION_STYLE_ASSIGNMENT((#3137));
#3139=STYLED_ITEM('',(#3138),#3136);
#3140=DIRECTION('',(0.E0,1.E0,0.E0));
#3141=VECTOR('',#3140,5.877674759699E-1);
#3142=CARTESIAN_POINT('',(8.5E-1,-1.05E0,5.E-1));
#3143=LINE('',#3142,#3141);
#3144=CURVE_STYLE('',#11,POSITIVE_LENGTH_MEASURE(2.E-2),#4);
#3145=PRESENTATION_STYLE_ASSIGNMENT((#3144));
#3146=STYLED_ITEM('',(#3145),#3143);
#3147=DIRECTION('',(-9.925461516413E-1,-1.218693434051E-1,0.E0));
#3148=VECTOR('',#3147,1.E-1);
#3149=CARTESIAN_POINT('',(9.485092303283E-1,-4.378586553491E-1,5.E-1));
#3150=LINE('',#3149,#3148);
#3151=CURVE_STYLE('',#11,POSITIVE_LENGTH_MEASURE(2.E-2),#4);
#3152=PRESENTATION_STYLE_ASSIGNMENT((#3151));
#3153=STYLED_ITEM('',(#3152),#3150);
#3154=DIRECTION('',(9.925461516413E-1,1.218693434051E-1,0.E0));
#3155=VECTOR('',#3154,1.E-1);
#3156=CARTESIAN_POINT('',(7.296475352503E-1,5.240759043668E-1,5.E-1));
#3157=LINE('',#3156,#3155);
#3158=CURVE_STYLE('',#11,POSITIVE_LENGTH_MEASURE(2.E-2),#4);
#3159=PRESENTATION_STYLE_ASSIGNMENT((#3158));
#3160=STYLED_ITEM('',(#3159),#3157);
#3161=DIRECTION('',(9.902680687416E-1,-1.391731009601E-1,0.E0));
#3162=VECTOR('',#3161,1.E-1);
#3163=CARTESIAN_POINT('',(7.301031518303E-1,5.762843932398E-1,5.E-1));
#3164=LINE('',#3163,#3162);
#3165=CURVE_STYLE('',#11,POSITIVE_LENGTH_MEASURE(2.E-2),#4);
#3166=PRESENTATION_STYLE_ASSIGNMENT((#3165));
#3167=STYLED_ITEM('',(#3166),#3164);
#3168=DIRECTION('',(0.E0,0.E0,1.E0));
#3169=VECTOR('',#3168,3.E-1);
#3170=CARTESIAN_POINT('',(7.301031518303E-1,5.762843932398E-1,2.E-1));
#3171=LINE('',#3170,#3169);
#3172=CURVE_STYLE('',#11,POSITIVE_LENGTH_MEASURE(2.E-2),#4);
#3173=PRESENTATION_STYLE_ASSIGNMENT((#3172));
#3174=STYLED_ITEM('',(#3173),#3171);
#3175=CARTESIAN_POINT('',(9.281567655786E-1,5.484497730478E-1,5.E-1));
#3176=DIRECTION('',(0.E0,0.E0,1.E0));
#3177=DIRECTION('',(-9.902680687416E-1,1.391731009601E-1,0.E0));
#3178=AXIS2_PLACEMENT_3D('',#3175,#3176,#3177);
#3180=CURVE_STYLE('',#11,POSITIVE_LENGTH_MEASURE(2.E-2),#4);
#3181=PRESENTATION_STYLE_ASSIGNMENT((#3180));
#3182=STYLED_ITEM('',(#3181),#3179);
#3183=DIRECTION('',(0.E0,0.E0,1.E0));
#3184=VECTOR('',#3183,3.E-1);
#3185=CARTESIAN_POINT('',(7.296475352503E-1,5.240759043668E-1,2.E-1));
#3186=LINE('',#3185,#3184);
#3187=CURVE_STYLE('',#11,POSITIVE_LENGTH_MEASURE(2.E-2),#4);
#3188=PRESENTATION_STYLE_ASSIGNMENT((#3187));
#3189=STYLED_ITEM('',(#3188),#3186);
#3190=CARTESIAN_POINT('',(9.281567655786E-1,5.484497730478E-1,2.E-1));
#3191=DIRECTION('',(0.E0,0.E0,1.E0));
#3192=DIRECTION('',(-9.902680687416E-1,1.391731009601E-1,0.E0));
#3193=AXIS2_PLACEMENT_3D('',#3190,#3191,#3192);
#3195=CURVE_STYLE('',#11,POSITIVE_LENGTH_MEASURE(2.E-2),#4);
#3196=PRESENTATION_STYLE_ASSIGNMENT((#3195));
#3197=STYLED_ITEM('',(#3196),#3194);
#3198=DIRECTION('',(1.391731009601E-1,9.902680687416E-1,0.E0));
#3199=VECTOR('',#3198,3.736695004825E-1);
#3200=CARTESIAN_POINT('',(7.301031518303E-1,5.762843932398E-1,5.E-1));
#3201=LINE('',#3200,#3199);
#3202=CURVE_STYLE('',#11,POSITIVE_LENGTH_MEASURE(2.E-2),#4);
#3203=PRESENTATION_STYLE_ASSIGNMENT((#3202));
#3204=STYLED_ITEM('',(#3203),#3201);
#3205=DIRECTION('',(-1.391731009601E-1,-9.902680687416E-1,0.E0));
#3206=VECTOR('',#3205,3.736695004825E-1);
#3207=CARTESIAN_POINT('',(7.821078949466E-1,9.463173678303E-1,2.E-1));
#3208=LINE('',#3207,#3206);
#3209=CURVE_STYLE('',#11,POSITIVE_LENGTH_MEASURE(2.E-2),#4);
#3210=PRESENTATION_STYLE_ASSIGNMENT((#3209));
#3211=STYLED_ITEM('',(#3210),#3208);
#3212=DIRECTION('',(0.E0,0.E0,-1.E0));
#3213=VECTOR('',#3212,3.E-1);
#3214=CARTESIAN_POINT('',(7.821078949466E-1,9.463173678303E-1,5.E-1));
#3215=LINE('',#3214,#3213);
#3216=CURVE_STYLE('',#11,POSITIVE_LENGTH_MEASURE(2.E-2),#4);
#3217=PRESENTATION_STYLE_ASSIGNMENT((#3216));
#3218=STYLED_ITEM('',(#3217),#3215);
#3219=DIRECTION('',(9.902680687416E-1,-1.391731009601E-1,0.E0));
#3220=VECTOR('',#3219,1.E-1);
#3221=CARTESIAN_POINT('',(7.821078949466E-1,9.463173678303E-1,5.E-1));
#3222=LINE('',#3221,#3220);
#3223=CURVE_STYLE('',#11,POSITIVE_LENGTH_MEASURE(2.E-2),#4);
#3224=PRESENTATION_STYLE_ASSIGNMENT((#3223));
#3225=STYLED_ITEM('',(#3224),#3222);
#3226=DIRECTION('',(9.902680687416E-1,-1.391731009601E-1,0.E0));
#3227=VECTOR('',#3226,1.E-1);
#3228=CARTESIAN_POINT('',(7.821078949466E-1,9.463173678303E-1,2.E-1));
#3229=LINE('',#3228,#3227);
#3230=CURVE_STYLE('',#11,POSITIVE_LENGTH_MEASURE(2.E-2),#4);
#3231=PRESENTATION_STYLE_ASSIGNMENT((#3230));
#3232=STYLED_ITEM('',(#3231),#3229);
#3233=DIRECTION('',(9.902680687416E-1,-1.391731009601E-1,0.E0));
#3234=VECTOR('',#3233,1.E-1);
#3235=CARTESIAN_POINT('',(7.301031518303E-1,5.762843932398E-1,2.E-1));
#3236=LINE('',#3235,#3234);
#3237=CURVE_STYLE('',#11,POSITIVE_LENGTH_MEASURE(2.E-2),#4);
#3238=PRESENTATION_STYLE_ASSIGNMENT((#3237));
#3239=STYLED_ITEM('',(#3238),#3236);
#3240=DIRECTION('',(9.925461516413E-1,1.218693434051E-1,0.E0));
#3241=VECTOR('',#3240,1.E-1);
#3242=CARTESIAN_POINT('',(7.296475352503E-1,5.240759043668E-1,2.E-1));
#3243=LINE('',#3242,#3241);
#3244=CURVE_STYLE('',#11,POSITIVE_LENGTH_MEASURE(2.E-2),#4);
#3245=PRESENTATION_STYLE_ASSIGNMENT((#3244));
#3246=STYLED_ITEM('',(#3245),#3243);
#3247=DIRECTION('',(0.E0,0.E0,1.E0));
#3248=VECTOR('',#3247,3.E-1);
#3249=CARTESIAN_POINT('',(8.291299587044E-1,5.623670831438E-1,2.E-1));
#3250=LINE('',#3249,#3248);
#3251=CURVE_STYLE('',#11,POSITIVE_LENGTH_MEASURE(2.E-2),#4);
#3252=PRESENTATION_STYLE_ASSIGNMENT((#3251));
#3253=STYLED_ITEM('',(#3252),#3250);
#3254=CARTESIAN_POINT('',(9.281567655786E-1,5.484497730478E-1,2.E-1));
#3255=DIRECTION('',(0.E0,0.E0,1.E0));
#3256=DIRECTION('',(-9.902680687416E-1,1.391731009601E-1,0.E0));
#3257=AXIS2_PLACEMENT_3D('',#3254,#3255,#3256);
#3259=CURVE_STYLE('',#11,POSITIVE_LENGTH_MEASURE(2.E-2),#4);
#3260=PRESENTATION_STYLE_ASSIGNMENT((#3259));
#3261=STYLED_ITEM('',(#3260),#3258);
#3262=DIRECTION('',(0.E0,0.E0,1.E0));
#3263=VECTOR('',#3262,3.E-1);
#3264=CARTESIAN_POINT('',(8.289021504145E-1,5.362628387073E-1,2.E-1));
#3265=LINE('',#3264,#3263);
#3266=CURVE_STYLE('',#11,POSITIVE_LENGTH_MEASURE(2.E-2),#4);
#3267=PRESENTATION_STYLE_ASSIGNMENT((#3266));
#3268=STYLED_ITEM('',(#3267),#3265);
#3269=CARTESIAN_POINT('',(9.281567655786E-1,5.484497730478E-1,5.E-1));
#3270=DIRECTION('',(0.E0,0.E0,1.E0));
#3271=DIRECTION('',(-9.902680687416E-1,1.391731009601E-1,0.E0));
#3272=AXIS2_PLACEMENT_3D('',#3269,#3270,#3271);
#3274=CURVE_STYLE('',#11,POSITIVE_LENGTH_MEASURE(2.E-2),#4);
#3275=PRESENTATION_STYLE_ASSIGNMENT((#3274));
#3276=STYLED_ITEM('',(#3275),#3273);
#3277=DIRECTION('',(1.391731009601E-1,9.902680687416E-1,0.E0));
#3278=VECTOR('',#3277,3.736695004825E-1);
#3279=CARTESIAN_POINT('',(8.291299587044E-1,5.623670831438E-1,5.E-1));
#3280=LINE('',#3279,#3278);
#3281=CURVE_STYLE('',#11,POSITIVE_LENGTH_MEASURE(2.E-2),#4);
#3282=PRESENTATION_STYLE_ASSIGNMENT((#3281));
#3283=STYLED_ITEM('',(#3282),#3280);
#3284=DIRECTION('',(0.E0,0.E0,-1.E0));
#3285=VECTOR('',#3284,3.E-1);
#3286=CARTESIAN_POINT('',(8.811347018208E-1,9.324000577343E-1,5.E-1));
#3287=LINE('',#3286,#3285);
#3288=CURVE_STYLE('',#11,POSITIVE_LENGTH_MEASURE(2.E-2),#4);
#3289=PRESENTATION_STYLE_ASSIGNMENT((#3288));
#3290=STYLED_ITEM('',(#3289),#3287);
#3291=DIRECTION('',(-1.391731009601E-1,-9.902680687416E-1,0.E0));
#3292=VECTOR('',#3291,3.736695004825E-1);
#3293=CARTESIAN_POINT('',(8.811347018208E-1,9.324000577343E-1,2.E-1));
#3294=LINE('',#3293,#3292);
#3295=CURVE_STYLE('',#11,POSITIVE_LENGTH_MEASURE(2.E-2),#4);
#3296=PRESENTATION_STYLE_ASSIGNMENT((#3295));
#3297=STYLED_ITEM('',(#3296),#3294);
#3298=CARTESIAN_POINT('',(3.295E-1,-6.E-1,1.E-1));
#3299=CARTESIAN_POINT('',(-3.295E-1,-6.E-1,1.E-1));
#3300=VERTEX_POINT('',#3298);
#3301=VERTEX_POINT('',#3299);
#3302=CARTESIAN_POINT('',(3.295E-1,-6.E-1,0.E0));
#3303=CARTESIAN_POINT('',(-3.295E-1,-6.E-1,0.E0));
#3304=VERTEX_POINT('',#3302);
#3305=VERTEX_POINT('',#3303);
#3306=CARTESIAN_POINT('',(-3.295E-1,1.05E0,1.E-1));
#3307=CARTESIAN_POINT('',(-3.295E-1,1.05E0,0.E0));
#3308=VERTEX_POINT('',#3306);
#3309=VERTEX_POINT('',#3307);
#3310=CARTESIAN_POINT('',(7.5E-1,-4.5E-1,1.E-1));
#3311=CARTESIAN_POINT('',(7.5E-1,-4.5E-1,0.E0));
#3312=VERTEX_POINT('',#3310);
#3313=VERTEX_POINT('',#3311);
#3314=CARTESIAN_POINT('',(7.5E-1,-1.05E0,0.E0));
#3315=CARTESIAN_POINT('',(9.5E-1,-1.05E0,2.E-1));
#3316=VERTEX_POINT('',#3314);
#3317=VERTEX_POINT('',#3315);
#3318=CARTESIAN_POINT('',(9.5E-1,-1.05E0,5.E-1));
#3319=VERTEX_POINT('',#3318);
#3320=CARTESIAN_POINT('',(7.5E-1,-1.05E0,1.E-1));
#3321=CARTESIAN_POINT('',(8.5E-1,-1.05E0,2.E-1));
#3322=VERTEX_POINT('',#3320);
#3323=VERTEX_POINT('',#3321);
#3324=CARTESIAN_POINT('',(8.5E-1,-1.05E0,5.E-1));
#3325=VERTEX_POINT('',#3324);
#3326=CARTESIAN_POINT('',(9.497052316024E-1,-4.5E-1,1.891454861627E-1));
#3327=VERTEX_POINT('',#3326);
#3328=CARTESIAN_POINT('',(9.5E-1,-4.5E-1,2.E-1));
#3329=VERTEX_POINT('',#3328);
#3330=CARTESIAN_POINT('',(8.498526158012E-1,-4.5E-1,1.945727430814E-1));
#3331=VERTEX_POINT('',#3330);
#3332=CARTESIAN_POINT('',(8.5E-1,-4.5E-1,2.E-1));
#3333=VERTEX_POINT('',#3332);
#3334=CARTESIAN_POINT('',(8.5E-1,-4.622325240301E-1,2.E-1));
#3335=VERTEX_POINT('',#3334);
#3336=CARTESIAN_POINT('',(9.5E-1,-4.622325240301E-1,2.E-1));
#3337=VERTEX_POINT('',#3336);
#3338=CARTESIAN_POINT('',(9.485092303283E-1,-4.378586553491E-1,5.E-1));
#3339=CARTESIAN_POINT('',(9.485092303283E-1,-4.378586553491E-1,2.E-1));
#3340=VERTEX_POINT('',#3338);
#3341=VERTEX_POINT('',#3339);
#3342=CARTESIAN_POINT('',(9.5E-1,-4.622325240301E-1,5.E-1));
#3343=VERTEX_POINT('',#3342);
#3344=CARTESIAN_POINT('',(8.492546151641E-1,-4.500455896896E-1,5.E-1));
#3345=CARTESIAN_POINT('',(8.492546151641E-1,-4.500455896896E-1,2.E-1));
#3346=VERTEX_POINT('',#3344);
#3347=VERTEX_POINT('',#3345);
#3348=CARTESIAN_POINT('',(8.5E-1,-4.622325240301E-1,5.E-1));
#3349=VERTEX_POINT('',#3348);
#3350=CARTESIAN_POINT('',(9.491396294962E-1,-4.437012541302E-1,2.E-1));
#3351=VERTEX_POINT('',#3350);
#3352=CARTESIAN_POINT('',(8.495698147481E-1,-4.529668890802E-1,2.E-1));
#3353=VERTEX_POINT('',#3352);
#3354=CARTESIAN_POINT('',(7.301031518303E-1,5.762843932398E-1,5.E-1));
#3355=CARTESIAN_POINT('',(7.821078949466E-1,9.463173678303E-1,5.E-1));
#3356=VERTEX_POINT('',#3354);
#3357=VERTEX_POINT('',#3355);
#3358=CARTESIAN_POINT('',(7.821078949466E-1,9.463173678303E-1,2.E-1));
#3359=VERTEX_POINT('',#3358);
#3360=CARTESIAN_POINT('',(7.301031518303E-1,5.762843932398E-1,2.E-1));
#3361=VERTEX_POINT('',#3360);
#3362=CARTESIAN_POINT('',(7.296475352503E-1,5.240759043668E-1,5.E-1));
#3363=VERTEX_POINT('',#3362);
#3364=CARTESIAN_POINT('',(7.296475352503E-1,5.240759043668E-1,2.E-1));
#3365=VERTEX_POINT('',#3364);
#3366=CARTESIAN_POINT('',(8.291299587044E-1,5.623670831438E-1,5.E-1));
#3367=CARTESIAN_POINT('',(8.811347018208E-1,9.324000577343E-1,5.E-1));
#3368=VERTEX_POINT('',#3366);
#3369=VERTEX_POINT('',#3367);
#3370=CARTESIAN_POINT('',(8.811347018208E-1,9.324000577343E-1,2.E-1));
#3371=VERTEX_POINT('',#3370);
#3372=CARTESIAN_POINT('',(8.291299587044E-1,5.623670831438E-1,2.E-1));
#3373=VERTEX_POINT('',#3372);
#3374=CARTESIAN_POINT('',(8.289021504145E-1,5.362628387073E-1,5.E-1));
#3375=VERTEX_POINT('',#3374);
#3376=CARTESIAN_POINT('',(8.289021504145E-1,5.362628387073E-1,2.E-1));
#3377=VERTEX_POINT('',#3376);
#3378=CARTESIAN_POINT('',(9.E-1,-4.5E-1,1.E-1));
#3379=CARTESIAN_POINT('',(9.5E-1,-4.E-1,1.E-1));
#3380=VERTEX_POINT('',#3378);
#3381=VERTEX_POINT('',#3379);
#3382=CARTESIAN_POINT('',(9.5E-1,-4.E-1,0.E0));
#3383=VERTEX_POINT('',#3382);
#3384=CARTESIAN_POINT('',(9.E-1,-4.5E-1,0.E0));
#3385=VERTEX_POINT('',#3384);
#3386=CARTESIAN_POINT('',(3.295E-1,1.05E0,1.E-1));
#3387=CARTESIAN_POINT('',(3.295E-1,1.05E0,0.E0));
#3388=VERTEX_POINT('',#3386);
#3389=VERTEX_POINT('',#3387);
#3390=CARTESIAN_POINT('',(5.295E-1,-4.5E-1,1.E-1));
#3391=CARTESIAN_POINT('',(5.295E-1,-4.5E-1,0.E0));
#3392=VERTEX_POINT('',#3390);
#3393=VERTEX_POINT('',#3391);
#3394=CARTESIAN_POINT('',(5.295E-1,-6.E-1,1.E-1));
#3395=VERTEX_POINT('',#3394);
#3396=CARTESIAN_POINT('',(5.295E-1,-6.E-1,0.E0));
#3397=VERTEX_POINT('',#3396);
#3398=CARTESIAN_POINT('',(3.295E-1,-6.E-1,2.E-1));
#3399=CARTESIAN_POINT('',(3.295E-1,-6.E-1,5.E-1));
#3400=VERTEX_POINT('',#3398);
#3401=VERTEX_POINT('',#3399);
#3402=CARTESIAN_POINT('',(4.295E-1,-6.E-1,2.E-1));
#3403=CARTESIAN_POINT('',(4.295E-1,-6.E-1,5.E-1));
#3404=VERTEX_POINT('',#3402);
#3405=VERTEX_POINT('',#3403);
#3406=CARTESIAN_POINT('',(3.297947683976E-1,-4.5E-1,1.891454861627E-1));
#3407=VERTEX_POINT('',#3406);
#3408=CARTESIAN_POINT('',(3.295E-1,-4.5E-1,2.E-1));
#3409=VERTEX_POINT('',#3408);
#3410=CARTESIAN_POINT('',(4.296473841988E-1,-4.5E-1,1.945727430814E-1));
#3411=VERTEX_POINT('',#3410);
#3412=CARTESIAN_POINT('',(4.295E-1,-4.5E-1,2.E-1));
#3413=VERTEX_POINT('',#3412);
#3414=CARTESIAN_POINT('',(3.297947683976E-1,-6.E-1,1.891454861627E-1));
#3415=VERTEX_POINT('',#3414);
#3416=CARTESIAN_POINT('',(4.296473841988E-1,-6.E-1,1.945727430814E-1));
#3417=VERTEX_POINT('',#3416);
#3418=CARTESIAN_POINT('',(4.295E-1,-4.622325240301E-1,2.E-1));
#3419=VERTEX_POINT('',#3418);
#3420=CARTESIAN_POINT('',(3.295E-1,-4.622325240301E-1,2.E-1));
#3421=VERTEX_POINT('',#3420);
#3422=CARTESIAN_POINT('',(3.309907696717E-1,-4.378586553491E-1,2.E-1));
#3423=CARTESIAN_POINT('',(3.309907696717E-1,-4.378586553491E-1,5.E-1));
#3424=VERTEX_POINT('',#3422);
#3425=VERTEX_POINT('',#3423);
#3426=CARTESIAN_POINT('',(3.295E-1,-4.622325240301E-1,5.E-1));
#3427=VERTEX_POINT('',#3426);
#3428=CARTESIAN_POINT('',(4.302453848359E-1,-4.500455896896E-1,2.E-1));
#3429=CARTESIAN_POINT('',(4.302453848359E-1,-4.500455896896E-1,5.E-1));
#3430=VERTEX_POINT('',#3428);
#3431=VERTEX_POINT('',#3429);
#3432=CARTESIAN_POINT('',(4.295E-1,-4.622325240301E-1,5.E-1));
#3433=VERTEX_POINT('',#3432);
#3434=CARTESIAN_POINT('',(3.303603705038E-1,-4.437012541302E-1,2.E-1));
#3435=VERTEX_POINT('',#3434);
#3436=CARTESIAN_POINT('',(4.299301852519E-1,-4.529668890802E-1,2.E-1));
#3437=VERTEX_POINT('',#3436);
#3438=CARTESIAN_POINT('',(5.493968481697E-1,5.762843932398E-1,2.E-1));
#3439=CARTESIAN_POINT('',(4.973921050534E-1,9.463173678303E-1,2.E-1));
#3440=VERTEX_POINT('',#3438);
#3441=VERTEX_POINT('',#3439);
#3442=CARTESIAN_POINT('',(4.973921050534E-1,9.463173678303E-1,5.E-1));
#3443=VERTEX_POINT('',#3442);
#3444=CARTESIAN_POINT('',(5.493968481697E-1,5.762843932398E-1,5.E-1));
#3445=VERTEX_POINT('',#3444);
#3446=CARTESIAN_POINT('',(5.498524647497E-1,5.240759043668E-1,2.E-1));
#3447=VERTEX_POINT('',#3446);
#3448=CARTESIAN_POINT('',(5.498524647497E-1,5.240759043668E-1,5.E-1));
#3449=VERTEX_POINT('',#3448);
#3450=CARTESIAN_POINT('',(4.503700412956E-1,5.623670831438E-1,2.E-1));
#3451=CARTESIAN_POINT('',(3.983652981792E-1,9.324000577343E-1,2.E-1));
#3452=VERTEX_POINT('',#3450);
#3453=VERTEX_POINT('',#3451);
#3454=CARTESIAN_POINT('',(3.983652981792E-1,9.324000577343E-1,5.E-1));
#3455=VERTEX_POINT('',#3454);
#3456=CARTESIAN_POINT('',(4.503700412956E-1,5.623670831438E-1,5.E-1));
#3457=VERTEX_POINT('',#3456);
#3458=CARTESIAN_POINT('',(4.505978495855E-1,5.362628387073E-1,2.E-1));
#3459=VERTEX_POINT('',#3458);
#3460=CARTESIAN_POINT('',(4.505978495855E-1,5.362628387073E-1,5.E-1));
#3461=VERTEX_POINT('',#3460);
#3462=CARTESIAN_POINT('',(-5.295E-1,-6.E-1,1.E-1));
#3463=VERTEX_POINT('',#3462);
#3464=CARTESIAN_POINT('',(-5.295E-1,-6.E-1,0.E0));
#3465=VERTEX_POINT('',#3464);
#3466=CARTESIAN_POINT('',(-5.295E-1,-4.5E-1,1.E-1));
#3467=CARTESIAN_POINT('',(-5.295E-1,-4.5E-1,0.E0));
#3468=VERTEX_POINT('',#3466);
#3469=VERTEX_POINT('',#3467);
#3470=CARTESIAN_POINT('',(-3.295E-1,-6.E-1,2.E-1));
#3471=CARTESIAN_POINT('',(-3.295E-1,-6.E-1,5.E-1));
#3472=VERTEX_POINT('',#3470);
#3473=VERTEX_POINT('',#3471);
#3474=CARTESIAN_POINT('',(-4.295E-1,-6.E-1,2.E-1));
#3475=CARTESIAN_POINT('',(-4.295E-1,-6.E-1,5.E-1));
#3476=VERTEX_POINT('',#3474);
#3477=VERTEX_POINT('',#3475);
#3478=CARTESIAN_POINT('',(-3.297947683976E-1,-6.E-1,1.891454861627E-1));
#3479=VERTEX_POINT('',#3478);
#3480=CARTESIAN_POINT('',(-4.296473841988E-1,-6.E-1,1.945727430814E-1));
#3481=VERTEX_POINT('',#3480);
#3482=CARTESIAN_POINT('',(-3.297947683976E-1,-4.5E-1,1.891454861627E-1));
#3483=VERTEX_POINT('',#3482);
#3484=CARTESIAN_POINT('',(-3.295E-1,-4.5E-1,2.E-1));
#3485=VERTEX_POINT('',#3484);
#3486=CARTESIAN_POINT('',(-4.296473841988E-1,-4.5E-1,1.945727430814E-1));
#3487=VERTEX_POINT('',#3486);
#3488=CARTESIAN_POINT('',(-4.295E-1,-4.5E-1,2.E-1));
#3489=VERTEX_POINT('',#3488);
#3490=CARTESIAN_POINT('',(-4.295E-1,-4.622325240301E-1,2.E-1));
#3491=VERTEX_POINT('',#3490);
#3492=CARTESIAN_POINT('',(-3.295E-1,-4.622325240301E-1,2.E-1));
#3493=VERTEX_POINT('',#3492);
#3494=CARTESIAN_POINT('',(-3.309907696717E-1,-4.378586553491E-1,5.E-1));
#3495=CARTESIAN_POINT('',(-3.309907696717E-1,-4.378586553491E-1,2.E-1));
#3496=VERTEX_POINT('',#3494);
#3497=VERTEX_POINT('',#3495);
#3498=CARTESIAN_POINT('',(-3.295E-1,-4.622325240301E-1,5.E-1));
#3499=VERTEX_POINT('',#3498);
#3500=CARTESIAN_POINT('',(-4.302453848359E-1,-4.500455896896E-1,5.E-1));
#3501=CARTESIAN_POINT('',(-4.302453848359E-1,-4.500455896896E-1,2.E-1));
#3502=VERTEX_POINT('',#3500);
#3503=VERTEX_POINT('',#3501);
#3504=CARTESIAN_POINT('',(-4.295E-1,-4.622325240301E-1,5.E-1));
#3505=VERTEX_POINT('',#3504);
#3506=CARTESIAN_POINT('',(-3.303603705038E-1,-4.437012541302E-1,2.E-1));
#3507=VERTEX_POINT('',#3506);
#3508=CARTESIAN_POINT('',(-4.299301852519E-1,-4.529668890802E-1,2.E-1));
#3509=VERTEX_POINT('',#3508);
#3510=CARTESIAN_POINT('',(-5.493968481697E-1,5.762843932398E-1,5.E-1));
#3511=CARTESIAN_POINT('',(-4.973921050534E-1,9.463173678303E-1,5.E-1));
#3512=VERTEX_POINT('',#3510);
#3513=VERTEX_POINT('',#3511);
#3514=CARTESIAN_POINT('',(-4.973921050534E-1,9.463173678303E-1,2.E-1));
#3515=VERTEX_POINT('',#3514);
#3516=CARTESIAN_POINT('',(-5.493968481697E-1,5.762843932398E-1,2.E-1));
#3517=VERTEX_POINT('',#3516);
#3518=CARTESIAN_POINT('',(-5.498524647497E-1,5.240759043668E-1,5.E-1));
#3519=VERTEX_POINT('',#3518);
#3520=CARTESIAN_POINT('',(-5.498524647497E-1,5.240759043668E-1,2.E-1));
#3521=VERTEX_POINT('',#3520);
#3522=CARTESIAN_POINT('',(-4.503700412956E-1,5.623670831438E-1,5.E-1));
#3523=CARTESIAN_POINT('',(-3.983652981792E-1,9.324000577343E-1,5.E-1));
#3524=VERTEX_POINT('',#3522);
#3525=VERTEX_POINT('',#3523);
#3526=CARTESIAN_POINT('',(-3.983652981792E-1,9.324000577343E-1,2.E-1));
#3527=VERTEX_POINT('',#3526);
#3528=CARTESIAN_POINT('',(-4.503700412956E-1,5.623670831438E-1,2.E-1));
#3529=VERTEX_POINT('',#3528);
#3530=CARTESIAN_POINT('',(-4.505978495855E-1,5.362628387073E-1,5.E-1));
#3531=VERTEX_POINT('',#3530);
#3532=CARTESIAN_POINT('',(-4.505978495855E-1,5.362628387073E-1,2.E-1));
#3533=VERTEX_POINT('',#3532);
#3534=CARTESIAN_POINT('',(-7.5E-1,-4.5E-1,1.E-1));
#3535=CARTESIAN_POINT('',(-7.5E-1,-4.5E-1,0.E0));
#3536=VERTEX_POINT('',#3534);
#3537=VERTEX_POINT('',#3535);
#3538=CARTESIAN_POINT('',(-7.5E-1,-1.05E0,0.E0));
#3539=VERTEX_POINT('',#3538);
#3540=CARTESIAN_POINT('',(-9.5E-1,-1.05E0,2.E-1));
#3541=VERTEX_POINT('',#3540);
#3542=CARTESIAN_POINT('',(-9.5E-1,-1.05E0,5.E-1));
#3543=VERTEX_POINT('',#3542);
#3544=CARTESIAN_POINT('',(-7.5E-1,-1.05E0,1.E-1));
#3545=VERTEX_POINT('',#3544);
#3546=CARTESIAN_POINT('',(-8.5E-1,-1.05E0,2.E-1));
#3547=VERTEX_POINT('',#3546);
#3548=CARTESIAN_POINT('',(-8.5E-1,-1.05E0,5.E-1));
#3549=VERTEX_POINT('',#3548);
#3550=CARTESIAN_POINT('',(-9.497052316024E-1,-4.5E-1,1.891454861627E-1));
#3551=VERTEX_POINT('',#3550);
#3552=CARTESIAN_POINT('',(-9.5E-1,-4.5E-1,2.E-1));
#3553=VERTEX_POINT('',#3552);
#3554=CARTESIAN_POINT('',(-8.498526158012E-1,-4.5E-1,1.945727430814E-1));
#3555=VERTEX_POINT('',#3554);
#3556=CARTESIAN_POINT('',(-8.5E-1,-4.5E-1,2.E-1));
#3557=VERTEX_POINT('',#3556);
#3558=CARTESIAN_POINT('',(-8.5E-1,-4.622325240301E-1,2.E-1));
#3559=VERTEX_POINT('',#3558);
#3560=CARTESIAN_POINT('',(-9.5E-1,-4.622325240301E-1,2.E-1));
#3561=VERTEX_POINT('',#3560);
#3562=CARTESIAN_POINT('',(-9.485092303283E-1,-4.378586553491E-1,2.E-1));
#3563=CARTESIAN_POINT('',(-9.485092303283E-1,-4.378586553491E-1,5.E-1));
#3564=VERTEX_POINT('',#3562);
#3565=VERTEX_POINT('',#3563);
#3566=CARTESIAN_POINT('',(-9.5E-1,-4.622325240301E-1,5.E-1));
#3567=VERTEX_POINT('',#3566);
#3568=CARTESIAN_POINT('',(-8.492546151641E-1,-4.500455896896E-1,2.E-1));
#3569=CARTESIAN_POINT('',(-8.492546151641E-1,-4.500455896896E-1,5.E-1));
#3570=VERTEX_POINT('',#3568);
#3571=VERTEX_POINT('',#3569);
#3572=CARTESIAN_POINT('',(-8.5E-1,-4.622325240301E-1,5.E-1));
#3573=VERTEX_POINT('',#3572);
#3574=CARTESIAN_POINT('',(-9.491396294962E-1,-4.437012541302E-1,2.E-1));
#3575=VERTEX_POINT('',#3574);
#3576=CARTESIAN_POINT('',(-8.495698147481E-1,-4.529668890802E-1,2.E-1));
#3577=VERTEX_POINT('',#3576);
#3578=CARTESIAN_POINT('',(-7.301031518303E-1,5.762843932398E-1,2.E-1));
#3579=CARTESIAN_POINT('',(-7.821078949466E-1,9.463173678303E-1,2.E-1));
#3580=VERTEX_POINT('',#3578);
#3581=VERTEX_POINT('',#3579);
#3582=CARTESIAN_POINT('',(-7.821078949466E-1,9.463173678303E-1,5.E-1));
#3583=VERTEX_POINT('',#3582);
#3584=CARTESIAN_POINT('',(-7.301031518303E-1,5.762843932398E-1,5.E-1));
#3585=VERTEX_POINT('',#3584);
#3586=CARTESIAN_POINT('',(-7.296475352503E-1,5.240759043668E-1,2.E-1));
#3587=VERTEX_POINT('',#3586);
#3588=CARTESIAN_POINT('',(-7.296475352503E-1,5.240759043668E-1,5.E-1));
#3589=VERTEX_POINT('',#3588);
#3590=CARTESIAN_POINT('',(-8.291299587044E-1,5.623670831438E-1,2.E-1));
#3591=CARTESIAN_POINT('',(-8.811347018208E-1,9.324000577343E-1,2.E-1));
#3592=VERTEX_POINT('',#3590);
#3593=VERTEX_POINT('',#3591);
#3594=CARTESIAN_POINT('',(-8.811347018208E-1,9.324000577343E-1,5.E-1));
#3595=VERTEX_POINT('',#3594);
#3596=CARTESIAN_POINT('',(-8.291299587044E-1,5.623670831438E-1,5.E-1));
#3597=VERTEX_POINT('',#3596);
#3598=CARTESIAN_POINT('',(-8.289021504145E-1,5.362628387073E-1,2.E-1));
#3599=VERTEX_POINT('',#3598);
#3600=CARTESIAN_POINT('',(-8.289021504145E-1,5.362628387073E-1,5.E-1));
#3601=VERTEX_POINT('',#3600);
#3602=CARTESIAN_POINT('',(-9.5E-1,-4.E-1,1.E-1));
#3603=CARTESIAN_POINT('',(-9.E-1,-4.5E-1,1.E-1));
#3604=VERTEX_POINT('',#3602);
#3605=VERTEX_POINT('',#3603);
#3606=CARTESIAN_POINT('',(-9.E-1,-4.5E-1,0.E0));
#3607=VERTEX_POINT('',#3606);
#3608=CARTESIAN_POINT('',(-9.5E-1,-4.E-1,0.E0));
#3609=VERTEX_POINT('',#3608);
#3610=CARTESIAN_POINT('',(3.295E-1,-4.E-1,1.E-1));
#3611=CARTESIAN_POINT('',(3.795E-1,-4.5E-1,1.E-1));
#3612=VERTEX_POINT('',#3610);
#3613=VERTEX_POINT('',#3611);
#3614=CARTESIAN_POINT('',(3.795E-1,-4.5E-1,0.E0));
#3615=VERTEX_POINT('',#3614);
#3616=CARTESIAN_POINT('',(3.295E-1,-4.E-1,0.E0));
#3617=VERTEX_POINT('',#3616);
#3618=CARTESIAN_POINT('',(-3.795E-1,-4.5E-1,1.E-1));
#3619=CARTESIAN_POINT('',(-3.295E-1,-4.E-1,1.E-1));
#3620=VERTEX_POINT('',#3618);
#3621=VERTEX_POINT('',#3619);
#3622=CARTESIAN_POINT('',(-3.295E-1,-4.E-1,0.E0));
#3623=VERTEX_POINT('',#3622);
#3624=CARTESIAN_POINT('',(-3.795E-1,-4.5E-1,0.E0));
#3625=VERTEX_POINT('',#3624);
#3626=CARTESIAN_POINT('',(-3.295E-1,8.E-1,0.E0));
#3627=CARTESIAN_POINT('',(3.295E-1,8.E-1,0.E0));
#3628=VERTEX_POINT('',#3626);
#3629=VERTEX_POINT('',#3627);
#3630=CARTESIAN_POINT('',(3.295E-1,1.05E0,0.E0));
#3631=VERTEX_POINT('',#3630);
#3632=CARTESIAN_POINT('',(-3.295E-1,8.E-1,1.E-1));
#3633=CARTESIAN_POINT('',(3.295E-1,8.E-1,1.E-1));
#3634=VERTEX_POINT('',#3632);
#3635=VERTEX_POINT('',#3633);
#3636=CARTESIAN_POINT('',(3.295E-1,1.05E0,1.E-1));
#3637=VERTEX_POINT('',#3636);
#3638=CARTESIAN_POINT('',(9.5E-1,8.E-1,1.E-1));
#3639=CARTESIAN_POINT('',(7.E-1,1.05E0,1.E-1));
#3640=VERTEX_POINT('',#3638);
#3641=VERTEX_POINT('',#3639);
#3642=CARTESIAN_POINT('',(7.E-1,1.05E0,0.E0));
#3643=VERTEX_POINT('',#3642);
#3644=CARTESIAN_POINT('',(9.5E-1,8.E-1,0.E0));
#3645=VERTEX_POINT('',#3644);
#3646=CARTESIAN_POINT('',(-7.E-1,1.05E0,1.E-1));
#3647=CARTESIAN_POINT('',(-9.5E-1,8.E-1,1.E-1));
#3648=VERTEX_POINT('',#3646);
#3649=VERTEX_POINT('',#3647);
#3650=CARTESIAN_POINT('',(-9.5E-1,8.E-1,0.E0));
#3651=VERTEX_POINT('',#3650);
#3652=CARTESIAN_POINT('',(-7.E-1,1.05E0,0.E0));
#3653=VERTEX_POINT('',#3652);
#3654=CARTESIAN_POINT('',(9.469646782771E-1,7.623302358692E-1,1.E-1));
#3655=CARTESIAN_POINT('',(9.473882339016E-1,7.639575010987E-1,1.E-1));
#3656=VERTEX_POINT('',#3654);
#3657=VERTEX_POINT('',#3655);
#3658=VERTEX_POINT('',#854);
#3659=CARTESIAN_POINT('',(9.5E-1,2.E-1,1.E-1));
#3660=VERTEX_POINT('',#3659);
#3661=CARTESIAN_POINT('',(-9.5E-1,7.619291494296E-1,1.E-1));
#3662=VERTEX_POINT('',#3661);
#3663=CARTESIAN_POINT('',(9.469646782771E-1,7.623302358692E-1,0.E0));
#3664=CARTESIAN_POINT('',(9.473882339016E-1,7.639575010987E-1,0.E0));
#3665=VERTEX_POINT('',#3663);
#3666=VERTEX_POINT('',#3664);
#3667=VERTEX_POINT('',#2901);
#3668=CARTESIAN_POINT('',(9.5E-1,2.E-1,0.E0));
#3669=VERTEX_POINT('',#3668);
#3670=CARTESIAN_POINT('',(-9.5E-1,7.619291494296E-1,0.E0));
#3671=VERTEX_POINT('',#3670);
#3672=VERTEX_POINT('',#924);
#3673=VERTEX_POINT('',#935);
#3674=CARTESIAN_POINT('',(-9.473882339016E-1,7.639575010987E-1,1.E-1));
#3675=VERTEX_POINT('',#3674);
#3676=VERTEX_POINT('',#2809);
#3677=VERTEX_POINT('',#2820);
#3678=CARTESIAN_POINT('',(-9.473882339016E-1,7.639575010987E-1,0.E0));
#3679=VERTEX_POINT('',#3678);
#3680=CARTESIAN_POINT('',(9.5E-1,7.619291494296E-1,1.E-1));
#3681=VERTEX_POINT('',#3680);
#3682=CARTESIAN_POINT('',(-9.5E-1,2.E-1,1.E-1));
#3683=VERTEX_POINT('',#3682);
#3684=CARTESIAN_POINT('',(9.5E-1,7.619291494296E-1,0.E0));
#3685=VERTEX_POINT('',#3684);
#3686=CARTESIAN_POINT('',(-9.5E-1,2.E-1,0.E0));
#3687=VERTEX_POINT('',#3686);
#3688=CARTESIAN_POINT('',(9.5E-1,-1.05E0,2.E-1));
#3689=DIRECTION('',(-1.E0,0.E0,0.E0));
#3690=DIRECTION('',(0.E0,0.E0,1.E0));
#3691=AXIS2_PLACEMENT_3D('',#3688,#3689,#3690);
#3692=PLANE('',#3691);
#3694=ORIENTED_EDGE('',*,*,#3693,.T.);
#3696=ORIENTED_EDGE('',*,*,#3695,.T.);
#3698=ORIENTED_EDGE('',*,*,#3697,.T.);
#3700=ORIENTED_EDGE('',*,*,#3699,.F.);
#3701=EDGE_LOOP('',(#3694,#3696,#3698,#3700));
#3702=FACE_OUTER_BOUND('',#3701,.F.);
#3704=CARTESIAN_POINT('',(9.E-1,-1.05E0,3.5E-1));
#3705=DIRECTION('',(0.E0,1.E0,0.E0));
#3706=DIRECTION('',(0.E0,0.E0,1.E0));
#3707=AXIS2_PLACEMENT_3D('',#3704,#3705,#3706);
#3708=PLANE('',#3707);
#3709=ORIENTED_EDGE('',*,*,#3693,.F.);
#3711=ORIENTED_EDGE('',*,*,#3710,.T.);
#3713=ORIENTED_EDGE('',*,*,#3712,.T.);
#3715=ORIENTED_EDGE('',*,*,#3714,.F.);
#3716=EDGE_LOOP('',(#3709,#3711,#3713,#3715));
#3717=FACE_OUTER_BOUND('',#3716,.F.);
#3719=CARTESIAN_POINT('',(8.560660171780E-1,-1.05E0,9.393398282202E-2));
#3720=DIRECTION('',(0.E0,1.E0,0.E0));
#3721=DIRECTION('',(1.E0,0.E0,0.E0));
#3722=AXIS2_PLACEMENT_3D('',#3719,#3720,#3721);
#3723=PLANE('',#3722);
#3725=ORIENTED_EDGE('',*,*,#3724,.F.);
#3727=ORIENTED_EDGE('',*,*,#3726,.T.);
#3729=ORIENTED_EDGE('',*,*,#3728,.T.);
#3730=ORIENTED_EDGE('',*,*,#3710,.F.);
#3731=EDGE_LOOP('',(#3725,#3727,#3729,#3730));
#3732=FACE_OUTER_BOUND('',#3731,.F.);
#3734=CARTESIAN_POINT('',(7.5E-1,-1.05E0,2.E-1));
#3735=DIRECTION('',(0.E0,1.E0,0.E0));
#3736=DIRECTION('',(1.E0,0.E0,0.E0));
#3737=AXIS2_PLACEMENT_3D('',#3734,#3735,#3736);
#3738=CYLINDRICAL_SURFACE('',#3737,2.E-1);
#3739=ORIENTED_EDGE('',*,*,#3724,.T.);
#3740=ORIENTED_EDGE('',*,*,#3699,.T.);
#3742=ORIENTED_EDGE('',*,*,#3741,.T.);
#3744=ORIENTED_EDGE('',*,*,#3743,.F.);
#3746=ORIENTED_EDGE('',*,*,#3745,.F.);
#3748=ORIENTED_EDGE('',*,*,#3747,.F.);
#3749=EDGE_LOOP('',(#3739,#3740,#3742,#3744,#3746,#3748));
#3750=FACE_OUTER_BOUND('',#3749,.F.);
#3752=CARTESIAN_POINT('',(9.E-1,-4.561162620150E-1,2.E-1));
#3753=DIRECTION('',(0.E0,0.E0,1.E0));
#3754=DIRECTION('',(0.E0,1.E0,0.E0));
#3755=AXIS2_PLACEMENT_3D('',#3752,#3753,#3754);
#3756=PLANE('',#3755);
#3758=ORIENTED_EDGE('',*,*,#3757,.T.);
#3760=ORIENTED_EDGE('',*,*,#3759,.F.);
#3761=ORIENTED_EDGE('',*,*,#3741,.F.);
#3763=ORIENTED_EDGE('',*,*,#3762,.T.);
#3764=EDGE_LOOP('',(#3758,#3760,#3761,#3763));
#3765=FACE_OUTER_BOUND('',#3764,.F.);
#3767=CARTESIAN_POINT('',(7.5E-1,-1.05E0,2.E-1));
#3768=DIRECTION('',(0.E0,1.E0,0.E0));
#3769=DIRECTION('',(1.E0,0.E0,0.E0));
#3770=AXIS2_PLACEMENT_3D('',#3767,#3768,#3769);
#3771=CYLINDRICAL_SURFACE('',#3770,1.E-1);
#3772=ORIENTED_EDGE('',*,*,#3728,.F.);
#3774=ORIENTED_EDGE('',*,*,#3773,.T.);
#3776=ORIENTED_EDGE('',*,*,#3775,.T.);
#3778=ORIENTED_EDGE('',*,*,#3777,.T.);
#3779=ORIENTED_EDGE('',*,*,#3757,.F.);
#3781=ORIENTED_EDGE('',*,*,#3780,.F.);
#3782=EDGE_LOOP('',(#3772,#3774,#3776,#3778,#3779,#3781));
#3783=FACE_OUTER_BOUND('',#3782,.F.);
#3785=CARTESIAN_POINT('',(0.E0,0.E0,1.E-1));
#3786=DIRECTION('',(0.E0,0.E0,1.E0));
#3787=DIRECTION('',(1.E0,0.E0,0.E0));
#3788=AXIS2_PLACEMENT_3D('',#3785,#3786,#3787);
#3789=PLANE('',#3788);
#3791=ORIENTED_EDGE('',*,*,#3790,.F.);
#3793=ORIENTED_EDGE('',*,*,#3792,.T.);
#3795=ORIENTED_EDGE('',*,*,#3794,.F.);
#3797=ORIENTED_EDGE('',*,*,#3796,.F.);
#3799=ORIENTED_EDGE('',*,*,#3798,.F.);
#3801=ORIENTED_EDGE('',*,*,#3800,.F.);
#3802=ORIENTED_EDGE('',*,*,#3773,.F.);
#3804=ORIENTED_EDGE('',*,*,#3803,.F.);
#3806=ORIENTED_EDGE('',*,*,#3805,.F.);
#3808=ORIENTED_EDGE('',*,*,#3807,.T.);
#3810=ORIENTED_EDGE('',*,*,#3809,.F.);
#3812=ORIENTED_EDGE('',*,*,#3811,.F.);
#3814=ORIENTED_EDGE('',*,*,#3813,.T.);
#3816=ORIENTED_EDGE('',*,*,#3815,.F.);
#3818=ORIENTED_EDGE('',*,*,#3817,.F.);
#3820=ORIENTED_EDGE('',*,*,#3819,.F.);
#3822=ORIENTED_EDGE('',*,*,#3821,.F.);
#3824=ORIENTED_EDGE('',*,*,#3823,.F.);
#3826=ORIENTED_EDGE('',*,*,#3825,.F.);
#3828=ORIENTED_EDGE('',*,*,#3827,.F.);
#3830=ORIENTED_EDGE('',*,*,#3829,.F.);
#3832=ORIENTED_EDGE('',*,*,#3831,.F.);
#3834=ORIENTED_EDGE('',*,*,#3833,.F.);
#3836=ORIENTED_EDGE('',*,*,#3835,.F.);
#3838=ORIENTED_EDGE('',*,*,#3837,.T.);
#3840=ORIENTED_EDGE('',*,*,#3839,.F.);
#3842=ORIENTED_EDGE('',*,*,#3841,.F.);
#3844=ORIENTED_EDGE('',*,*,#3843,.F.);
#3846=ORIENTED_EDGE('',*,*,#3845,.T.);
#3848=ORIENTED_EDGE('',*,*,#3847,.F.);
#3850=ORIENTED_EDGE('',*,*,#3849,.F.);
#3852=ORIENTED_EDGE('',*,*,#3851,.F.);
#3854=ORIENTED_EDGE('',*,*,#3853,.F.);
#3856=ORIENTED_EDGE('',*,*,#3855,.F.);
#3858=ORIENTED_EDGE('',*,*,#3857,.T.);
#3859=EDGE_LOOP('',(#3791,#3793,#3795,#3797,#3799,#3801,#3802,#3804,#3806,#3808,
#3810,#3812,#3814,#3816,#3818,#3820,#3822,#3824,#3826,#3828,#3830,#3832,#3834,
#3836,#3838,#3840,#3842,#3844,#3846,#3848,#3850,#3852,#3854,#3856,#3858));
#3860=FACE_OUTER_BOUND('',#3859,.F.);
#3862=CARTESIAN_POINT('',(9.398071209769E-1,7.650620089807E-1,5.E-2));
#3863=DIRECTION('',(0.E0,0.E0,1.E0));
#3864=DIRECTION('',(9.342667638031E-1,-3.565748365391E-1,0.E0));
#3865=AXIS2_PLACEMENT_3D('',#3862,#3863,#3864);
#3866=CYLINDRICAL_SURFACE('',#3865,7.661149446305E-3);
#3867=ORIENTED_EDGE('',*,*,#3790,.T.);
#3869=ORIENTED_EDGE('',*,*,#3868,.T.);
#3871=ORIENTED_EDGE('',*,*,#3870,.F.);
#3873=ORIENTED_EDGE('',*,*,#3872,.F.);
#3874=EDGE_LOOP('',(#3867,#3869,#3871,#3873));
#3875=FACE_OUTER_BOUND('',#3874,.F.);
#3877=CARTESIAN_POINT('',(9.486941169508E-1,7.629433252641E-1,5.E-2));
#3878=DIRECTION('',(6.133710624669E-1,7.897948719308E-1,0.E0));
#3879=DIRECTION('',(-7.897948719308E-1,6.133710624669E-1,0.E0));
#3880=AXIS2_PLACEMENT_3D('',#3877,#3878,#3879);
#3881=PLANE('',#3880);
#3882=ORIENTED_EDGE('',*,*,#3857,.F.);
#3884=ORIENTED_EDGE('',*,*,#3883,.T.);
#3886=ORIENTED_EDGE('',*,*,#3885,.T.);
#3887=ORIENTED_EDGE('',*,*,#3868,.F.);
#3888=EDGE_LOOP('',(#3882,#3884,#3886,#3887));
#3889=FACE_OUTER_BOUND('',#3888,.F.);
#3891=CARTESIAN_POINT('',(9.5E-1,0.E0,5.E-2));
#3892=DIRECTION('',(1.E0,0.E0,0.E0));
#3893=DIRECTION('',(0.E0,1.E0,0.E0));
#3894=AXIS2_PLACEMENT_3D('',#3891,#3892,#3893);
#3895=PLANE('',#3894);
#3896=ORIENTED_EDGE('',*,*,#3883,.F.);
#3897=ORIENTED_EDGE('',*,*,#3855,.T.);
#3899=ORIENTED_EDGE('',*,*,#3898,.F.);
#3901=ORIENTED_EDGE('',*,*,#3900,.F.);
#3902=EDGE_LOOP('',(#3896,#3897,#3899,#3901));
#3903=FACE_OUTER_BOUND('',#3902,.F.);
#3905=CARTESIAN_POINT('',(7.E-1,8.E-1,-6.754474018947E-1));
#3906=DIRECTION('',(0.E0,0.E0,1.E0));
#3907=DIRECTION('',(1.E0,0.E0,0.E0));
#3908=AXIS2_PLACEMENT_3D('',#3905,#3906,#3907);
#3909=CYLINDRICAL_SURFACE('',#3908,2.5E-1);
#3910=ORIENTED_EDGE('',*,*,#3853,.T.);
#3912=ORIENTED_EDGE('',*,*,#3911,.F.);
#3914=ORIENTED_EDGE('',*,*,#3913,.T.);
#3915=ORIENTED_EDGE('',*,*,#3898,.T.);
#3916=EDGE_LOOP('',(#3910,#3912,#3914,#3915));
#3917=FACE_OUTER_BOUND('',#3916,.F.);
#3919=CARTESIAN_POINT('',(0.E0,1.05E0,5.E-2));
#3920=DIRECTION('',(0.E0,1.E0,0.E0));
#3921=DIRECTION('',(-1.E0,0.E0,0.E0));
#3922=AXIS2_PLACEMENT_3D('',#3919,#3920,#3921);
#3923=PLANE('',#3922);
#3924=ORIENTED_EDGE('',*,*,#3911,.T.);
#3925=ORIENTED_EDGE('',*,*,#3851,.T.);
#3927=ORIENTED_EDGE('',*,*,#3926,.T.);
#3929=ORIENTED_EDGE('',*,*,#3928,.F.);
#3930=EDGE_LOOP('',(#3924,#3925,#3927,#3929));
#3931=FACE_OUTER_BOUND('',#3930,.F.);
#3933=CARTESIAN_POINT('',(3.295E-1,2.25E-1,5.E-2));
#3934=DIRECTION('',(-1.E0,0.E0,0.E0));
#3935=DIRECTION('',(0.E0,-1.E0,0.E0));
#3936=AXIS2_PLACEMENT_3D('',#3933,#3934,#3935);
#3937=PLANE('',#3936);
#3939=ORIENTED_EDGE('',*,*,#3938,.F.);
#3941=ORIENTED_EDGE('',*,*,#3940,.F.);
#3942=ORIENTED_EDGE('',*,*,#3926,.F.);
#3943=ORIENTED_EDGE('',*,*,#3849,.T.);
#3944=EDGE_LOOP('',(#3939,#3941,#3942,#3943));
#3945=FACE_OUTER_BOUND('',#3944,.F.);
#3947=CARTESIAN_POINT('',(3.795E-1,-4.E-1,-6.754474018947E-1));
#3948=DIRECTION('',(0.E0,0.E0,1.E0));
#3949=DIRECTION('',(-1.E0,0.E0,0.E0));
#3950=AXIS2_PLACEMENT_3D('',#3947,#3948,#3949);
#3951=CYLINDRICAL_SURFACE('',#3950,5.E-2);
#3952=ORIENTED_EDGE('',*,*,#3847,.T.);
#3954=ORIENTED_EDGE('',*,*,#3953,.F.);
#3956=ORIENTED_EDGE('',*,*,#3955,.T.);
#3957=ORIENTED_EDGE('',*,*,#3938,.T.);
#3958=EDGE_LOOP('',(#3952,#3954,#3956,#3957));
#3959=FACE_OUTER_BOUND('',#3958,.F.);
#3961=CARTESIAN_POINT('',(4.295E-1,-4.5E-1,5.E-2));
#3962=DIRECTION('',(0.E0,1.E0,0.E0));
#3963=DIRECTION('',(-1.E0,0.E0,0.E0));
#3964=AXIS2_PLACEMENT_3D('',#3961,#3962,#3963);
#3965=PLANE('',#3964);
#3966=ORIENTED_EDGE('',*,*,#3953,.T.);
#3967=ORIENTED_EDGE('',*,*,#3845,.F.);
#3969=ORIENTED_EDGE('',*,*,#3968,.T.);
#3971=ORIENTED_EDGE('',*,*,#3970,.T.);
#3972=EDGE_LOOP('',(#3966,#3967,#3969,#3971));
#3973=FACE_OUTER_BOUND('',#3972,.F.);
#3975=CARTESIAN_POINT('',(4.263523698932E-1,-4.5E-1,9.109377243083E-2));
#3976=DIRECTION('',(0.E0,-1.E0,0.E0));
#3977=DIRECTION('',(-1.E0,0.E0,0.E0));
#3978=AXIS2_PLACEMENT_3D('',#3975,#3976,#3977);
#3979=PLANE('',#3978);
#3981=ORIENTED_EDGE('',*,*,#3980,.F.);
#3982=ORIENTED_EDGE('',*,*,#3968,.F.);
#3984=ORIENTED_EDGE('',*,*,#3983,.T.);
#3986=ORIENTED_EDGE('',*,*,#3985,.F.);
#3987=EDGE_LOOP('',(#3981,#3982,#3984,#3986));
#3988=FACE_OUTER_BOUND('',#3987,.F.);
#3990=CARTESIAN_POINT('',(5.295E-1,-4.5E-1,2.E-1));
#3991=DIRECTION('',(0.E0,-1.E0,0.E0));
#3992=DIRECTION('',(-1.E0,0.E0,0.E0));
#3993=AXIS2_PLACEMENT_3D('',#3990,#3991,#3992);
#3994=CYLINDRICAL_SURFACE('',#3993,2.E-1);
#3995=ORIENTED_EDGE('',*,*,#3980,.T.);
#3997=ORIENTED_EDGE('',*,*,#3996,.T.);
#3999=ORIENTED_EDGE('',*,*,#3998,.T.);
#4001=ORIENTED_EDGE('',*,*,#4000,.T.);
#4003=ORIENTED_EDGE('',*,*,#4002,.F.);
#4005=ORIENTED_EDGE('',*,*,#4004,.F.);
#4007=ORIENTED_EDGE('',*,*,#4006,.F.);
#4008=EDGE_LOOP('',(#3995,#3997,#3999,#4001,#4003,#4005,#4007));
#4009=FACE_OUTER_BOUND('',#4008,.F.);
#4011=CARTESIAN_POINT('',(3.795552792605E-1,-4.5E-1,1.959280566843E-1));
#4012=DIRECTION('',(0.E0,-1.E0,0.E0));
#4013=DIRECTION('',(-5.427256918640E-2,0.E0,9.985261580119E-1));
#4014=AXIS2_PLACEMENT_3D('',#4011,#4012,#4013);
#4015=PLANE('',#4014);
#4016=ORIENTED_EDGE('',*,*,#3996,.F.);
#4017=ORIENTED_EDGE('',*,*,#3985,.T.);
#4019=ORIENTED_EDGE('',*,*,#4018,.T.);
#4021=ORIENTED_EDGE('',*,*,#4020,.F.);
#4022=EDGE_LOOP('',(#4016,#4017,#4019,#4021));
#4023=FACE_OUTER_BOUND('',#4022,.F.);
#4025=CARTESIAN_POINT('',(5.295E-1,-4.5E-1,2.E-1));
#4026=DIRECTION('',(0.E0,-1.E0,0.E0));
#4027=DIRECTION('',(-1.E0,0.E0,0.E0));
#4028=AXIS2_PLACEMENT_3D('',#4025,#4026,#4027);
#4029=CYLINDRICAL_SURFACE('',#4028,1.E-1);
#4030=ORIENTED_EDGE('',*,*,#4018,.F.);
#4031=ORIENTED_EDGE('',*,*,#3983,.F.);
#4032=ORIENTED_EDGE('',*,*,#3843,.T.);
#4034=ORIENTED_EDGE('',*,*,#4033,.T.);
#4036=ORIENTED_EDGE('',*,*,#4035,.T.);
#4038=ORIENTED_EDGE('',*,*,#4037,.F.);
#4040=ORIENTED_EDGE('',*,*,#4039,.F.);
#4041=EDGE_LOOP('',(#4030,#4031,#4032,#4034,#4036,#4038,#4040));
#4042=FACE_OUTER_BOUND('',#4041,.F.);
#4044=CARTESIAN_POINT('',(4.263523698932E-1,-6.E-1,9.109377243083E-2));
#4045=DIRECTION('',(0.E0,1.E0,0.E0));
#4046=DIRECTION('',(5.427256918640E-2,0.E0,-9.985261580119E-1));
#4047=AXIS2_PLACEMENT_3D('',#4044,#4045,#4046);
#4048=PLANE('',#4047);
#4049=ORIENTED_EDGE('',*,*,#4004,.T.);
#4051=ORIENTED_EDGE('',*,*,#4050,.T.);
#4052=ORIENTED_EDGE('',*,*,#4033,.F.);
#4054=ORIENTED_EDGE('',*,*,#4053,.T.);
#4055=EDGE_LOOP('',(#4049,#4051,#4052,#4054));
#4056=FACE_OUTER_BOUND('',#4055,.F.);
#4058=CARTESIAN_POINT('',(3.795552792605E-1,-6.E-1,1.959280566843E-1));
#4059=DIRECTION('',(0.E0,1.E0,0.E0));
#4060=DIRECTION('',(0.E0,0.E0,-1.E0));
#4061=AXIS2_PLACEMENT_3D('',#4058,#4059,#4060);
#4062=PLANE('',#4061);
#4063=ORIENTED_EDGE('',*,*,#4002,.T.);
#4065=ORIENTED_EDGE('',*,*,#4064,.T.);
#4066=ORIENTED_EDGE('',*,*,#4035,.F.);
#4067=ORIENTED_EDGE('',*,*,#4050,.F.);
#4068=EDGE_LOOP('',(#4063,#4065,#4066,#4067));
#4069=FACE_OUTER_BOUND('',#4068,.F.);
#4071=CARTESIAN_POINT('',(3.795E-1,-6.E-1,3.5E-1));
#4072=DIRECTION('',(0.E0,1.E0,0.E0));
#4073=DIRECTION('',(0.E0,0.E0,-1.E0));
#4074=AXIS2_PLACEMENT_3D('',#4071,#4072,#4073);
#4075=PLANE('',#4074);
#4077=ORIENTED_EDGE('',*,*,#4076,.T.);
#4079=ORIENTED_EDGE('',*,*,#4078,.T.);
#4081=ORIENTED_EDGE('',*,*,#4080,.F.);
#4082=ORIENTED_EDGE('',*,*,#4064,.F.);
#4083=EDGE_LOOP('',(#4077,#4079,#4081,#4082));
#4084=FACE_OUTER_BOUND('',#4083,.F.);
#4086=CARTESIAN_POINT('',(3.295E-1,-4.5E-1,2.E-1));
#4087=DIRECTION('',(1.E0,0.E0,0.E0));
#4088=DIRECTION('',(0.E0,0.E0,1.E0));
#4089=AXIS2_PLACEMENT_3D('',#4086,#4087,#4088);
#4090=PLANE('',#4089);
#4092=ORIENTED_EDGE('',*,*,#4091,.T.);
#4094=ORIENTED_EDGE('',*,*,#4093,.T.);
#4095=ORIENTED_EDGE('',*,*,#4076,.F.);
#4096=ORIENTED_EDGE('',*,*,#4000,.F.);
#4097=EDGE_LOOP('',(#4092,#4094,#4095,#4096));
#4098=FACE_OUTER_BOUND('',#4097,.F.);
#4100=CARTESIAN_POINT('',(5.295E-1,-4.622325240301E-1,2.E-1));
#4101=DIRECTION('',(0.E0,0.E0,1.E0));
#4102=DIRECTION('',(-9.925461516413E-1,1.218693434051E-1,0.E0));
#4103=AXIS2_PLACEMENT_3D('',#4100,#4101,#4102);
#4104=CYLINDRICAL_SURFACE('',#4103,2.E-1);
#4106=ORIENTED_EDGE('',*,*,#4105,.T.);
#4108=ORIENTED_EDGE('',*,*,#4107,.T.);
#4109=ORIENTED_EDGE('',*,*,#4091,.F.);
#4111=ORIENTED_EDGE('',*,*,#4110,.F.);
#4113=ORIENTED_EDGE('',*,*,#4112,.F.);
#4114=EDGE_LOOP('',(#4106,#4108,#4109,#4111,#4113));
#4115=FACE_OUTER_BOUND('',#4114,.F.);
#4117=CARTESIAN_POINT('',(3.295E-1,-4.5E-1,5.E-1));
#4118=DIRECTION('',(-9.925461516413E-1,1.218693434051E-1,0.E0));
#4119=DIRECTION('',(0.E0,0.E0,1.E0));
#4120=AXIS2_PLACEMENT_3D('',#4117,#4118,#4119);
#4121=PLANE('',#4120);
#4123=ORIENTED_EDGE('',*,*,#4122,.F.);
#4124=ORIENTED_EDGE('',*,*,#4105,.F.);
#4126=ORIENTED_EDGE('',*,*,#4125,.F.);
#4128=ORIENTED_EDGE('',*,*,#4127,.F.);
#4129=EDGE_LOOP('',(#4123,#4124,#4126,#4128));
#4130=FACE_OUTER_BOUND('',#4129,.F.);
#4132=CARTESIAN_POINT('',(4.420260575546E-1,5.617574249228E-2,5.E-1));
#4133=DIRECTION('',(0.E0,0.E0,1.E0));
#4134=DIRECTION('',(1.218693434051E-1,9.925461516413E-1,0.E0));
#4135=AXIS2_PLACEMENT_3D('',#4132,#4133,#4134);
#4136=PLANE('',#4135);
#4137=ORIENTED_EDGE('',*,*,#4122,.T.);
#4139=ORIENTED_EDGE('',*,*,#4138,.F.);
#4141=ORIENTED_EDGE('',*,*,#4140,.F.);
#4143=ORIENTED_EDGE('',*,*,#4142,.F.);
#4144=EDGE_LOOP('',(#4137,#4139,#4141,#4143));
#4145=FACE_OUTER_BOUND('',#4144,.F.);
#4147=CARTESIAN_POINT('',(5.013375228810E-1,5.497587533726E-1,5.E-1));
#4148=DIRECTION('',(0.E0,0.E0,1.E0));
#4149=DIRECTION('',(1.391731009601E-1,-9.902680687416E-1,0.E0));
#4150=AXIS2_PLACEMENT_3D('',#4147,#4148,#4149);
#4151=PLANE('',#4150);
#4153=ORIENTED_EDGE('',*,*,#4152,.T.);
#4154=ORIENTED_EDGE('',*,*,#4138,.T.);
#4156=ORIENTED_EDGE('',*,*,#4155,.F.);
#4158=ORIENTED_EDGE('',*,*,#4157,.F.);
#4159=EDGE_LOOP('',(#4153,#4154,#4156,#4158));
#4160=FACE_OUTER_BOUND('',#4159,.F.);
#4162=CARTESIAN_POINT('',(3.513432344214E-1,5.484497730478E-1,5.E-1));
#4163=DIRECTION('',(0.E0,0.E0,-1.E0));
#4164=DIRECTION('',(9.902680687416E-1,1.391731009601E-1,0.E0));
#4165=AXIS2_PLACEMENT_3D('',#4162,#4163,#4164);
#4166=CYLINDRICAL_SURFACE('',#4165,2.E-1);
#4168=ORIENTED_EDGE('',*,*,#4167,.T.);
#4170=ORIENTED_EDGE('',*,*,#4169,.T.);
#4172=ORIENTED_EDGE('',*,*,#4171,.F.);
#4173=ORIENTED_EDGE('',*,*,#4152,.F.);
#4174=EDGE_LOOP('',(#4168,#4170,#4172,#4173));
#4175=FACE_OUTER_BOUND('',#4174,.F.);
#4177=CARTESIAN_POINT('',(5.530613454374E-1,5.502101403336E-1,2.E-1));
#4178=DIRECTION('',(9.902680687416E-1,1.391731009601E-1,0.E0));
#4179=DIRECTION('',(0.E0,0.E0,-1.E0));
#4180=AXIS2_PLACEMENT_3D('',#4177,#4178,#4179);
#4181=PLANE('',#4180);
#4183=ORIENTED_EDGE('',*,*,#4182,.F.);
#4184=ORIENTED_EDGE('',*,*,#4167,.F.);
#4186=ORIENTED_EDGE('',*,*,#4185,.F.);
#4188=ORIENTED_EDGE('',*,*,#4187,.F.);
#4189=EDGE_LOOP('',(#4183,#4184,#4186,#4188));
#4190=FACE_OUTER_BOUND('',#4189,.F.);
#4192=CARTESIAN_POINT('',(4.738810731745E-1,7.543422254870E-1,2.E-1));
#4193=DIRECTION('',(0.E0,0.E0,-1.E0));
#4194=DIRECTION('',(-1.391731009601E-1,9.902680687416E-1,0.E0));
#4195=AXIS2_PLACEMENT_3D('',#4192,#4193,#4194);
#4196=PLANE('',#4195);
#4197=ORIENTED_EDGE('',*,*,#4182,.T.);
#4199=ORIENTED_EDGE('',*,*,#4198,.T.);
#4201=ORIENTED_EDGE('',*,*,#4200,.F.);
#4203=ORIENTED_EDGE('',*,*,#4202,.F.);
#4204=EDGE_LOOP('',(#4197,#4199,#4201,#4203));
#4205=FACE_OUTER_BOUND('',#4204,.F.);
#4207=CARTESIAN_POINT('',(4.478787016163E-1,9.393587127823E-1,3.5E-1));
#4208=DIRECTION('',(-1.391731009601E-1,9.902680687416E-1,0.E0));
#4209=DIRECTION('',(0.E0,0.E0,1.E0));
#4210=AXIS2_PLACEMENT_3D('',#4207,#4208,#4209);
#4211=PLANE('',#4210);
#4212=ORIENTED_EDGE('',*,*,#4187,.T.);
#4214=ORIENTED_EDGE('',*,*,#4213,.T.);
#4216=ORIENTED_EDGE('',*,*,#4215,.F.);
#4217=ORIENTED_EDGE('',*,*,#4198,.F.);
#4218=EDGE_LOOP('',(#4212,#4214,#4216,#4217));
#4219=FACE_OUTER_BOUND('',#4218,.F.);
#4221=CARTESIAN_POINT('',(4.738810731745E-1,7.543422254870E-1,5.E-1));
#4222=DIRECTION('',(0.E0,0.E0,1.E0));
#4223=DIRECTION('',(1.391731009601E-1,-9.902680687416E-1,0.E0));
#4224=AXIS2_PLACEMENT_3D('',#4221,#4222,#4223);
#4225=PLANE('',#4224);
#4226=ORIENTED_EDGE('',*,*,#4185,.T.);
#4227=ORIENTED_EDGE('',*,*,#4157,.T.);
#4229=ORIENTED_EDGE('',*,*,#4228,.F.);
#4230=ORIENTED_EDGE('',*,*,#4213,.F.);
#4231=EDGE_LOOP('',(#4226,#4227,#4229,#4230));
#4232=FACE_OUTER_BOUND('',#4231,.F.);
#4234=CARTESIAN_POINT('',(4.540345385632E-1,5.362928302376E-1,2.E-1));
#4235=DIRECTION('',(9.902680687416E-1,1.391731009601E-1,0.E0));
#4236=DIRECTION('',(0.E0,0.E0,-1.E0));
#4237=AXIS2_PLACEMENT_3D('',#4234,#4235,#4236);
#4238=PLANE('',#4237);
#4239=ORIENTED_EDGE('',*,*,#4200,.T.);
#4240=ORIENTED_EDGE('',*,*,#4215,.T.);
#4241=ORIENTED_EDGE('',*,*,#4228,.T.);
#4243=ORIENTED_EDGE('',*,*,#4242,.T.);
#4244=EDGE_LOOP('',(#4239,#4240,#4241,#4243));
#4245=FACE_OUTER_BOUND('',#4244,.F.);
#4247=CARTESIAN_POINT('',(3.513432344214E-1,5.484497730478E-1,5.E-1));
#4248=DIRECTION('',(0.E0,0.E0,-1.E0));
#4249=DIRECTION('',(9.902680687416E-1,1.391731009601E-1,0.E0));
#4250=AXIS2_PLACEMENT_3D('',#4247,#4248,#4249);
#4251=CYLINDRICAL_SURFACE('',#4250,1.E-1);
#4252=ORIENTED_EDGE('',*,*,#4242,.F.);
#4253=ORIENTED_EDGE('',*,*,#4155,.T.);
#4254=ORIENTED_EDGE('',*,*,#4127,.T.);
#4256=ORIENTED_EDGE('',*,*,#4255,.F.);
#4257=EDGE_LOOP('',(#4252,#4253,#4254,#4256));
#4258=FACE_OUTER_BOUND('',#4257,.F.);
#4260=CARTESIAN_POINT('',(5.013375228810E-1,5.497587533726E-1,2.E-1));
#4261=DIRECTION('',(0.E0,0.E0,1.E0));
#4262=DIRECTION('',(1.391731009601E-1,-9.902680687416E-1,0.E0));
#4263=AXIS2_PLACEMENT_3D('',#4260,#4261,#4262);
#4264=PLANE('',#4263);
#4265=ORIENTED_EDGE('',*,*,#4169,.F.);
#4266=ORIENTED_EDGE('',*,*,#4202,.T.);
#4267=ORIENTED_EDGE('',*,*,#4255,.T.);
#4269=ORIENTED_EDGE('',*,*,#4268,.F.);
#4270=EDGE_LOOP('',(#4265,#4266,#4267,#4269));
#4271=FACE_OUTER_BOUND('',#4270,.F.);
#4273=CARTESIAN_POINT('',(4.420260575546E-1,5.617574249228E-2,2.E-1));
#4274=DIRECTION('',(0.E0,0.E0,-1.E0));
#4275=DIRECTION('',(-1.218693434051E-1,-9.925461516413E-1,0.E0));
#4276=AXIS2_PLACEMENT_3D('',#4273,#4274,#4275);
#4277=PLANE('',#4276);
#4278=ORIENTED_EDGE('',*,*,#4125,.T.);
#4280=ORIENTED_EDGE('',*,*,#4279,.T.);
#4282=ORIENTED_EDGE('',*,*,#4281,.F.);
#4283=ORIENTED_EDGE('',*,*,#4268,.T.);
#4284=EDGE_LOOP('',(#4278,#4280,#4282,#4283));
#4285=FACE_OUTER_BOUND('',#4284,.F.);
#4287=CARTESIAN_POINT('',(3.803655825940E-1,-4.461413604623E-1,2.E-1));
#4288=DIRECTION('',(0.E0,0.E0,-1.E0));
#4289=DIRECTION('',(-1.218693434051E-1,-9.925461516413E-1,0.E0));
#4290=AXIS2_PLACEMENT_3D('',#4287,#4288,#4289);
#4291=PLANE('',#4290);
#4292=ORIENTED_EDGE('',*,*,#4112,.T.);
#4294=ORIENTED_EDGE('',*,*,#4293,.T.);
#4296=ORIENTED_EDGE('',*,*,#4295,.F.);
#4297=ORIENTED_EDGE('',*,*,#4279,.F.);
#4298=EDGE_LOOP('',(#4292,#4294,#4296,#4297));
#4299=FACE_OUTER_BOUND('',#4298,.F.);
#4301=CARTESIAN_POINT('',(3.796614063094E-1,-4.552758121030E-1,2.E-1));
#4302=DIRECTION('',(0.E0,0.E0,-1.E0));
#4303=DIRECTION('',(-9.265634949944E-2,-9.956981474812E-1,0.E0));
#4304=AXIS2_PLACEMENT_3D('',#4301,#4302,#4303);
#4305=PLANE('',#4304);
#4306=ORIENTED_EDGE('',*,*,#4110,.T.);
#4308=ORIENTED_EDGE('',*,*,#4307,.T.);
#4310=ORIENTED_EDGE('',*,*,#4309,.F.);
#4311=ORIENTED_EDGE('',*,*,#4293,.F.);
#4312=EDGE_LOOP('',(#4306,#4308,#4310,#4311));
#4313=FACE_OUTER_BOUND('',#4312,.F.);
#4315=CARTESIAN_POINT('',(3.795E-1,-4.561162620150E-1,2.E-1));
#4316=DIRECTION('',(0.E0,0.E0,1.E0));
#4317=DIRECTION('',(0.E0,-1.E0,0.E0));
#4318=AXIS2_PLACEMENT_3D('',#4315,#4316,#4317);
#4319=PLANE('',#4318);
#4320=ORIENTED_EDGE('',*,*,#4039,.T.);
#4321=ORIENTED_EDGE('',*,*,#4307,.F.);
#4322=ORIENTED_EDGE('',*,*,#3998,.F.);
#4323=ORIENTED_EDGE('',*,*,#4020,.T.);
#4324=EDGE_LOOP('',(#4320,#4321,#4322,#4323));
#4325=FACE_OUTER_BOUND('',#4324,.F.);
#4327=CARTESIAN_POINT('',(5.295E-1,-4.622325240301E-1,2.E-1));
#4328=DIRECTION('',(0.E0,0.E0,1.E0));
#4329=DIRECTION('',(-9.925461516413E-1,1.218693434051E-1,0.E0));
#4330=AXIS2_PLACEMENT_3D('',#4327,#4328,#4329);
#4331=CYLINDRICAL_SURFACE('',#4330,1.E-1);
#4333=ORIENTED_EDGE('',*,*,#4332,.F.);
#4334=ORIENTED_EDGE('',*,*,#4295,.T.);
#4335=ORIENTED_EDGE('',*,*,#4309,.T.);
#4337=ORIENTED_EDGE('',*,*,#4336,.T.);
#4339=ORIENTED_EDGE('',*,*,#4338,.F.);
#4340=EDGE_LOOP('',(#4333,#4334,#4335,#4337,#4339));
#4341=FACE_OUTER_BOUND('',#4340,.F.);
#4343=CARTESIAN_POINT('',(4.287546151641E-1,-4.621869343405E-1,5.E-1));
#4344=DIRECTION('',(-9.925461516413E-1,1.218693434051E-1,0.E0));
#4345=DIRECTION('',(0.E0,0.E0,1.E0));
#4346=AXIS2_PLACEMENT_3D('',#4343,#4344,#4345);
#4347=PLANE('',#4346);
#4348=ORIENTED_EDGE('',*,*,#4140,.T.);
#4349=ORIENTED_EDGE('',*,*,#4171,.T.);
#4350=ORIENTED_EDGE('',*,*,#4281,.T.);
#4351=ORIENTED_EDGE('',*,*,#4332,.T.);
#4352=EDGE_LOOP('',(#4348,#4349,#4350,#4351));
#4353=FACE_OUTER_BOUND('',#4352,.F.);
#4355=CARTESIAN_POINT('',(4.295E-1,-4.5E-1,2.E-1));
#4356=DIRECTION('',(1.E0,0.E0,0.E0));
#4357=DIRECTION('',(0.E0,0.E0,1.E0));
#4358=AXIS2_PLACEMENT_3D('',#4355,#4356,#4357);
#4359=PLANE('',#4358);
#4360=ORIENTED_EDGE('',*,*,#4336,.F.);
#4361=ORIENTED_EDGE('',*,*,#4037,.T.);
#4362=ORIENTED_EDGE('',*,*,#4080,.T.);
#4364=ORIENTED_EDGE('',*,*,#4363,.F.);
#4365=EDGE_LOOP('',(#4360,#4361,#4362,#4364));
#4366=FACE_OUTER_BOUND('',#4365,.F.);
#4368=CARTESIAN_POINT('',(3.795E-1,-5.25E-1,5.E-1));
#4369=DIRECTION('',(0.E0,0.E0,-1.E0));
#4370=DIRECTION('',(0.E0,-1.E0,0.E0));
#4371=AXIS2_PLACEMENT_3D('',#4368,#4369,#4370);
#4372=PLANE('',#4371);
#4373=ORIENTED_EDGE('',*,*,#4093,.F.);
#4375=ORIENTED_EDGE('',*,*,#4374,.T.);
#4376=ORIENTED_EDGE('',*,*,#4363,.T.);
#4377=ORIENTED_EDGE('',*,*,#4078,.F.);
#4378=EDGE_LOOP('',(#4373,#4375,#4376,#4377));
#4379=FACE_OUTER_BOUND('',#4378,.F.);
#4381=CARTESIAN_POINT('',(3.797797802367E-1,-4.530752430999E-1,5.E-1));
#4382=DIRECTION('',(0.E0,0.E0,-1.E0));
#4383=DIRECTION('',(-1.218693434051E-1,-9.925461516413E-1,0.E0));
#4384=AXIS2_PLACEMENT_3D('',#4381,#4382,#4383);
#4385=PLANE('',#4384);
#4386=ORIENTED_EDGE('',*,*,#4107,.F.);
#4387=ORIENTED_EDGE('',*,*,#4142,.T.);
#4388=ORIENTED_EDGE('',*,*,#4338,.T.);
#4389=ORIENTED_EDGE('',*,*,#4374,.F.);
#4390=EDGE_LOOP('',(#4386,#4387,#4388,#4389));
#4391=FACE_OUTER_BOUND('',#4390,.F.);
#4393=CARTESIAN_POINT('',(4.295E-1,-6.E-1,5.E-2));
#4394=DIRECTION('',(0.E0,1.E0,0.E0));
#4395=DIRECTION('',(-1.E0,0.E0,0.E0));
#4396=AXIS2_PLACEMENT_3D('',#4393,#4394,#4395);
#4397=PLANE('',#4396);
#4398=ORIENTED_EDGE('',*,*,#3841,.T.);
#4400=ORIENTED_EDGE('',*,*,#4399,.T.);
#4402=ORIENTED_EDGE('',*,*,#4401,.F.);
#4403=ORIENTED_EDGE('',*,*,#4053,.F.);
#4404=EDGE_LOOP('',(#4398,#4400,#4402,#4403));
#4405=FACE_OUTER_BOUND('',#4404,.F.);
#4407=CARTESIAN_POINT('',(0.E0,-6.E-1,5.E-2));
#4408=DIRECTION('',(0.E0,1.E0,0.E0));
#4409=DIRECTION('',(-1.E0,0.E0,0.E0));
#4410=AXIS2_PLACEMENT_3D('',#4407,#4408,#4409);
#4411=PLANE('',#4410);
#4412=ORIENTED_EDGE('',*,*,#3839,.T.);
#4414=ORIENTED_EDGE('',*,*,#4413,.T.);
#4416=ORIENTED_EDGE('',*,*,#4415,.F.);
#4417=ORIENTED_EDGE('',*,*,#4399,.F.);
#4418=EDGE_LOOP('',(#4412,#4414,#4416,#4417));
#4419=FACE_OUTER_BOUND('',#4418,.F.);
#4421=CARTESIAN_POINT('',(-4.295E-1,-6.E-1,5.E-2));
#4422=DIRECTION('',(0.E0,-1.E0,0.E0));
#4423=DIRECTION('',(1.E0,0.E0,0.E0));
#4424=AXIS2_PLACEMENT_3D('',#4421,#4422,#4423);
#4425=PLANE('',#4424);
#4426=ORIENTED_EDGE('',*,*,#3837,.F.);
#4428=ORIENTED_EDGE('',*,*,#4427,.T.);
#4430=ORIENTED_EDGE('',*,*,#4429,.T.);
#4431=ORIENTED_EDGE('',*,*,#4413,.F.);
#4432=EDGE_LOOP('',(#4426,#4428,#4430,#4431));
#4433=FACE_OUTER_BOUND('',#4432,.F.);
#4435=CARTESIAN_POINT('',(-4.263523698932E-1,-6.E-1,9.109377243083E-2));
#4436=DIRECTION('',(0.E0,1.E0,0.E0));
#4437=DIRECTION('',(1.E0,0.E0,0.E0));
#4438=AXIS2_PLACEMENT_3D('',#4435,#4436,#4437);
#4439=PLANE('',#4438);
#4441=ORIENTED_EDGE('',*,*,#4440,.F.);
#4442=ORIENTED_EDGE('',*,*,#4427,.F.);
#4444=ORIENTED_EDGE('',*,*,#4443,.T.);
#4446=ORIENTED_EDGE('',*,*,#4445,.F.);
#4447=EDGE_LOOP('',(#4441,#4442,#4444,#4446));
#4448=FACE_OUTER_BOUND('',#4447,.F.);
#4450=CARTESIAN_POINT('',(-5.295E-1,-6.E-1,2.E-1));
#4451=DIRECTION('',(0.E0,1.E0,0.E0));
#4452=DIRECTION('',(1.E0,0.E0,0.E0));
#4453=AXIS2_PLACEMENT_3D('',#4450,#4451,#4452);
#4454=CYLINDRICAL_SURFACE('',#4453,2.E-1);
#4455=ORIENTED_EDGE('',*,*,#4440,.T.);
#4457=ORIENTED_EDGE('',*,*,#4456,.T.);
#4459=ORIENTED_EDGE('',*,*,#4458,.T.);
#4461=ORIENTED_EDGE('',*,*,#4460,.T.);
#4463=ORIENTED_EDGE('',*,*,#4462,.F.);
#4465=ORIENTED_EDGE('',*,*,#4464,.F.);
#4467=ORIENTED_EDGE('',*,*,#4466,.F.);
#4468=EDGE_LOOP('',(#4455,#4457,#4459,#4461,#4463,#4465,#4467));
#4469=FACE_OUTER_BOUND('',#4468,.F.);
#4471=CARTESIAN_POINT('',(-3.795552792605E-1,-6.E-1,1.959280566843E-1));
#4472=DIRECTION('',(0.E0,1.E0,0.E0));
#4473=DIRECTION('',(5.427256918640E-2,0.E0,9.985261580119E-1));
#4474=AXIS2_PLACEMENT_3D('',#4471,#4472,#4473);
#4475=PLANE('',#4474);
#4476=ORIENTED_EDGE('',*,*,#4456,.F.);
#4477=ORIENTED_EDGE('',*,*,#4445,.T.);
#4479=ORIENTED_EDGE('',*,*,#4478,.T.);
#4481=ORIENTED_EDGE('',*,*,#4480,.F.);
#4482=EDGE_LOOP('',(#4476,#4477,#4479,#4481));
#4483=FACE_OUTER_BOUND('',#4482,.F.);
#4485=CARTESIAN_POINT('',(-5.295E-1,-6.E-1,2.E-1));
#4486=DIRECTION('',(0.E0,1.E0,0.E0));
#4487=DIRECTION('',(1.E0,0.E0,0.E0));
#4488=AXIS2_PLACEMENT_3D('',#4485,#4486,#4487);
#4489=CYLINDRICAL_SURFACE('',#4488,1.E-1);
#4490=ORIENTED_EDGE('',*,*,#4478,.F.);
#4491=ORIENTED_EDGE('',*,*,#4443,.F.);
#4492=ORIENTED_EDGE('',*,*,#3835,.T.);
#4494=ORIENTED_EDGE('',*,*,#4493,.T.);
#4496=ORIENTED_EDGE('',*,*,#4495,.T.);
#4498=ORIENTED_EDGE('',*,*,#4497,.F.);
#4500=ORIENTED_EDGE('',*,*,#4499,.F.);
#4501=EDGE_LOOP('',(#4490,#4491,#4492,#4494,#4496,#4498,#4500));
#4502=FACE_OUTER_BOUND('',#4501,.F.);
#4504=CARTESIAN_POINT('',(-4.263523698932E-1,-4.5E-1,9.109377243083E-2));
#4505=DIRECTION('',(0.E0,-1.E0,0.E0));
#4506=DIRECTION('',(-5.427256918640E-2,0.E0,-9.985261580119E-1));
#4507=AXIS2_PLACEMENT_3D('',#4504,#4505,#4506);
#4508=PLANE('',#4507);
#4509=ORIENTED_EDGE('',*,*,#4464,.T.);
#4511=ORIENTED_EDGE('',*,*,#4510,.T.);
#4512=ORIENTED_EDGE('',*,*,#4493,.F.);
#4514=ORIENTED_EDGE('',*,*,#4513,.T.);
#4515=EDGE_LOOP('',(#4509,#4511,#4512,#4514));
#4516=FACE_OUTER_BOUND('',#4515,.F.);
#4518=CARTESIAN_POINT('',(-3.795552792605E-1,-4.5E-1,1.959280566843E-1));
#4519=DIRECTION('',(0.E0,-1.E0,0.E0));
#4520=DIRECTION('',(0.E0,0.E0,-1.E0));
#4521=AXIS2_PLACEMENT_3D('',#4518,#4519,#4520);
#4522=PLANE('',#4521);
#4523=ORIENTED_EDGE('',*,*,#4462,.T.);
#4525=ORIENTED_EDGE('',*,*,#4524,.T.);
#4526=ORIENTED_EDGE('',*,*,#4495,.F.);
#4527=ORIENTED_EDGE('',*,*,#4510,.F.);
#4528=EDGE_LOOP('',(#4523,#4525,#4526,#4527));
#4529=FACE_OUTER_BOUND('',#4528,.F.);
#4531=CARTESIAN_POINT('',(-3.795E-1,-4.561162620150E-1,2.E-1));
#4532=DIRECTION('',(0.E0,0.E0,1.E0));
#4533=DIRECTION('',(0.E0,1.E0,0.E0));
#4534=AXIS2_PLACEMENT_3D('',#4531,#4532,#4533);
#4535=PLANE('',#4534);
#4536=ORIENTED_EDGE('',*,*,#4497,.T.);
#4537=ORIENTED_EDGE('',*,*,#4524,.F.);
#4538=ORIENTED_EDGE('',*,*,#4460,.F.);
#4540=ORIENTED_EDGE('',*,*,#4539,.T.);
#4541=EDGE_LOOP('',(#4536,#4537,#4538,#4540));
#4542=FACE_OUTER_BOUND('',#4541,.F.);
#4544=CARTESIAN_POINT('',(-3.796614063094E-1,-4.552758121030E-1,2.E-1));
#4545=DIRECTION('',(0.E0,0.E0,1.E0));
#4546=DIRECTION('',(9.265634949944E-2,-9.956981474812E-1,0.E0));
#4547=AXIS2_PLACEMENT_3D('',#4544,#4545,#4546);
#4548=PLANE('',#4547);
#4550=ORIENTED_EDGE('',*,*,#4549,.F.);
#4552=ORIENTED_EDGE('',*,*,#4551,.T.);
#4554=ORIENTED_EDGE('',*,*,#4553,.T.);
#4555=ORIENTED_EDGE('',*,*,#4539,.F.);
#4556=EDGE_LOOP('',(#4550,#4552,#4554,#4555));
#4557=FACE_OUTER_BOUND('',#4556,.F.);
#4559=CARTESIAN_POINT('',(-5.295E-1,-4.622325240301E-1,5.E-1));
#4560=DIRECTION('',(0.E0,0.E0,-1.E0));
#4561=DIRECTION('',(9.925461516413E-1,1.218693434051E-1,0.E0));
#4562=AXIS2_PLACEMENT_3D('',#4559,#4560,#4561);
#4563=CYLINDRICAL_SURFACE('',#4562,2.E-1);
#4565=ORIENTED_EDGE('',*,*,#4564,.T.);
#4567=ORIENTED_EDGE('',*,*,#4566,.T.);
#4568=ORIENTED_EDGE('',*,*,#4549,.T.);
#4570=ORIENTED_EDGE('',*,*,#4569,.F.);
#4572=ORIENTED_EDGE('',*,*,#4571,.F.);
#4573=EDGE_LOOP('',(#4565,#4567,#4568,#4570,#4572));
#4574=FACE_OUTER_BOUND('',#4573,.F.);
#4576=CARTESIAN_POINT('',(-3.295E-1,-4.5E-1,2.E-1));
#4577=DIRECTION('',(9.925461516413E-1,1.218693434051E-1,0.E0));
#4578=DIRECTION('',(0.E0,0.E0,-1.E0));
#4579=AXIS2_PLACEMENT_3D('',#4576,#4577,#4578);
#4580=PLANE('',#4579);
#4582=ORIENTED_EDGE('',*,*,#4581,.F.);
#4583=ORIENTED_EDGE('',*,*,#4564,.F.);
#4585=ORIENTED_EDGE('',*,*,#4584,.F.);
#4587=ORIENTED_EDGE('',*,*,#4586,.F.);
#4588=EDGE_LOOP('',(#4582,#4583,#4585,#4587));
#4589=FACE_OUTER_BOUND('',#4588,.F.);
#4591=CARTESIAN_POINT('',(-4.420260575546E-1,5.617574249228E-2,2.E-1));
#4592=DIRECTION('',(0.E0,0.E0,-1.E0));
#4593=DIRECTION('',(-1.218693434051E-1,9.925461516413E-1,0.E0));
#4594=AXIS2_PLACEMENT_3D('',#4591,#4592,#4593);
#4595=PLANE('',#4594);
#4596=ORIENTED_EDGE('',*,*,#4581,.T.);
#4598=ORIENTED_EDGE('',*,*,#4597,.F.);
#4600=ORIENTED_EDGE('',*,*,#4599,.F.);
#4602=ORIENTED_EDGE('',*,*,#4601,.F.);
#4603=EDGE_LOOP('',(#4596,#4598,#4600,#4602));
#4604=FACE_OUTER_BOUND('',#4603,.F.);
#4606=CARTESIAN_POINT('',(-5.013375228810E-1,5.497587533726E-1,2.E-1));
#4607=DIRECTION('',(0.E0,0.E0,-1.E0));
#4608=DIRECTION('',(-1.391731009601E-1,-9.902680687416E-1,0.E0));
#4609=AXIS2_PLACEMENT_3D('',#4606,#4607,#4608);
#4610=PLANE('',#4609);
#4612=ORIENTED_EDGE('',*,*,#4611,.T.);
#4613=ORIENTED_EDGE('',*,*,#4597,.T.);
#4615=ORIENTED_EDGE('',*,*,#4614,.F.);
#4617=ORIENTED_EDGE('',*,*,#4616,.F.);
#4618=EDGE_LOOP('',(#4612,#4613,#4615,#4617));
#4619=FACE_OUTER_BOUND('',#4618,.F.);
#4621=CARTESIAN_POINT('',(-3.513432344214E-1,5.484497730478E-1,2.E-1));
#4622=DIRECTION('',(0.E0,0.E0,1.E0));
#4623=DIRECTION('',(-9.902680687416E-1,1.391731009601E-1,0.E0));
#4624=AXIS2_PLACEMENT_3D('',#4621,#4622,#4623);
#4625=CYLINDRICAL_SURFACE('',#4624,2.E-1);
#4627=ORIENTED_EDGE('',*,*,#4626,.T.);
#4629=ORIENTED_EDGE('',*,*,#4628,.T.);
#4631=ORIENTED_EDGE('',*,*,#4630,.F.);
#4632=ORIENTED_EDGE('',*,*,#4611,.F.);
#4633=EDGE_LOOP('',(#4627,#4629,#4631,#4632));
#4634=FACE_OUTER_BOUND('',#4633,.F.);
#4636=CARTESIAN_POINT('',(-5.530613454374E-1,5.502101403336E-1,5.E-1));
#4637=DIRECTION('',(-9.902680687416E-1,1.391731009601E-1,0.E0));
#4638=DIRECTION('',(0.E0,0.E0,1.E0));
#4639=AXIS2_PLACEMENT_3D('',#4636,#4637,#4638);
#4640=PLANE('',#4639);
#4642=ORIENTED_EDGE('',*,*,#4641,.F.);
#4643=ORIENTED_EDGE('',*,*,#4626,.F.);
#4645=ORIENTED_EDGE('',*,*,#4644,.F.);
#4647=ORIENTED_EDGE('',*,*,#4646,.F.);
#4648=EDGE_LOOP('',(#4642,#4643,#4645,#4647));
#4649=FACE_OUTER_BOUND('',#4648,.F.);
#4651=CARTESIAN_POINT('',(-4.738810731745E-1,7.543422254870E-1,5.E-1));
#4652=DIRECTION('',(0.E0,0.E0,1.E0));
#4653=DIRECTION('',(1.391731009601E-1,9.902680687416E-1,0.E0));
#4654=AXIS2_PLACEMENT_3D('',#4651,#4652,#4653);
#4655=PLANE('',#4654);
#4656=ORIENTED_EDGE('',*,*,#4641,.T.);
#4658=ORIENTED_EDGE('',*,*,#4657,.T.);
#4660=ORIENTED_EDGE('',*,*,#4659,.F.);
#4662=ORIENTED_EDGE('',*,*,#4661,.F.);
#4663=EDGE_LOOP('',(#4656,#4658,#4660,#4662));
#4664=FACE_OUTER_BOUND('',#4663,.F.);
#4666=CARTESIAN_POINT('',(-4.478787016163E-1,9.393587127823E-1,3.5E-1));
#4667=DIRECTION('',(1.391731009601E-1,9.902680687416E-1,0.E0));
#4668=DIRECTION('',(0.E0,0.E0,-1.E0));
#4669=AXIS2_PLACEMENT_3D('',#4666,#4667,#4668);
#4670=PLANE('',#4669);
#4671=ORIENTED_EDGE('',*,*,#4646,.T.);
#4673=ORIENTED_EDGE('',*,*,#4672,.T.);
#4675=ORIENTED_EDGE('',*,*,#4674,.F.);
#4676=ORIENTED_EDGE('',*,*,#4657,.F.);
#4677=EDGE_LOOP('',(#4671,#4673,#4675,#4676));
#4678=FACE_OUTER_BOUND('',#4677,.F.);
#4680=CARTESIAN_POINT('',(-4.738810731745E-1,7.543422254870E-1,2.E-1));
#4681=DIRECTION('',(0.E0,0.E0,-1.E0));
#4682=DIRECTION('',(-1.391731009601E-1,-9.902680687416E-1,0.E0));
#4683=AXIS2_PLACEMENT_3D('',#4680,#4681,#4682);
#4684=PLANE('',#4683);
#4685=ORIENTED_EDGE('',*,*,#4644,.T.);
#4686=ORIENTED_EDGE('',*,*,#4616,.T.);
#4688=ORIENTED_EDGE('',*,*,#4687,.F.);
#4689=ORIENTED_EDGE('',*,*,#4672,.F.);
#4690=EDGE_LOOP('',(#4685,#4686,#4688,#4689));
#4691=FACE_OUTER_BOUND('',#4690,.F.);
#4693=CARTESIAN_POINT('',(-4.540345385632E-1,5.362928302376E-1,5.E-1));
#4694=DIRECTION('',(-9.902680687416E-1,1.391731009601E-1,0.E0));
#4695=DIRECTION('',(0.E0,0.E0,1.E0));
#4696=AXIS2_PLACEMENT_3D('',#4693,#4694,#4695);
#4697=PLANE('',#4696);
#4698=ORIENTED_EDGE('',*,*,#4659,.T.);
#4699=ORIENTED_EDGE('',*,*,#4674,.T.);
#4700=ORIENTED_EDGE('',*,*,#4687,.T.);
#4702=ORIENTED_EDGE('',*,*,#4701,.T.);
#4703=EDGE_LOOP('',(#4698,#4699,#4700,#4702));
#4704=FACE_OUTER_BOUND('',#4703,.F.);
#4706=CARTESIAN_POINT('',(-3.513432344214E-1,5.484497730478E-1,2.E-1));
#4707=DIRECTION('',(0.E0,0.E0,1.E0));
#4708=DIRECTION('',(-9.902680687416E-1,1.391731009601E-1,0.E0));
#4709=AXIS2_PLACEMENT_3D('',#4706,#4707,#4708);
#4710=CYLINDRICAL_SURFACE('',#4709,1.E-1);
#4711=ORIENTED_EDGE('',*,*,#4701,.F.);
#4712=ORIENTED_EDGE('',*,*,#4614,.T.);
#4713=ORIENTED_EDGE('',*,*,#4586,.T.);
#4715=ORIENTED_EDGE('',*,*,#4714,.F.);
#4716=EDGE_LOOP('',(#4711,#4712,#4713,#4715));
#4717=FACE_OUTER_BOUND('',#4716,.F.);
#4719=CARTESIAN_POINT('',(-5.013375228810E-1,5.497587533726E-1,5.E-1));
#4720=DIRECTION('',(0.E0,0.E0,-1.E0));
#4721=DIRECTION('',(-1.391731009601E-1,-9.902680687416E-1,0.E0));
#4722=AXIS2_PLACEMENT_3D('',#4719,#4720,#4721);
#4723=PLANE('',#4722);
#4724=ORIENTED_EDGE('',*,*,#4628,.F.);
#4725=ORIENTED_EDGE('',*,*,#4661,.T.);
#4726=ORIENTED_EDGE('',*,*,#4714,.T.);
#4728=ORIENTED_EDGE('',*,*,#4727,.F.);
#4729=EDGE_LOOP('',(#4724,#4725,#4726,#4728));
#4730=FACE_OUTER_BOUND('',#4729,.F.);
#4732=CARTESIAN_POINT('',(-4.420260575546E-1,5.617574249228E-2,5.E-1));
#4733=DIRECTION('',(0.E0,0.E0,1.E0));
#4734=DIRECTION('',(1.218693434051E-1,-9.925461516413E-1,0.E0));
#4735=AXIS2_PLACEMENT_3D('',#4732,#4733,#4734);
#4736=PLANE('',#4735);
#4737=ORIENTED_EDGE('',*,*,#4584,.T.);
#4739=ORIENTED_EDGE('',*,*,#4738,.T.);
#4741=ORIENTED_EDGE('',*,*,#4740,.F.);
#4742=ORIENTED_EDGE('',*,*,#4727,.T.);
#4743=EDGE_LOOP('',(#4737,#4739,#4741,#4742));
#4744=FACE_OUTER_BOUND('',#4743,.F.);
#4746=CARTESIAN_POINT('',(-3.797797802367E-1,-4.530752430999E-1,5.E-1));
#4747=DIRECTION('',(0.E0,0.E0,1.E0));
#4748=DIRECTION('',(1.218693434051E-1,-9.925461516413E-1,0.E0));
#4749=AXIS2_PLACEMENT_3D('',#4746,#4747,#4748);
#4750=PLANE('',#4749);
#4751=ORIENTED_EDGE('',*,*,#4571,.T.);
#4753=ORIENTED_EDGE('',*,*,#4752,.T.);
#4755=ORIENTED_EDGE('',*,*,#4754,.F.);
#4756=ORIENTED_EDGE('',*,*,#4738,.F.);
#4757=EDGE_LOOP('',(#4751,#4753,#4755,#4756));
#4758=FACE_OUTER_BOUND('',#4757,.F.);
#4760=CARTESIAN_POINT('',(-3.795E-1,-5.25E-1,5.E-1));
#4761=DIRECTION('',(0.E0,0.E0,-1.E0));
#4762=DIRECTION('',(0.E0,1.E0,0.E0));
#4763=AXIS2_PLACEMENT_3D('',#4760,#4761,#4762);
#4764=PLANE('',#4763);
#4766=ORIENTED_EDGE('',*,*,#4765,.F.);
#4768=ORIENTED_EDGE('',*,*,#4767,.T.);
#4770=ORIENTED_EDGE('',*,*,#4769,.T.);
#4771=ORIENTED_EDGE('',*,*,#4752,.F.);
#4772=EDGE_LOOP('',(#4766,#4768,#4770,#4771));
#4773=FACE_OUTER_BOUND('',#4772,.F.);
#4775=CARTESIAN_POINT('',(-3.295E-1,-6.E-1,2.E-1));
#4776=DIRECTION('',(-1.E0,0.E0,0.E0));
#4777=DIRECTION('',(0.E0,0.E0,1.E0));
#4778=AXIS2_PLACEMENT_3D('',#4775,#4776,#4777);
#4779=PLANE('',#4778);
#4781=ORIENTED_EDGE('',*,*,#4780,.T.);
#4782=ORIENTED_EDGE('',*,*,#4765,.T.);
#4783=ORIENTED_EDGE('',*,*,#4569,.T.);
#4784=ORIENTED_EDGE('',*,*,#4458,.F.);
#4785=EDGE_LOOP('',(#4781,#4782,#4783,#4784));
#4786=FACE_OUTER_BOUND('',#4785,.F.);
#4788=CARTESIAN_POINT('',(-3.795E-1,-6.E-1,3.5E-1));
#4789=DIRECTION('',(0.E0,1.E0,0.E0));
#4790=DIRECTION('',(0.E0,0.E0,1.E0));
#4791=AXIS2_PLACEMENT_3D('',#4788,#4789,#4790);
#4792=PLANE('',#4791);
#4793=ORIENTED_EDGE('',*,*,#4780,.F.);
#4794=ORIENTED_EDGE('',*,*,#4480,.T.);
#4796=ORIENTED_EDGE('',*,*,#4795,.T.);
#4797=ORIENTED_EDGE('',*,*,#4767,.F.);
#4798=EDGE_LOOP('',(#4793,#4794,#4796,#4797));
#4799=FACE_OUTER_BOUND('',#4798,.F.);
#4801=CARTESIAN_POINT('',(-4.295E-1,-6.E-1,2.E-1));
#4802=DIRECTION('',(-1.E0,0.E0,0.E0));
#4803=DIRECTION('',(0.E0,0.E0,1.E0));
#4804=AXIS2_PLACEMENT_3D('',#4801,#4802,#4803);
#4805=PLANE('',#4804);
#4806=ORIENTED_EDGE('',*,*,#4795,.F.);
#4807=ORIENTED_EDGE('',*,*,#4499,.T.);
#4809=ORIENTED_EDGE('',*,*,#4808,.F.);
#4810=ORIENTED_EDGE('',*,*,#4769,.F.);
#4811=EDGE_LOOP('',(#4806,#4807,#4809,#4810));
#4812=FACE_OUTER_BOUND('',#4811,.F.);
#4814=CARTESIAN_POINT('',(-5.295E-1,-4.622325240301E-1,5.E-1));
#4815=DIRECTION('',(0.E0,0.E0,-1.E0));
#4816=DIRECTION('',(9.925461516413E-1,1.218693434051E-1,0.E0));
#4817=AXIS2_PLACEMENT_3D('',#4814,#4815,#4816);
#4818=CYLINDRICAL_SURFACE('',#4817,1.E-1);
#4820=ORIENTED_EDGE('',*,*,#4819,.F.);
#4821=ORIENTED_EDGE('',*,*,#4754,.T.);
#4822=ORIENTED_EDGE('',*,*,#4808,.T.);
#4823=ORIENTED_EDGE('',*,*,#4553,.F.);
#4825=ORIENTED_EDGE('',*,*,#4824,.F.);
#4826=EDGE_LOOP('',(#4820,#4821,#4822,#4823,#4825));
#4827=FACE_OUTER_BOUND('',#4826,.F.);
#4829=CARTESIAN_POINT('',(-4.287546151641E-1,-4.621869343405E-1,2.E-1));
#4830=DIRECTION('',(9.925461516413E-1,1.218693434051E-1,0.E0));
#4831=DIRECTION('',(0.E0,0.E0,-1.E0));
#4832=AXIS2_PLACEMENT_3D('',#4829,#4830,#4831);
#4833=PLANE('',#4832);
#4834=ORIENTED_EDGE('',*,*,#4599,.T.);
#4835=ORIENTED_EDGE('',*,*,#4630,.T.);
#4836=ORIENTED_EDGE('',*,*,#4740,.T.);
#4837=ORIENTED_EDGE('',*,*,#4819,.T.);
#4838=EDGE_LOOP('',(#4834,#4835,#4836,#4837));
#4839=FACE_OUTER_BOUND('',#4838,.F.);
#4841=CARTESIAN_POINT('',(-3.803655825940E-1,-4.461413604623E-1,2.E-1));
#4842=DIRECTION('',(0.E0,0.E0,1.E0));
#4843=DIRECTION('',(1.218693434051E-1,-9.925461516413E-1,0.E0));
#4844=AXIS2_PLACEMENT_3D('',#4841,#4842,#4843);
#4845=PLANE('',#4844);
#4846=ORIENTED_EDGE('',*,*,#4566,.F.);
#4847=ORIENTED_EDGE('',*,*,#4601,.T.);
#4848=ORIENTED_EDGE('',*,*,#4824,.T.);
#4849=ORIENTED_EDGE('',*,*,#4551,.F.);
#4850=EDGE_LOOP('',(#4846,#4847,#4848,#4849));
#4851=FACE_OUTER_BOUND('',#4850,.F.);
#4853=CARTESIAN_POINT('',(-4.295E-1,-4.5E-1,5.E-2));
#4854=DIRECTION('',(0.E0,-1.E0,0.E0));
#4855=DIRECTION('',(1.E0,0.E0,0.E0));
#4856=AXIS2_PLACEMENT_3D('',#4853,#4854,#4855);
#4857=PLANE('',#4856);
#4859=ORIENTED_EDGE('',*,*,#4858,.F.);
#4861=ORIENTED_EDGE('',*,*,#4860,.F.);
#4862=ORIENTED_EDGE('',*,*,#4513,.F.);
#4863=ORIENTED_EDGE('',*,*,#3833,.T.);
#4864=EDGE_LOOP('',(#4859,#4861,#4862,#4863));
#4865=FACE_OUTER_BOUND('',#4864,.F.);
#4867=CARTESIAN_POINT('',(-3.795E-1,-4.E-1,-6.754474018947E-1));
#4868=DIRECTION('',(0.E0,0.E0,1.E0));
#4869=DIRECTION('',(0.E0,-1.E0,0.E0));
#4870=AXIS2_PLACEMENT_3D('',#4867,#4868,#4869);
#4871=CYLINDRICAL_SURFACE('',#4870,5.E-2);
#4872=ORIENTED_EDGE('',*,*,#3831,.T.);
#4874=ORIENTED_EDGE('',*,*,#4873,.F.);
#4876=ORIENTED_EDGE('',*,*,#4875,.T.);
#4877=ORIENTED_EDGE('',*,*,#4858,.T.);
#4878=EDGE_LOOP('',(#4872,#4874,#4876,#4877));
#4879=FACE_OUTER_BOUND('',#4878,.F.);
#4881=CARTESIAN_POINT('',(-3.295E-1,2.25E-1,5.E-2));
#4882=DIRECTION('',(1.E0,0.E0,0.E0));
#4883=DIRECTION('',(0.E0,1.E0,0.E0));
#4884=AXIS2_PLACEMENT_3D('',#4881,#4882,#4883);
#4885=PLANE('',#4884);
#4887=ORIENTED_EDGE('',*,*,#4886,.F.);
#4889=ORIENTED_EDGE('',*,*,#4888,.F.);
#4890=ORIENTED_EDGE('',*,*,#4873,.T.);
#4891=ORIENTED_EDGE('',*,*,#3829,.T.);
#4892=EDGE_LOOP('',(#4887,#4889,#4890,#4891));
#4893=FACE_OUTER_BOUND('',#4892,.F.);
#4895=CARTESIAN_POINT('',(0.E0,8.E-1,5.E-2));
#4896=DIRECTION('',(0.E0,1.E0,0.E0));
#4897=DIRECTION('',(1.E0,0.E0,0.E0));
#4898=AXIS2_PLACEMENT_3D('',#4895,#4896,#4897);
#4899=PLANE('',#4898);
#4901=ORIENTED_EDGE('',*,*,#4900,.F.);
#4902=ORIENTED_EDGE('',*,*,#4886,.T.);
#4904=ORIENTED_EDGE('',*,*,#4903,.T.);
#4906=ORIENTED_EDGE('',*,*,#4905,.F.);
#4907=EDGE_LOOP('',(#4901,#4902,#4904,#4906));
#4908=FACE_OUTER_BOUND('',#4907,.F.);
#4910=CARTESIAN_POINT('',(-3.295E-1,8.E-1,0.E0));
#4911=DIRECTION('',(0.E0,0.E0,1.E0));
#4912=DIRECTION('',(1.E0,0.E0,0.E0));
#4913=AXIS2_PLACEMENT_3D('',#4910,#4911,#4912);
#4914=PLANE('',#4913);
#4915=ORIENTED_EDGE('',*,*,#4900,.T.);
#4917=ORIENTED_EDGE('',*,*,#4916,.T.);
#4919=ORIENTED_EDGE('',*,*,#4918,.F.);
#4921=ORIENTED_EDGE('',*,*,#4920,.F.);
#4922=EDGE_LOOP('',(#4915,#4917,#4919,#4921));
#4923=FACE_OUTER_BOUND('',#4922,.F.);
#4925=CARTESIAN_POINT('',(3.295E-1,9.25E-1,5.E-2));
#4926=DIRECTION('',(-1.E0,0.E0,0.E0));
#4927=DIRECTION('',(0.E0,1.E0,0.E0));
#4928=AXIS2_PLACEMENT_3D('',#4925,#4926,#4927);
#4929=PLANE('',#4928);
#4930=ORIENTED_EDGE('',*,*,#4916,.F.);
#4931=ORIENTED_EDGE('',*,*,#4905,.T.);
#4933=ORIENTED_EDGE('',*,*,#4932,.T.);
#4935=ORIENTED_EDGE('',*,*,#4934,.F.);
#4936=EDGE_LOOP('',(#4930,#4931,#4933,#4935));
#4937=FACE_OUTER_BOUND('',#4936,.F.);
#4939=CARTESIAN_POINT('',(-3.295E-1,8.E-1,1.E-1));
#4940=DIRECTION('',(0.E0,0.E0,1.E0));
#4941=DIRECTION('',(1.E0,0.E0,0.E0));
#4942=AXIS2_PLACEMENT_3D('',#4939,#4940,#4941);
#4943=PLANE('',#4942);
#4944=ORIENTED_EDGE('',*,*,#4903,.F.);
#4945=ORIENTED_EDGE('',*,*,#3827,.T.);
#4947=ORIENTED_EDGE('',*,*,#4946,.T.);
#4948=ORIENTED_EDGE('',*,*,#4932,.F.);
#4949=EDGE_LOOP('',(#4944,#4945,#4947,#4948));
#4950=FACE_OUTER_BOUND('',#4949,.F.);
#4952=CARTESIAN_POINT('',(0.E0,1.05E0,5.E-2));
#4953=DIRECTION('',(0.E0,-1.E0,0.E0));
#4954=DIRECTION('',(-1.E0,0.E0,0.E0));
#4955=AXIS2_PLACEMENT_3D('',#4952,#4953,#4954);
#4956=PLANE('',#4955);
#4957=ORIENTED_EDGE('',*,*,#4918,.T.);
#4958=ORIENTED_EDGE('',*,*,#4934,.T.);
#4959=ORIENTED_EDGE('',*,*,#4946,.F.);
#4961=ORIENTED_EDGE('',*,*,#4960,.T.);
#4962=EDGE_LOOP('',(#4957,#4958,#4959,#4961));
#4963=FACE_OUTER_BOUND('',#4962,.F.);
#4965=CARTESIAN_POINT('',(0.E0,1.05E0,5.E-2));
#4966=DIRECTION('',(0.E0,1.E0,0.E0));
#4967=DIRECTION('',(-1.E0,0.E0,0.E0));
#4968=AXIS2_PLACEMENT_3D('',#4965,#4966,#4967);
#4969=PLANE('',#4968);
#4971=ORIENTED_EDGE('',*,*,#4970,.F.);
#4973=ORIENTED_EDGE('',*,*,#4972,.F.);
#4974=ORIENTED_EDGE('',*,*,#4960,.F.);
#4975=ORIENTED_EDGE('',*,*,#3825,.T.);
#4976=EDGE_LOOP('',(#4971,#4973,#4974,#4975));
#4977=FACE_OUTER_BOUND('',#4976,.F.);
#4979=CARTESIAN_POINT('',(-7.E-1,8.E-1,-6.754474018947E-1));
#4980=DIRECTION('',(0.E0,0.E0,1.E0));
#4981=DIRECTION('',(0.E0,1.E0,0.E0));
#4982=AXIS2_PLACEMENT_3D('',#4979,#4980,#4981);
#4983=CYLINDRICAL_SURFACE('',#4982,2.5E-1);
#4984=ORIENTED_EDGE('',*,*,#3823,.T.);
#4986=ORIENTED_EDGE('',*,*,#4985,.F.);
#4988=ORIENTED_EDGE('',*,*,#4987,.T.);
#4989=ORIENTED_EDGE('',*,*,#4970,.T.);
#4990=EDGE_LOOP('',(#4984,#4986,#4988,#4989));
#4991=FACE_OUTER_BOUND('',#4990,.F.);
#4993=CARTESIAN_POINT('',(-9.5E-1,0.E0,5.E-2));
#4994=DIRECTION('',(-1.E0,0.E0,0.E0));
#4995=DIRECTION('',(0.E0,-1.E0,0.E0));
#4996=AXIS2_PLACEMENT_3D('',#4993,#4994,#4995);
#4997=PLANE('',#4996);
#4999=ORIENTED_EDGE('',*,*,#4998,.T.);
#5001=ORIENTED_EDGE('',*,*,#5000,.F.);
#5002=ORIENTED_EDGE('',*,*,#4985,.T.);
#5003=ORIENTED_EDGE('',*,*,#3821,.T.);
#5004=EDGE_LOOP('',(#4999,#5001,#5002,#5003));
#5005=FACE_OUTER_BOUND('',#5004,.F.);
#5007=CARTESIAN_POINT('',(-9.486941169508E-1,7.629433252641E-1,5.E-2));
#5008=DIRECTION('',(6.133710624669E-1,-7.897948719308E-1,0.E0));
#5009=DIRECTION('',(7.897948719308E-1,6.133710624669E-1,0.E0));
#5010=AXIS2_PLACEMENT_3D('',#5007,#5008,#5009);
#5011=PLANE('',#5010);
#5012=ORIENTED_EDGE('',*,*,#3819,.T.);
#5014=ORIENTED_EDGE('',*,*,#5013,.T.);
#5016=ORIENTED_EDGE('',*,*,#5015,.F.);
#5017=ORIENTED_EDGE('',*,*,#4998,.F.);
#5018=EDGE_LOOP('',(#5012,#5014,#5016,#5017));
#5019=FACE_OUTER_BOUND('',#5018,.F.);
#5021=CARTESIAN_POINT('',(-9.398071209769E-1,7.650620089807E-1,5.E-2));
#5022=DIRECTION('',(0.E0,0.E0,1.E0));
#5023=DIRECTION('',(-9.895529356064E-1,-1.441699956053E-1,0.E0));
#5024=AXIS2_PLACEMENT_3D('',#5021,#5022,#5023);
#5025=CYLINDRICAL_SURFACE('',#5024,7.661149446305E-3);
#5026=ORIENTED_EDGE('',*,*,#3817,.T.);
#5028=ORIENTED_EDGE('',*,*,#5027,.T.);
#5030=ORIENTED_EDGE('',*,*,#5029,.F.);
#5031=ORIENTED_EDGE('',*,*,#5013,.F.);
#5032=EDGE_LOOP('',(#5026,#5028,#5030,#5031));
#5033=FACE_OUTER_BOUND('',#5032,.F.);
#5035=CARTESIAN_POINT('',(-9.490835006885E-1,7.678462496482E-1,
1.037381877962E-1));
#5036=CARTESIAN_POINT('',(-9.490835006885E-1,7.678462496482E-1,
6.791272926542E-2));
#5037=CARTESIAN_POINT('',(-9.490835006885E-1,7.678462496482E-1,
3.208727073458E-2));
#5038=CARTESIAN_POINT('',(-9.490835006885E-1,7.678462496482E-1,
-3.738187796246E-3));
#5039=CARTESIAN_POINT('',(-9.483776399194E-1,7.659996664460E-1,
1.037381877962E-1));
#5040=CARTESIAN_POINT('',(-9.483776399194E-1,7.659996664460E-1,
6.791272926542E-2));
#5041=CARTESIAN_POINT('',(-9.483776399194E-1,7.659996664460E-1,
3.208727073458E-2));
#5042=CARTESIAN_POINT('',(-9.483776399194E-1,7.659996664460E-1,
-3.738187796246E-3));
#5043=CARTESIAN_POINT('',(-9.377872551050E-1,7.384335457190E-1,
1.037381877962E-1));
#5044=CARTESIAN_POINT('',(-9.377872551050E-1,7.384335457190E-1,
6.791272926542E-2));
#5045=CARTESIAN_POINT('',(-9.377872551050E-1,7.384335457190E-1,
3.208727073458E-2));
#5046=CARTESIAN_POINT('',(-9.377872551050E-1,7.384335457190E-1,
-3.738187796246E-3));
#5047=CARTESIAN_POINT('',(-9.172190072912E-1,6.885554509071E-1,
1.037381877962E-1));
#5048=CARTESIAN_POINT('',(-9.172190072912E-1,6.885554509071E-1,
6.791272926542E-2));
#5049=CARTESIAN_POINT('',(-9.172190072912E-1,6.885554509071E-1,
3.208727073458E-2));
#5050=CARTESIAN_POINT('',(-9.172190072912E-1,6.885554509071E-1,
-3.738187796246E-3));
#5051=CARTESIAN_POINT('',(-8.920447024407E-1,6.242616827266E-1,
1.037381877962E-1));
#5052=CARTESIAN_POINT('',(-8.920447024407E-1,6.242616827266E-1,
6.791272926542E-2));
#5053=CARTESIAN_POINT('',(-8.920447024407E-1,6.242616827266E-1,
3.208727073458E-2));
#5054=CARTESIAN_POINT('',(-8.920447024407E-1,6.242616827266E-1,
-3.738187796246E-3));
#5055=CARTESIAN_POINT('',(-8.738486892652E-1,5.650541148822E-1,
1.037381877962E-1));
#5056=CARTESIAN_POINT('',(-8.738486892652E-1,5.650541148822E-1,
6.791272926542E-2));
#5057=CARTESIAN_POINT('',(-8.738486892652E-1,5.650541148822E-1,
3.208727073458E-2));
#5058=CARTESIAN_POINT('',(-8.738486892652E-1,5.650541148822E-1,
-3.738187796246E-3));
#5059=CARTESIAN_POINT('',(-8.644102255919E-1,5.116876090879E-1,
1.037381877962E-1));
#5060=CARTESIAN_POINT('',(-8.644102255919E-1,5.116876090879E-1,
6.791272926542E-2));
#5061=CARTESIAN_POINT('',(-8.644102255919E-1,5.116876090879E-1,
3.208727073458E-2));
#5062=CARTESIAN_POINT('',(-8.644102255919E-1,5.116876090879E-1,
-3.738187796246E-3));
#5063=CARTESIAN_POINT('',(-8.630433721214E-1,4.607465553749E-1,
1.037381877962E-1));
#5064=CARTESIAN_POINT('',(-8.630433721214E-1,4.607465553749E-1,
6.791272926542E-2));
#5065=CARTESIAN_POINT('',(-8.630433721214E-1,4.607465553749E-1,
3.208727073458E-2));
#5066=CARTESIAN_POINT('',(-8.630433721214E-1,4.607465553749E-1,
-3.738187796246E-3));
#5067=CARTESIAN_POINT('',(-8.687444883372E-1,4.059105438444E-1,
1.037381877962E-1));
#5068=CARTESIAN_POINT('',(-8.687444883372E-1,4.059105438444E-1,
6.791272926542E-2));
#5069=CARTESIAN_POINT('',(-8.687444883372E-1,4.059105438444E-1,
3.208727073458E-2));
#5070=CARTESIAN_POINT('',(-8.687444883372E-1,4.059105438444E-1,
-3.738187796246E-3));
#5071=CARTESIAN_POINT('',(-8.835313489232E-1,3.434308540276E-1,
1.037381877962E-1));
#5072=CARTESIAN_POINT('',(-8.835313489232E-1,3.434308540276E-1,
6.791272926542E-2));
#5073=CARTESIAN_POINT('',(-8.835313489232E-1,3.434308540276E-1,
3.208727073458E-2));
#5074=CARTESIAN_POINT('',(-8.835313489232E-1,3.434308540276E-1,
-3.738187796246E-3));
#5075=CARTESIAN_POINT('',(-9.083755903640E-1,2.751983336119E-1,
1.037381877962E-1));
#5076=CARTESIAN_POINT('',(-9.083755903640E-1,2.751983336119E-1,
6.791272926542E-2));
#5077=CARTESIAN_POINT('',(-9.083755903640E-1,2.751983336119E-1,
3.208727073458E-2));
#5078=CARTESIAN_POINT('',(-9.083755903640E-1,2.751983336119E-1,
-3.738187796246E-3));
#5079=CARTESIAN_POINT('',(-9.329351074906E-1,2.240183035204E-1,
1.037381877962E-1));
#5080=CARTESIAN_POINT('',(-9.329351074906E-1,2.240183035204E-1,
6.791272926542E-2));
#5081=CARTESIAN_POINT('',(-9.329351074906E-1,2.240183035204E-1,
3.208727073458E-2));
#5082=CARTESIAN_POINT('',(-9.329351074906E-1,2.240183035204E-1,
-3.738187796246E-3));
#5083=CARTESIAN_POINT('',(-9.477060272243E-1,1.965060182538E-1,
1.037381877962E-1));
#5084=CARTESIAN_POINT('',(-9.477060272243E-1,1.965060182538E-1,
6.791272926542E-2));
#5085=CARTESIAN_POINT('',(-9.477060272243E-1,1.965060182538E-1,
3.208727073458E-2));
#5086=CARTESIAN_POINT('',(-9.477060272243E-1,1.965060182538E-1,
-3.738187796246E-3));
#5087=CARTESIAN_POINT('',(-9.486535841291E-1,1.947524833455E-1,
1.037381877962E-1));
#5088=CARTESIAN_POINT('',(-9.486535841291E-1,1.947524833455E-1,
6.791272926542E-2));
#5089=CARTESIAN_POINT('',(-9.486535841291E-1,1.947524833455E-1,
3.208727073458E-2));
#5090=CARTESIAN_POINT('',(-9.486535841291E-1,1.947524833455E-1,
-3.738187796246E-3));
#5091=B_SPLINE_SURFACE_WITH_KNOTS('',3,3,((#5035,#5036,#5037,#5038),(#5039,
#5040,#5041,#5042),(#5043,#5044,#5045,#5046),(#5047,#5048,#5049,#5050),(#5051,
#5052,#5053,#5054),(#5055,#5056,#5057,#5058),(#5059,#5060,#5061,#5062),(#5063,
#5064,#5065,#5066),(#5067,#5068,#5069,#5070),(#5071,#5072,#5073,#5074),(#5075,
#5076,#5077,#5078),(#5079,#5080,#5081,#5082),(#5083,#5084,#5085,#5086),(#5087,
#5088,#5089,#5090)),.UNSPECIFIED.,.F.,.F.,.F.,(4,1,1,1,1,1,1,1,1,1,1,4),(4,4),(
-7.940689583769E-3,0.E0,1.111111111111E-1,2.222222222222E-1,3.333333333333E-1,
4.444444444444E-1,5.555555555556E-1,6.666666666667E-1,7.777777777778E-1,
8.888888888889E-1,1.E0,1.007543852963E0),(-3.738187796246E-2,1.037381877962E0),
.UNSPECIFIED.);
#5092=ORIENTED_EDGE('',*,*,#3815,.T.);
#5094=ORIENTED_EDGE('',*,*,#5093,.T.);
#5096=ORIENTED_EDGE('',*,*,#5095,.F.);
#5097=ORIENTED_EDGE('',*,*,#5027,.F.);
#5098=EDGE_LOOP('',(#5092,#5094,#5096,#5097));
#5099=FACE_OUTER_BOUND('',#5098,.F.);
#5101=CARTESIAN_POINT('',(-9.479181271153E-1,2.E-1,5.E-2));
#5102=DIRECTION('',(0.E0,-1.E0,0.E0));
#5103=DIRECTION('',(1.E0,0.E0,0.E0));
#5104=AXIS2_PLACEMENT_3D('',#5101,#5102,#5103);
#5105=PLANE('',#5104);
#5106=ORIENTED_EDGE('',*,*,#3813,.F.);
#5108=ORIENTED_EDGE('',*,*,#5107,.T.);
#5110=ORIENTED_EDGE('',*,*,#5109,.T.);
#5111=ORIENTED_EDGE('',*,*,#5093,.F.);
#5112=EDGE_LOOP('',(#5106,#5108,#5110,#5111));
#5113=FACE_OUTER_BOUND('',#5112,.F.);
#5115=CARTESIAN_POINT('',(-9.5E-1,0.E0,5.E-2));
#5116=DIRECTION('',(-1.E0,0.E0,0.E0));
#5117=DIRECTION('',(0.E0,-1.E0,0.E0));
#5118=AXIS2_PLACEMENT_3D('',#5115,#5116,#5117);
#5119=PLANE('',#5118);
#5120=ORIENTED_EDGE('',*,*,#5107,.F.);
#5121=ORIENTED_EDGE('',*,*,#3811,.T.);
#5123=ORIENTED_EDGE('',*,*,#5122,.F.);
#5125=ORIENTED_EDGE('',*,*,#5124,.F.);
#5126=EDGE_LOOP('',(#5120,#5121,#5123,#5125));
#5127=FACE_OUTER_BOUND('',#5126,.F.);
#5129=CARTESIAN_POINT('',(-9.E-1,-4.E-1,-6.754474018947E-1));
#5130=DIRECTION('',(0.E0,0.E0,1.E0));
#5131=DIRECTION('',(-1.E0,0.E0,0.E0));
#5132=AXIS2_PLACEMENT_3D('',#5129,#5130,#5131);
#5133=CYLINDRICAL_SURFACE('',#5132,5.E-2);
#5134=ORIENTED_EDGE('',*,*,#3809,.T.);
#5136=ORIENTED_EDGE('',*,*,#5135,.F.);
#5138=ORIENTED_EDGE('',*,*,#5137,.T.);
#5139=ORIENTED_EDGE('',*,*,#5122,.T.);
#5140=EDGE_LOOP('',(#5134,#5136,#5138,#5139));
#5141=FACE_OUTER_BOUND('',#5140,.F.);
#5143=CARTESIAN_POINT('',(-8.5E-1,-4.5E-1,5.E-2));
#5144=DIRECTION('',(0.E0,1.E0,0.E0));
#5145=DIRECTION('',(-1.E0,0.E0,0.E0));
#5146=AXIS2_PLACEMENT_3D('',#5143,#5144,#5145);
#5147=PLANE('',#5146);
#5148=ORIENTED_EDGE('',*,*,#5135,.T.);
#5149=ORIENTED_EDGE('',*,*,#3807,.F.);
#5151=ORIENTED_EDGE('',*,*,#5150,.T.);
#5153=ORIENTED_EDGE('',*,*,#5152,.T.);
#5154=EDGE_LOOP('',(#5148,#5149,#5151,#5153));
#5155=FACE_OUTER_BOUND('',#5154,.F.);
#5157=CARTESIAN_POINT('',(-8.531476301068E-1,-4.5E-1,9.109377243083E-2));
#5158=DIRECTION('',(0.E0,-1.E0,0.E0));
#5159=DIRECTION('',(-1.E0,0.E0,0.E0));
#5160=AXIS2_PLACEMENT_3D('',#5157,#5158,#5159);
#5161=PLANE('',#5160);
#5163=ORIENTED_EDGE('',*,*,#5162,.F.);
#5164=ORIENTED_EDGE('',*,*,#5150,.F.);
#5166=ORIENTED_EDGE('',*,*,#5165,.T.);
#5168=ORIENTED_EDGE('',*,*,#5167,.F.);
#5169=EDGE_LOOP('',(#5163,#5164,#5166,#5168));
#5170=FACE_OUTER_BOUND('',#5169,.F.);
#5172=CARTESIAN_POINT('',(-7.5E-1,-4.5E-1,2.E-1));
#5173=DIRECTION('',(0.E0,-1.E0,0.E0));
#5174=DIRECTION('',(-1.E0,0.E0,0.E0));
#5175=AXIS2_PLACEMENT_3D('',#5172,#5173,#5174);
#5176=CYLINDRICAL_SURFACE('',#5175,2.E-1);
#5177=ORIENTED_EDGE('',*,*,#5162,.T.);
#5179=ORIENTED_EDGE('',*,*,#5178,.T.);
#5181=ORIENTED_EDGE('',*,*,#5180,.T.);
#5183=ORIENTED_EDGE('',*,*,#5182,.T.);
#5185=ORIENTED_EDGE('',*,*,#5184,.F.);
#5187=ORIENTED_EDGE('',*,*,#5186,.F.);
#5188=EDGE_LOOP('',(#5177,#5179,#5181,#5183,#5185,#5187));
#5189=FACE_OUTER_BOUND('',#5188,.F.);
#5191=CARTESIAN_POINT('',(-8.999447207395E-1,-4.5E-1,1.959280566843E-1));
#5192=DIRECTION('',(0.E0,-1.E0,0.E0));
#5193=DIRECTION('',(-5.427256918640E-2,0.E0,9.985261580119E-1));
#5194=AXIS2_PLACEMENT_3D('',#5191,#5192,#5193);
#5195=PLANE('',#5194);
#5196=ORIENTED_EDGE('',*,*,#5178,.F.);
#5197=ORIENTED_EDGE('',*,*,#5167,.T.);
#5199=ORIENTED_EDGE('',*,*,#5198,.T.);
#5201=ORIENTED_EDGE('',*,*,#5200,.F.);
#5202=EDGE_LOOP('',(#5196,#5197,#5199,#5201));
#5203=FACE_OUTER_BOUND('',#5202,.F.);
#5205=CARTESIAN_POINT('',(-7.5E-1,-4.5E-1,2.E-1));
#5206=DIRECTION('',(0.E0,-1.E0,0.E0));
#5207=DIRECTION('',(-1.E0,0.E0,0.E0));
#5208=AXIS2_PLACEMENT_3D('',#5205,#5206,#5207);
#5209=CYLINDRICAL_SURFACE('',#5208,1.E-1);
#5210=ORIENTED_EDGE('',*,*,#5198,.F.);
#5211=ORIENTED_EDGE('',*,*,#5165,.F.);
#5212=ORIENTED_EDGE('',*,*,#3805,.T.);
#5214=ORIENTED_EDGE('',*,*,#5213,.T.);
#5216=ORIENTED_EDGE('',*,*,#5215,.F.);
#5218=ORIENTED_EDGE('',*,*,#5217,.F.);
#5219=EDGE_LOOP('',(#5210,#5211,#5212,#5214,#5216,#5218));
#5220=FACE_OUTER_BOUND('',#5219,.F.);
#5222=CARTESIAN_POINT('',(-8.560660171780E-1,-1.05E0,9.393398282202E-2));
#5223=DIRECTION('',(0.E0,1.E0,0.E0));
#5224=DIRECTION('',(0.E0,0.E0,-1.E0));
#5225=AXIS2_PLACEMENT_3D('',#5222,#5223,#5224);
#5226=PLANE('',#5225);
#5227=ORIENTED_EDGE('',*,*,#5184,.T.);
#5229=ORIENTED_EDGE('',*,*,#5228,.T.);
#5230=ORIENTED_EDGE('',*,*,#5213,.F.);
#5232=ORIENTED_EDGE('',*,*,#5231,.F.);
#5233=EDGE_LOOP('',(#5227,#5229,#5230,#5232));
#5234=FACE_OUTER_BOUND('',#5233,.F.);
#5236=CARTESIAN_POINT('',(-9.E-1,-1.05E0,3.5E-1));
#5237=DIRECTION('',(0.E0,1.E0,0.E0));
#5238=DIRECTION('',(0.E0,0.E0,-1.E0));
#5239=AXIS2_PLACEMENT_3D('',#5236,#5237,#5238);
#5240=PLANE('',#5239);
#5242=ORIENTED_EDGE('',*,*,#5241,.T.);
#5244=ORIENTED_EDGE('',*,*,#5243,.T.);
#5246=ORIENTED_EDGE('',*,*,#5245,.F.);
#5247=ORIENTED_EDGE('',*,*,#5228,.F.);
#5248=EDGE_LOOP('',(#5242,#5244,#5246,#5247));
#5249=FACE_OUTER_BOUND('',#5248,.F.);
#5251=CARTESIAN_POINT('',(-9.5E-1,-4.5E-1,2.E-1));
#5252=DIRECTION('',(1.E0,0.E0,0.E0));
#5253=DIRECTION('',(0.E0,0.E0,1.E0));
#5254=AXIS2_PLACEMENT_3D('',#5251,#5252,#5253);
#5255=PLANE('',#5254);
#5257=ORIENTED_EDGE('',*,*,#5256,.T.);
#5259=ORIENTED_EDGE('',*,*,#5258,.T.);
#5260=ORIENTED_EDGE('',*,*,#5241,.F.);
#5261=ORIENTED_EDGE('',*,*,#5182,.F.);
#5262=EDGE_LOOP('',(#5257,#5259,#5260,#5261));
#5263=FACE_OUTER_BOUND('',#5262,.F.);
#5265=CARTESIAN_POINT('',(-7.5E-1,-4.622325240301E-1,2.E-1));
#5266=DIRECTION('',(0.E0,0.E0,1.E0));
#5267=DIRECTION('',(-9.925461516413E-1,1.218693434051E-1,0.E0));
#5268=AXIS2_PLACEMENT_3D('',#5265,#5266,#5267);
#5269=CYLINDRICAL_SURFACE('',#5268,2.E-1);
#5271=ORIENTED_EDGE('',*,*,#5270,.T.);
#5273=ORIENTED_EDGE('',*,*,#5272,.T.);
#5274=ORIENTED_EDGE('',*,*,#5256,.F.);
#5276=ORIENTED_EDGE('',*,*,#5275,.F.);
#5278=ORIENTED_EDGE('',*,*,#5277,.F.);
#5279=EDGE_LOOP('',(#5271,#5273,#5274,#5276,#5278));
#5280=FACE_OUTER_BOUND('',#5279,.F.);
#5282=CARTESIAN_POINT('',(-9.5E-1,-4.5E-1,5.E-1));
#5283=DIRECTION('',(-9.925461516413E-1,1.218693434051E-1,0.E0));
#5284=DIRECTION('',(0.E0,0.E0,1.E0));
#5285=AXIS2_PLACEMENT_3D('',#5282,#5283,#5284);
#5286=PLANE('',#5285);
#5288=ORIENTED_EDGE('',*,*,#5287,.F.);
#5289=ORIENTED_EDGE('',*,*,#5270,.F.);
#5291=ORIENTED_EDGE('',*,*,#5290,.F.);
#5293=ORIENTED_EDGE('',*,*,#5292,.F.);
#5294=EDGE_LOOP('',(#5288,#5289,#5291,#5293));
#5295=FACE_OUTER_BOUND('',#5294,.F.);
#5297=CARTESIAN_POINT('',(-8.374739424454E-1,5.617574249228E-2,5.E-1));
#5298=DIRECTION('',(0.E0,0.E0,1.E0));
#5299=DIRECTION('',(1.218693434051E-1,9.925461516413E-1,0.E0));
#5300=AXIS2_PLACEMENT_3D('',#5297,#5298,#5299);
#5301=PLANE('',#5300);
#5302=ORIENTED_EDGE('',*,*,#5287,.T.);
#5304=ORIENTED_EDGE('',*,*,#5303,.F.);
#5306=ORIENTED_EDGE('',*,*,#5305,.F.);
#5308=ORIENTED_EDGE('',*,*,#5307,.F.);
#5309=EDGE_LOOP('',(#5302,#5304,#5306,#5308));
#5310=FACE_OUTER_BOUND('',#5309,.F.);
#5312=CARTESIAN_POINT('',(-7.781624771190E-1,5.497587533726E-1,5.E-1));
#5313=DIRECTION('',(0.E0,0.E0,1.E0));
#5314=DIRECTION('',(1.391731009601E-1,-9.902680687416E-1,0.E0));
#5315=AXIS2_PLACEMENT_3D('',#5312,#5313,#5314);
#5316=PLANE('',#5315);
#5318=ORIENTED_EDGE('',*,*,#5317,.T.);
#5319=ORIENTED_EDGE('',*,*,#5303,.T.);
#5321=ORIENTED_EDGE('',*,*,#5320,.F.);
#5323=ORIENTED_EDGE('',*,*,#5322,.F.);
#5324=EDGE_LOOP('',(#5318,#5319,#5321,#5323));
#5325=FACE_OUTER_BOUND('',#5324,.F.);
#5327=CARTESIAN_POINT('',(-9.281567655786E-1,5.484497730478E-1,5.E-1));
#5328=DIRECTION('',(0.E0,0.E0,-1.E0));
#5329=DIRECTION('',(9.902680687416E-1,1.391731009601E-1,0.E0));
#5330=AXIS2_PLACEMENT_3D('',#5327,#5328,#5329);
#5331=CYLINDRICAL_SURFACE('',#5330,2.E-1);
#5333=ORIENTED_EDGE('',*,*,#5332,.T.);
#5335=ORIENTED_EDGE('',*,*,#5334,.T.);
#5337=ORIENTED_EDGE('',*,*,#5336,.F.);
#5338=ORIENTED_EDGE('',*,*,#5317,.F.);
#5339=EDGE_LOOP('',(#5333,#5335,#5337,#5338));
#5340=FACE_OUTER_BOUND('',#5339,.F.);
#5342=CARTESIAN_POINT('',(-7.264386545626E-1,5.502101403336E-1,2.E-1));
#5343=DIRECTION('',(9.902680687416E-1,1.391731009601E-1,0.E0));
#5344=DIRECTION('',(0.E0,0.E0,-1.E0));
#5345=AXIS2_PLACEMENT_3D('',#5342,#5343,#5344);
#5346=PLANE('',#5345);
#5348=ORIENTED_EDGE('',*,*,#5347,.F.);
#5349=ORIENTED_EDGE('',*,*,#5332,.F.);
#5351=ORIENTED_EDGE('',*,*,#5350,.F.);
#5353=ORIENTED_EDGE('',*,*,#5352,.F.);
#5354=EDGE_LOOP('',(#5348,#5349,#5351,#5353));
#5355=FACE_OUTER_BOUND('',#5354,.F.);
#5357=CARTESIAN_POINT('',(-8.056189268255E-1,7.543422254870E-1,2.E-1));
#5358=DIRECTION('',(0.E0,0.E0,-1.E0));
#5359=DIRECTION('',(-1.391731009601E-1,9.902680687416E-1,0.E0));
#5360=AXIS2_PLACEMENT_3D('',#5357,#5358,#5359);
#5361=PLANE('',#5360);
#5362=ORIENTED_EDGE('',*,*,#5347,.T.);
#5364=ORIENTED_EDGE('',*,*,#5363,.T.);
#5366=ORIENTED_EDGE('',*,*,#5365,.F.);
#5368=ORIENTED_EDGE('',*,*,#5367,.F.);
#5369=EDGE_LOOP('',(#5362,#5364,#5366,#5368));
#5370=FACE_OUTER_BOUND('',#5369,.F.);
#5372=CARTESIAN_POINT('',(-8.316212983837E-1,9.393587127823E-1,3.5E-1));
#5373=DIRECTION('',(-1.391731009601E-1,9.902680687416E-1,0.E0));
#5374=DIRECTION('',(0.E0,0.E0,1.E0));
#5375=AXIS2_PLACEMENT_3D('',#5372,#5373,#5374);
#5376=PLANE('',#5375);
#5377=ORIENTED_EDGE('',*,*,#5352,.T.);
#5379=ORIENTED_EDGE('',*,*,#5378,.T.);
#5381=ORIENTED_EDGE('',*,*,#5380,.F.);
#5382=ORIENTED_EDGE('',*,*,#5363,.F.);
#5383=EDGE_LOOP('',(#5377,#5379,#5381,#5382));
#5384=FACE_OUTER_BOUND('',#5383,.F.);
#5386=CARTESIAN_POINT('',(-8.056189268255E-1,7.543422254870E-1,5.E-1));
#5387=DIRECTION('',(0.E0,0.E0,1.E0));
#5388=DIRECTION('',(1.391731009601E-1,-9.902680687416E-1,0.E0));
#5389=AXIS2_PLACEMENT_3D('',#5386,#5387,#5388);
#5390=PLANE('',#5389);
#5391=ORIENTED_EDGE('',*,*,#5350,.T.);
#5392=ORIENTED_EDGE('',*,*,#5322,.T.);
#5394=ORIENTED_EDGE('',*,*,#5393,.F.);
#5395=ORIENTED_EDGE('',*,*,#5378,.F.);
#5396=EDGE_LOOP('',(#5391,#5392,#5394,#5395));
#5397=FACE_OUTER_BOUND('',#5396,.F.);
#5399=CARTESIAN_POINT('',(-8.254654614368E-1,5.362928302376E-1,2.E-1));
#5400=DIRECTION('',(9.902680687416E-1,1.391731009601E-1,0.E0));
#5401=DIRECTION('',(0.E0,0.E0,-1.E0));
#5402=AXIS2_PLACEMENT_3D('',#5399,#5400,#5401);
#5403=PLANE('',#5402);
#5404=ORIENTED_EDGE('',*,*,#5365,.T.);
#5405=ORIENTED_EDGE('',*,*,#5380,.T.);
#5406=ORIENTED_EDGE('',*,*,#5393,.T.);
#5408=ORIENTED_EDGE('',*,*,#5407,.T.);
#5409=EDGE_LOOP('',(#5404,#5405,#5406,#5408));
#5410=FACE_OUTER_BOUND('',#5409,.F.);
#5412=CARTESIAN_POINT('',(-9.281567655786E-1,5.484497730478E-1,5.E-1));
#5413=DIRECTION('',(0.E0,0.E0,-1.E0));
#5414=DIRECTION('',(9.902680687416E-1,1.391731009601E-1,0.E0));
#5415=AXIS2_PLACEMENT_3D('',#5412,#5413,#5414);
#5416=CYLINDRICAL_SURFACE('',#5415,1.E-1);
#5417=ORIENTED_EDGE('',*,*,#5407,.F.);
#5418=ORIENTED_EDGE('',*,*,#5320,.T.);
#5419=ORIENTED_EDGE('',*,*,#5292,.T.);
#5421=ORIENTED_EDGE('',*,*,#5420,.F.);
#5422=EDGE_LOOP('',(#5417,#5418,#5419,#5421));
#5423=FACE_OUTER_BOUND('',#5422,.F.);
#5425=CARTESIAN_POINT('',(-7.781624771190E-1,5.497587533726E-1,2.E-1));
#5426=DIRECTION('',(0.E0,0.E0,1.E0));
#5427=DIRECTION('',(1.391731009601E-1,-9.902680687416E-1,0.E0));
#5428=AXIS2_PLACEMENT_3D('',#5425,#5426,#5427);
#5429=PLANE('',#5428);
#5430=ORIENTED_EDGE('',*,*,#5334,.F.);
#5431=ORIENTED_EDGE('',*,*,#5367,.T.);
#5432=ORIENTED_EDGE('',*,*,#5420,.T.);
#5434=ORIENTED_EDGE('',*,*,#5433,.F.);
#5435=EDGE_LOOP('',(#5430,#5431,#5432,#5434));
#5436=FACE_OUTER_BOUND('',#5435,.F.);
#5438=CARTESIAN_POINT('',(-8.374739424454E-1,5.617574249228E-2,2.E-1));
#5439=DIRECTION('',(0.E0,0.E0,-1.E0));
#5440=DIRECTION('',(-1.218693434051E-1,-9.925461516413E-1,0.E0));
#5441=AXIS2_PLACEMENT_3D('',#5438,#5439,#5440);
#5442=PLANE('',#5441);
#5443=ORIENTED_EDGE('',*,*,#5290,.T.);
#5445=ORIENTED_EDGE('',*,*,#5444,.T.);
#5447=ORIENTED_EDGE('',*,*,#5446,.F.);
#5448=ORIENTED_EDGE('',*,*,#5433,.T.);
#5449=EDGE_LOOP('',(#5443,#5445,#5447,#5448));
#5450=FACE_OUTER_BOUND('',#5449,.F.);
#5452=CARTESIAN_POINT('',(-8.991344174060E-1,-4.461413604623E-1,2.E-1));
#5453=DIRECTION('',(0.E0,0.E0,-1.E0));
#5454=DIRECTION('',(-1.218693434051E-1,-9.925461516413E-1,0.E0));
#5455=AXIS2_PLACEMENT_3D('',#5452,#5453,#5454);
#5456=PLANE('',#5455);
#5457=ORIENTED_EDGE('',*,*,#5277,.T.);
#5459=ORIENTED_EDGE('',*,*,#5458,.T.);
#5461=ORIENTED_EDGE('',*,*,#5460,.F.);
#5462=ORIENTED_EDGE('',*,*,#5444,.F.);
#5463=EDGE_LOOP('',(#5457,#5459,#5461,#5462));
#5464=FACE_OUTER_BOUND('',#5463,.F.);
#5466=CARTESIAN_POINT('',(-8.998385936906E-1,-4.552758121030E-1,2.E-1));
#5467=DIRECTION('',(0.E0,0.E0,-1.E0));
#5468=DIRECTION('',(-9.265634949945E-2,-9.956981474812E-1,0.E0));
#5469=AXIS2_PLACEMENT_3D('',#5466,#5467,#5468);
#5470=PLANE('',#5469);
#5471=ORIENTED_EDGE('',*,*,#5275,.T.);
#5473=ORIENTED_EDGE('',*,*,#5472,.T.);
#5475=ORIENTED_EDGE('',*,*,#5474,.F.);
#5476=ORIENTED_EDGE('',*,*,#5458,.F.);
#5477=EDGE_LOOP('',(#5471,#5473,#5475,#5476));
#5478=FACE_OUTER_BOUND('',#5477,.F.);
#5480=CARTESIAN_POINT('',(-9.E-1,-4.561162620150E-1,2.E-1));
#5481=DIRECTION('',(0.E0,0.E0,1.E0));
#5482=DIRECTION('',(0.E0,-1.E0,0.E0));
#5483=AXIS2_PLACEMENT_3D('',#5480,#5481,#5482);
#5484=PLANE('',#5483);
#5485=ORIENTED_EDGE('',*,*,#5217,.T.);
#5486=ORIENTED_EDGE('',*,*,#5472,.F.);
#5487=ORIENTED_EDGE('',*,*,#5180,.F.);
#5488=ORIENTED_EDGE('',*,*,#5200,.T.);
#5489=EDGE_LOOP('',(#5485,#5486,#5487,#5488));
#5490=FACE_OUTER_BOUND('',#5489,.F.);
#5492=CARTESIAN_POINT('',(-7.5E-1,-4.622325240301E-1,2.E-1));
#5493=DIRECTION('',(0.E0,0.E0,1.E0));
#5494=DIRECTION('',(-9.925461516413E-1,1.218693434051E-1,0.E0));
#5495=AXIS2_PLACEMENT_3D('',#5492,#5493,#5494);
#5496=CYLINDRICAL_SURFACE('',#5495,1.E-1);
#5498=ORIENTED_EDGE('',*,*,#5497,.F.);
#5499=ORIENTED_EDGE('',*,*,#5460,.T.);
#5500=ORIENTED_EDGE('',*,*,#5474,.T.);
#5502=ORIENTED_EDGE('',*,*,#5501,.T.);
#5504=ORIENTED_EDGE('',*,*,#5503,.F.);
#5505=EDGE_LOOP('',(#5498,#5499,#5500,#5502,#5504));
#5506=FACE_OUTER_BOUND('',#5505,.F.);
#5508=CARTESIAN_POINT('',(-8.507453848359E-1,-4.621869343405E-1,5.E-1));
#5509=DIRECTION('',(-9.925461516413E-1,1.218693434051E-1,0.E0));
#5510=DIRECTION('',(0.E0,0.E0,1.E0));
#5511=AXIS2_PLACEMENT_3D('',#5508,#5509,#5510);
#5512=PLANE('',#5511);
#5513=ORIENTED_EDGE('',*,*,#5305,.T.);
#5514=ORIENTED_EDGE('',*,*,#5336,.T.);
#5515=ORIENTED_EDGE('',*,*,#5446,.T.);
#5516=ORIENTED_EDGE('',*,*,#5497,.T.);
#5517=EDGE_LOOP('',(#5513,#5514,#5515,#5516));
#5518=FACE_OUTER_BOUND('',#5517,.F.);
#5520=CARTESIAN_POINT('',(-8.5E-1,-4.5E-1,2.E-1));
#5521=DIRECTION('',(1.E0,0.E0,0.E0));
#5522=DIRECTION('',(0.E0,0.E0,1.E0));
#5523=AXIS2_PLACEMENT_3D('',#5520,#5521,#5522);
#5524=PLANE('',#5523);
#5525=ORIENTED_EDGE('',*,*,#5501,.F.);
#5526=ORIENTED_EDGE('',*,*,#5215,.T.);
#5527=ORIENTED_EDGE('',*,*,#5245,.T.);
#5529=ORIENTED_EDGE('',*,*,#5528,.F.);
#5530=EDGE_LOOP('',(#5525,#5526,#5527,#5529));
#5531=FACE_OUTER_BOUND('',#5530,.F.);
#5533=CARTESIAN_POINT('',(-9.E-1,-7.5E-1,5.E-1));
#5534=DIRECTION('',(0.E0,0.E0,-1.E0));
#5535=DIRECTION('',(0.E0,-1.E0,0.E0));
#5536=AXIS2_PLACEMENT_3D('',#5533,#5534,#5535);
#5537=PLANE('',#5536);
#5538=ORIENTED_EDGE('',*,*,#5258,.F.);
#5540=ORIENTED_EDGE('',*,*,#5539,.T.);
#5541=ORIENTED_EDGE('',*,*,#5528,.T.);
#5542=ORIENTED_EDGE('',*,*,#5243,.F.);
#5543=EDGE_LOOP('',(#5538,#5540,#5541,#5542));
#5544=FACE_OUTER_BOUND('',#5543,.F.);
#5546=CARTESIAN_POINT('',(-8.997202197633E-1,-4.530752430999E-1,5.E-1));
#5547=DIRECTION('',(0.E0,0.E0,-1.E0));
#5548=DIRECTION('',(-1.218693434051E-1,-9.925461516413E-1,0.E0));
#5549=AXIS2_PLACEMENT_3D('',#5546,#5547,#5548);
#5550=PLANE('',#5549);
#5551=ORIENTED_EDGE('',*,*,#5272,.F.);
#5552=ORIENTED_EDGE('',*,*,#5307,.T.);
#5553=ORIENTED_EDGE('',*,*,#5503,.T.);
#5554=ORIENTED_EDGE('',*,*,#5539,.F.);
#5555=EDGE_LOOP('',(#5551,#5552,#5553,#5554));
#5556=FACE_OUTER_BOUND('',#5555,.F.);
#5558=CARTESIAN_POINT('',(0.E0,-1.05E0,5.E-2));
#5559=DIRECTION('',(0.E0,-1.E0,0.E0));
#5560=DIRECTION('',(1.E0,0.E0,0.E0));
#5561=AXIS2_PLACEMENT_3D('',#5558,#5559,#5560);
#5562=PLANE('',#5561);
#5563=ORIENTED_EDGE('',*,*,#5231,.T.);
#5564=ORIENTED_EDGE('',*,*,#3803,.T.);
#5565=ORIENTED_EDGE('',*,*,#3726,.F.);
#5567=ORIENTED_EDGE('',*,*,#5566,.F.);
#5568=EDGE_LOOP('',(#5563,#5564,#5565,#5567));
#5569=FACE_OUTER_BOUND('',#5568,.F.);
#5571=CARTESIAN_POINT('',(0.E0,0.E0,0.E0));
#5572=DIRECTION('',(0.E0,0.E0,1.E0));
#5573=DIRECTION('',(1.E0,0.E0,0.E0));
#5574=AXIS2_PLACEMENT_3D('',#5571,#5572,#5573);
#5575=PLANE('',#5574);
#5576=ORIENTED_EDGE('',*,*,#3870,.T.);
#5577=ORIENTED_EDGE('',*,*,#3885,.F.);
#5578=ORIENTED_EDGE('',*,*,#3900,.T.);
#5579=ORIENTED_EDGE('',*,*,#3913,.F.);
#5580=ORIENTED_EDGE('',*,*,#3928,.T.);
#5581=ORIENTED_EDGE('',*,*,#3940,.T.);
#5582=ORIENTED_EDGE('',*,*,#3955,.F.);
#5583=ORIENTED_EDGE('',*,*,#3970,.F.);
#5584=ORIENTED_EDGE('',*,*,#4006,.T.);
#5585=ORIENTED_EDGE('',*,*,#4401,.T.);
#5586=ORIENTED_EDGE('',*,*,#4415,.T.);
#5587=ORIENTED_EDGE('',*,*,#4429,.F.);
#5588=ORIENTED_EDGE('',*,*,#4466,.T.);
#5589=ORIENTED_EDGE('',*,*,#4860,.T.);
#5590=ORIENTED_EDGE('',*,*,#4875,.F.);
#5591=ORIENTED_EDGE('',*,*,#4888,.T.);
#5592=ORIENTED_EDGE('',*,*,#4920,.T.);
#5593=ORIENTED_EDGE('',*,*,#4972,.T.);
#5594=ORIENTED_EDGE('',*,*,#4987,.F.);
#5595=ORIENTED_EDGE('',*,*,#5000,.T.);
#5596=ORIENTED_EDGE('',*,*,#5015,.T.);
#5597=ORIENTED_EDGE('',*,*,#5029,.T.);
#5598=ORIENTED_EDGE('',*,*,#5095,.T.);
#5599=ORIENTED_EDGE('',*,*,#5109,.F.);
#5600=ORIENTED_EDGE('',*,*,#5124,.T.);
#5601=ORIENTED_EDGE('',*,*,#5137,.F.);
#5602=ORIENTED_EDGE('',*,*,#5152,.F.);
#5603=ORIENTED_EDGE('',*,*,#5186,.T.);
#5604=ORIENTED_EDGE('',*,*,#5566,.T.);
#5605=ORIENTED_EDGE('',*,*,#3747,.T.);
#5607=ORIENTED_EDGE('',*,*,#5606,.T.);
#5609=ORIENTED_EDGE('',*,*,#5608,.F.);
#5611=ORIENTED_EDGE('',*,*,#5610,.T.);
#5613=ORIENTED_EDGE('',*,*,#5612,.T.);
#5615=ORIENTED_EDGE('',*,*,#5614,.F.);
#5616=EDGE_LOOP('',(#5576,#5577,#5578,#5579,#5580,#5581,#5582,#5583,#5584,#5585,
#5586,#5587,#5588,#5589,#5590,#5591,#5592,#5593,#5594,#5595,#5596,#5597,#5598,
#5599,#5600,#5601,#5602,#5603,#5604,#5605,#5607,#5609,#5611,#5613,#5615));
#5617=FACE_OUTER_BOUND('',#5616,.F.);
#5619=CARTESIAN_POINT('',(8.5E-1,-4.5E-1,5.E-2));
#5620=DIRECTION('',(0.E0,-1.E0,0.E0));
#5621=DIRECTION('',(1.E0,0.E0,0.E0));
#5622=AXIS2_PLACEMENT_3D('',#5619,#5620,#5621);
#5623=PLANE('',#5622);
#5625=ORIENTED_EDGE('',*,*,#5624,.F.);
#5626=ORIENTED_EDGE('',*,*,#5606,.F.);
#5628=ORIENTED_EDGE('',*,*,#5627,.F.);
#5629=ORIENTED_EDGE('',*,*,#3800,.T.);
#5630=EDGE_LOOP('',(#5625,#5626,#5628,#5629));
#5631=FACE_OUTER_BOUND('',#5630,.F.);
#5633=CARTESIAN_POINT('',(9.E-1,-4.E-1,-6.754474018947E-1));
#5634=DIRECTION('',(0.E0,0.E0,1.E0));
#5635=DIRECTION('',(0.E0,-1.E0,0.E0));
#5636=AXIS2_PLACEMENT_3D('',#5633,#5634,#5635);
#5637=CYLINDRICAL_SURFACE('',#5636,5.E-2);
#5638=ORIENTED_EDGE('',*,*,#3798,.T.);
#5640=ORIENTED_EDGE('',*,*,#5639,.F.);
#5641=ORIENTED_EDGE('',*,*,#5608,.T.);
#5642=ORIENTED_EDGE('',*,*,#5624,.T.);
#5643=EDGE_LOOP('',(#5638,#5640,#5641,#5642));
#5644=FACE_OUTER_BOUND('',#5643,.F.);
#5646=CARTESIAN_POINT('',(9.5E-1,0.E0,5.E-2));
#5647=DIRECTION('',(1.E0,0.E0,0.E0));
#5648=DIRECTION('',(0.E0,1.E0,0.E0));
#5649=AXIS2_PLACEMENT_3D('',#5646,#5647,#5648);
#5650=PLANE('',#5649);
#5652=ORIENTED_EDGE('',*,*,#5651,.T.);
#5653=ORIENTED_EDGE('',*,*,#5610,.F.);
#5654=ORIENTED_EDGE('',*,*,#5639,.T.);
#5655=ORIENTED_EDGE('',*,*,#3796,.T.);
#5656=EDGE_LOOP('',(#5652,#5653,#5654,#5655));
#5657=FACE_OUTER_BOUND('',#5656,.F.);
#5659=CARTESIAN_POINT('',(9.479181271153E-1,2.E-1,5.E-2));
#5660=DIRECTION('',(0.E0,1.E0,0.E0));
#5661=DIRECTION('',(-1.E0,0.E0,0.E0));
#5662=AXIS2_PLACEMENT_3D('',#5659,#5660,#5661);
#5663=PLANE('',#5662);
#5664=ORIENTED_EDGE('',*,*,#3794,.T.);
#5666=ORIENTED_EDGE('',*,*,#5665,.T.);
#5667=ORIENTED_EDGE('',*,*,#5612,.F.);
#5668=ORIENTED_EDGE('',*,*,#5651,.F.);
#5669=EDGE_LOOP('',(#5664,#5666,#5667,#5668));
#5670=FACE_OUTER_BOUND('',#5669,.F.);
#5672=CARTESIAN_POINT('',(9.490621601995E-1,7.678543394080E-1,
1.037381877962E-1));
#5673=CARTESIAN_POINT('',(9.490621601995E-1,7.678543394080E-1,
6.791272926542E-2));
#5674=CARTESIAN_POINT('',(9.490621601995E-1,7.678543394080E-1,
3.208727073458E-2));
#5675=CARTESIAN_POINT('',(9.490621601995E-1,7.678543394080E-1,
-3.738187796246E-3));
#5676=CARTESIAN_POINT('',(9.483636612255E-1,7.660049250280E-1,
1.037381877962E-1));
#5677=CARTESIAN_POINT('',(9.483636612255E-1,7.660049250280E-1,
6.791272926542E-2));
#5678=CARTESIAN_POINT('',(9.483636612255E-1,7.660049250280E-1,
3.208727073458E-2));
#5679=CARTESIAN_POINT('',(9.483636612255E-1,7.660049250280E-1,
-3.738187796246E-3));
#5680=CARTESIAN_POINT('',(9.378545931086E-1,7.383317898250E-1,
1.037381877962E-1));
#5681=CARTESIAN_POINT('',(9.378545931086E-1,7.383317898250E-1,
6.791272926542E-2));
#5682=CARTESIAN_POINT('',(9.378545931086E-1,7.383317898250E-1,
3.208727073458E-2));
#5683=CARTESIAN_POINT('',(9.378545931086E-1,7.383317898250E-1,
-3.738187796246E-3));
#5684=CARTESIAN_POINT('',(9.173356521282E-1,6.883177645158E-1,
1.037381877962E-1));
#5685=CARTESIAN_POINT('',(9.173356521282E-1,6.883177645158E-1,
6.791272926542E-2));
#5686=CARTESIAN_POINT('',(9.173356521282E-1,6.883177645158E-1,
3.208727073458E-2));
#5687=CARTESIAN_POINT('',(9.173356521282E-1,6.883177645158E-1,
-3.738187796246E-3));
#5688=CARTESIAN_POINT('',(8.921330036322E-1,6.240081095193E-1,
1.037381877962E-1));
#5689=CARTESIAN_POINT('',(8.921330036322E-1,6.240081095193E-1,
6.791272926542E-2));
#5690=CARTESIAN_POINT('',(8.921330036322E-1,6.240081095193E-1,
3.208727073458E-2));
#5691=CARTESIAN_POINT('',(8.921330036322E-1,6.240081095193E-1,
-3.738187796246E-3));
#5692=CARTESIAN_POINT('',(8.738741794776E-1,5.648473428315E-1,
1.037381877962E-1));
#5693=CARTESIAN_POINT('',(8.738741794776E-1,5.648473428315E-1,
6.791272926542E-2));
#5694=CARTESIAN_POINT('',(8.738741794776E-1,5.648473428315E-1,
3.208727073458E-2));
#5695=CARTESIAN_POINT('',(8.738741794776E-1,5.648473428315E-1,
-3.738187796246E-3));
#5696=CARTESIAN_POINT('',(8.643951443058E-1,5.115865767865E-1,
1.037381877962E-1));
#5697=CARTESIAN_POINT('',(8.643951443058E-1,5.115865767865E-1,
6.791272926542E-2));
#5698=CARTESIAN_POINT('',(8.643951443058E-1,5.115865767865E-1,
3.208727073458E-2));
#5699=CARTESIAN_POINT('',(8.643951443058E-1,5.115865767865E-1,
-3.738187796246E-3));
#5700=CARTESIAN_POINT('',(8.630037977562E-1,4.607813467184E-1,
1.037381877962E-1));
#5701=CARTESIAN_POINT('',(8.630037977562E-1,4.607813467184E-1,
6.791272926542E-2));
#5702=CARTESIAN_POINT('',(8.630037977562E-1,4.607813467184E-1,
3.208727073458E-2));
#5703=CARTESIAN_POINT('',(8.630037977562E-1,4.607813467184E-1,
-3.738187796246E-3));
#5704=CARTESIAN_POINT('',(8.686703698780E-1,4.060702674983E-1,
1.037381877962E-1));
#5705=CARTESIAN_POINT('',(8.686703698780E-1,4.060702674983E-1,
6.791272926542E-2));
#5706=CARTESIAN_POINT('',(8.686703698780E-1,4.060702674983E-1,
3.208727073458E-2));
#5707=CARTESIAN_POINT('',(8.686703698780E-1,4.060702674983E-1,
-3.738187796246E-3));
#5708=CARTESIAN_POINT('',(8.834344870296E-1,3.436353687277E-1,
1.037381877962E-1));
#5709=CARTESIAN_POINT('',(8.834344870296E-1,3.436353687277E-1,
6.791272926542E-2));
#5710=CARTESIAN_POINT('',(8.834344870296E-1,3.436353687277E-1,
3.208727073458E-2));
#5711=CARTESIAN_POINT('',(8.834344870296E-1,3.436353687277E-1,
-3.738187796246E-3));
#5712=CARTESIAN_POINT('',(9.082922396665E-1,2.753611370272E-1,
1.037381877962E-1));
#5713=CARTESIAN_POINT('',(9.082922396665E-1,2.753611370272E-1,
6.791272926542E-2));
#5714=CARTESIAN_POINT('',(9.082922396665E-1,2.753611370272E-1,
3.208727073458E-2));
#5715=CARTESIAN_POINT('',(9.082922396665E-1,2.753611370272E-1,
-3.738187796246E-3));
#5716=CARTESIAN_POINT('',(9.329002073574E-1,2.240839339825E-1,
1.037381877962E-1));
#5717=CARTESIAN_POINT('',(9.329002073574E-1,2.240839339825E-1,
6.791272926542E-2));
#5718=CARTESIAN_POINT('',(9.329002073574E-1,2.240839339825E-1,
3.208727073458E-2));
#5719=CARTESIAN_POINT('',(9.329002073574E-1,2.240839339825E-1,
-3.738187796246E-3));
#5720=CARTESIAN_POINT('',(9.477060576839E-1,1.965059189847E-1,
1.037381877962E-1));
#5721=CARTESIAN_POINT('',(9.477060576839E-1,1.965059189847E-1,
6.791272926542E-2));
#5722=CARTESIAN_POINT('',(9.477060576839E-1,1.965059189847E-1,
3.208727073458E-2));
#5723=CARTESIAN_POINT('',(9.477060576839E-1,1.965059189847E-1,
-3.738187796246E-3));
#5724=CARTESIAN_POINT('',(9.486536362968E-1,1.947522594535E-1,
1.037381877962E-1));
#5725=CARTESIAN_POINT('',(9.486536362968E-1,1.947522594535E-1,
6.791272926542E-2));
#5726=CARTESIAN_POINT('',(9.486536362968E-1,1.947522594535E-1,
3.208727073458E-2));
#5727=CARTESIAN_POINT('',(9.486536362968E-1,1.947522594535E-1,
-3.738187796246E-3));
#5728=B_SPLINE_SURFACE_WITH_KNOTS('',3,3,((#5672,#5673,#5674,#5675),(#5676,
#5677,#5678,#5679),(#5680,#5681,#5682,#5683),(#5684,#5685,#5686,#5687),(#5688,
#5689,#5690,#5691),(#5692,#5693,#5694,#5695),(#5696,#5697,#5698,#5699),(#5700,
#5701,#5702,#5703),(#5704,#5705,#5706,#5707),(#5708,#5709,#5710,#5711),(#5712,
#5713,#5714,#5715),(#5716,#5717,#5718,#5719),(#5720,#5721,#5722,#5723),(#5724,
#5725,#5726,#5727)),.UNSPECIFIED.,.F.,.F.,.F.,(4,1,1,1,1,1,1,1,1,1,1,4),(4,4),(
-7.920220372870E-3,0.E0,1.111111111111E-1,2.222222222222E-1,3.333333333333E-1,
4.444444444444E-1,5.555555555556E-1,6.666666666667E-1,7.777777777778E-1,
8.888888888889E-1,1.E0,1.007524998689E0),(-3.738187796246E-2,1.037381877962E0),
.UNSPECIFIED.);
#5729=ORIENTED_EDGE('',*,*,#3792,.F.);
#5730=ORIENTED_EDGE('',*,*,#3872,.T.);
#5731=ORIENTED_EDGE('',*,*,#5614,.T.);
#5732=ORIENTED_EDGE('',*,*,#5665,.F.);
#5733=EDGE_LOOP('',(#5729,#5730,#5731,#5732));
#5734=FACE_OUTER_BOUND('',#5733,.F.);
#5736=CARTESIAN_POINT('',(8.531476301068E-1,-4.5E-1,9.109377243083E-2));
#5737=DIRECTION('',(0.E0,-1.E0,0.E0));
#5738=DIRECTION('',(-5.427256918640E-2,0.E0,-9.985261580119E-1));
#5739=AXIS2_PLACEMENT_3D('',#5736,#5737,#5738);
#5740=PLANE('',#5739);
#5741=ORIENTED_EDGE('',*,*,#3745,.T.);
#5743=ORIENTED_EDGE('',*,*,#5742,.T.);
#5744=ORIENTED_EDGE('',*,*,#3775,.F.);
#5745=ORIENTED_EDGE('',*,*,#5627,.T.);
#5746=EDGE_LOOP('',(#5741,#5743,#5744,#5745));
#5747=FACE_OUTER_BOUND('',#5746,.F.);
#5749=CARTESIAN_POINT('',(8.999447207395E-1,-4.5E-1,1.959280566843E-1));
#5750=DIRECTION('',(0.E0,-1.E0,0.E0));
#5751=DIRECTION('',(0.E0,0.E0,-1.E0));
#5752=AXIS2_PLACEMENT_3D('',#5749,#5750,#5751);
#5753=PLANE('',#5752);
#5754=ORIENTED_EDGE('',*,*,#3743,.T.);
#5755=ORIENTED_EDGE('',*,*,#3759,.T.);
#5756=ORIENTED_EDGE('',*,*,#3777,.F.);
#5757=ORIENTED_EDGE('',*,*,#5742,.F.);
#5758=EDGE_LOOP('',(#5754,#5755,#5756,#5757));
#5759=FACE_OUTER_BOUND('',#5758,.F.);
#5761=CARTESIAN_POINT('',(8.5E-1,-1.05E0,2.E-1));
#5762=DIRECTION('',(-1.E0,0.E0,0.E0));
#5763=DIRECTION('',(0.E0,0.E0,1.E0));
#5764=AXIS2_PLACEMENT_3D('',#5761,#5762,#5763);
#5765=PLANE('',#5764);
#5766=ORIENTED_EDGE('',*,*,#3712,.F.);
#5767=ORIENTED_EDGE('',*,*,#3780,.T.);
#5769=ORIENTED_EDGE('',*,*,#5768,.F.);
#5771=ORIENTED_EDGE('',*,*,#5770,.F.);
#5772=EDGE_LOOP('',(#5766,#5767,#5769,#5771));
#5773=FACE_OUTER_BOUND('',#5772,.F.);
#5775=CARTESIAN_POINT('',(7.5E-1,-4.622325240301E-1,5.E-1));
#5776=DIRECTION('',(0.E0,0.E0,-1.E0));
#5777=DIRECTION('',(9.925461516413E-1,1.218693434051E-1,0.E0));
#5778=AXIS2_PLACEMENT_3D('',#5775,#5776,#5777);
#5779=CYLINDRICAL_SURFACE('',#5778,1.E-1);
#5781=ORIENTED_EDGE('',*,*,#5780,.F.);
#5783=ORIENTED_EDGE('',*,*,#5782,.T.);
#5784=ORIENTED_EDGE('',*,*,#5768,.T.);
#5786=ORIENTED_EDGE('',*,*,#5785,.F.);
#5788=ORIENTED_EDGE('',*,*,#5787,.F.);
#5789=EDGE_LOOP('',(#5781,#5783,#5784,#5786,#5788));
#5790=FACE_OUTER_BOUND('',#5789,.F.);
#5792=CARTESIAN_POINT('',(8.507453848359E-1,-4.621869343405E-1,2.E-1));
#5793=DIRECTION('',(9.925461516413E-1,1.218693434051E-1,0.E0));
#5794=DIRECTION('',(0.E0,0.E0,-1.E0));
#5795=AXIS2_PLACEMENT_3D('',#5792,#5793,#5794);
#5796=PLANE('',#5795);
#5798=ORIENTED_EDGE('',*,*,#5797,.T.);
#5800=ORIENTED_EDGE('',*,*,#5799,.T.);
#5802=ORIENTED_EDGE('',*,*,#5801,.T.);
#5803=ORIENTED_EDGE('',*,*,#5780,.T.);
#5804=EDGE_LOOP('',(#5798,#5800,#5802,#5803));
#5805=FACE_OUTER_BOUND('',#5804,.F.);
#5807=CARTESIAN_POINT('',(8.374739424454E-1,5.617574249228E-2,2.E-1));
#5808=DIRECTION('',(0.E0,0.E0,-1.E0));
#5809=DIRECTION('',(-1.218693434051E-1,9.925461516413E-1,0.E0));
#5810=AXIS2_PLACEMENT_3D('',#5807,#5808,#5809);
#5811=PLANE('',#5810);
#5813=ORIENTED_EDGE('',*,*,#5812,.T.);
#5815=ORIENTED_EDGE('',*,*,#5814,.F.);
#5816=ORIENTED_EDGE('',*,*,#5797,.F.);
#5818=ORIENTED_EDGE('',*,*,#5817,.F.);
#5819=EDGE_LOOP('',(#5813,#5815,#5816,#5818));
#5820=FACE_OUTER_BOUND('',#5819,.F.);
#5822=CARTESIAN_POINT('',(9.5E-1,-4.5E-1,2.E-1));
#5823=DIRECTION('',(9.925461516413E-1,1.218693434051E-1,0.E0));
#5824=DIRECTION('',(0.E0,0.E0,-1.E0));
#5825=AXIS2_PLACEMENT_3D('',#5822,#5823,#5824);
#5826=PLANE('',#5825);
#5827=ORIENTED_EDGE('',*,*,#5812,.F.);
#5829=ORIENTED_EDGE('',*,*,#5828,.F.);
#5831=ORIENTED_EDGE('',*,*,#5830,.F.);
#5833=ORIENTED_EDGE('',*,*,#5832,.F.);
#5834=EDGE_LOOP('',(#5827,#5829,#5831,#5833));
#5835=FACE_OUTER_BOUND('',#5834,.F.);
#5837=CARTESIAN_POINT('',(7.5E-1,-4.622325240301E-1,5.E-1));
#5838=DIRECTION('',(0.E0,0.E0,-1.E0));
#5839=DIRECTION('',(9.925461516413E-1,1.218693434051E-1,0.E0));
#5840=AXIS2_PLACEMENT_3D('',#5837,#5838,#5839);
#5841=CYLINDRICAL_SURFACE('',#5840,2.E-1);
#5842=ORIENTED_EDGE('',*,*,#5828,.T.);
#5844=ORIENTED_EDGE('',*,*,#5843,.T.);
#5846=ORIENTED_EDGE('',*,*,#5845,.T.);
#5847=ORIENTED_EDGE('',*,*,#3697,.F.);
#5849=ORIENTED_EDGE('',*,*,#5848,.F.);
#5850=EDGE_LOOP('',(#5842,#5844,#5846,#5847,#5849));
#5851=FACE_OUTER_BOUND('',#5850,.F.);
#5853=CARTESIAN_POINT('',(8.991344174060E-1,-4.461413604623E-1,2.E-1));
#5854=DIRECTION('',(0.E0,0.E0,1.E0));
#5855=DIRECTION('',(1.218693434051E-1,-9.925461516413E-1,0.E0));
#5856=AXIS2_PLACEMENT_3D('',#5853,#5854,#5855);
#5857=PLANE('',#5856);
#5858=ORIENTED_EDGE('',*,*,#5843,.F.);
#5859=ORIENTED_EDGE('',*,*,#5817,.T.);
#5860=ORIENTED_EDGE('',*,*,#5787,.T.);
#5862=ORIENTED_EDGE('',*,*,#5861,.F.);
#5863=EDGE_LOOP('',(#5858,#5859,#5860,#5862));
#5864=FACE_OUTER_BOUND('',#5863,.F.);
#5866=CARTESIAN_POINT('',(8.998385936906E-1,-4.552758121030E-1,2.E-1));
#5867=DIRECTION('',(0.E0,0.E0,1.E0));
#5868=DIRECTION('',(9.265634949944E-2,-9.956981474812E-1,0.E0));
#5869=AXIS2_PLACEMENT_3D('',#5866,#5867,#5868);
#5870=PLANE('',#5869);
#5871=ORIENTED_EDGE('',*,*,#5845,.F.);
#5872=ORIENTED_EDGE('',*,*,#5861,.T.);
#5873=ORIENTED_EDGE('',*,*,#5785,.T.);
#5874=ORIENTED_EDGE('',*,*,#3762,.F.);
#5875=EDGE_LOOP('',(#5871,#5872,#5873,#5874));
#5876=FACE_OUTER_BOUND('',#5875,.F.);
#5878=CARTESIAN_POINT('',(8.997202197633E-1,-4.530752430999E-1,5.E-1));
#5879=DIRECTION('',(0.E0,0.E0,1.E0));
#5880=DIRECTION('',(1.218693434051E-1,-9.925461516413E-1,0.E0));
#5881=AXIS2_PLACEMENT_3D('',#5878,#5879,#5880);
#5882=PLANE('',#5881);
#5883=ORIENTED_EDGE('',*,*,#5848,.T.);
#5885=ORIENTED_EDGE('',*,*,#5884,.T.);
#5886=ORIENTED_EDGE('',*,*,#5782,.F.);
#5888=ORIENTED_EDGE('',*,*,#5887,.F.);
#5889=EDGE_LOOP('',(#5883,#5885,#5886,#5888));
#5890=FACE_OUTER_BOUND('',#5889,.F.);
#5892=CARTESIAN_POINT('',(9.E-1,-7.5E-1,5.E-1));
#5893=DIRECTION('',(0.E0,0.E0,-1.E0));
#5894=DIRECTION('',(0.E0,1.E0,0.E0));
#5895=AXIS2_PLACEMENT_3D('',#5892,#5893,#5894);
#5896=PLANE('',#5895);
#5897=ORIENTED_EDGE('',*,*,#3695,.F.);
#5898=ORIENTED_EDGE('',*,*,#3714,.T.);
#5899=ORIENTED_EDGE('',*,*,#5770,.T.);
#5900=ORIENTED_EDGE('',*,*,#5884,.F.);
#5901=EDGE_LOOP('',(#5897,#5898,#5899,#5900));
#5902=FACE_OUTER_BOUND('',#5901,.F.);
#5904=CARTESIAN_POINT('',(8.374739424454E-1,5.617574249228E-2,5.E-1));
#5905=DIRECTION('',(0.E0,0.E0,1.E0));
#5906=DIRECTION('',(1.218693434051E-1,-9.925461516413E-1,0.E0));
#5907=AXIS2_PLACEMENT_3D('',#5904,#5905,#5906);
#5908=PLANE('',#5907);
#5909=ORIENTED_EDGE('',*,*,#5830,.T.);
#5910=ORIENTED_EDGE('',*,*,#5887,.T.);
#5911=ORIENTED_EDGE('',*,*,#5801,.F.);
#5913=ORIENTED_EDGE('',*,*,#5912,.T.);
#5914=EDGE_LOOP('',(#5909,#5910,#5911,#5913));
#5915=FACE_OUTER_BOUND('',#5914,.F.);
#5917=CARTESIAN_POINT('',(7.781624771190E-1,5.497587533726E-1,5.E-1));
#5918=DIRECTION('',(0.E0,0.E0,-1.E0));
#5919=DIRECTION('',(-1.391731009601E-1,-9.902680687416E-1,0.E0));
#5920=AXIS2_PLACEMENT_3D('',#5917,#5918,#5919);
#5921=PLANE('',#5920);
#5923=ORIENTED_EDGE('',*,*,#5922,.F.);
#5925=ORIENTED_EDGE('',*,*,#5924,.T.);
#5927=ORIENTED_EDGE('',*,*,#5926,.T.);
#5928=ORIENTED_EDGE('',*,*,#5912,.F.);
#5929=EDGE_LOOP('',(#5923,#5925,#5927,#5928));
#5930=FACE_OUTER_BOUND('',#5929,.F.);
#5932=CARTESIAN_POINT('',(9.281567655786E-1,5.484497730478E-1,2.E-1));
#5933=DIRECTION('',(0.E0,0.E0,1.E0));
#5934=DIRECTION('',(-9.902680687416E-1,1.391731009601E-1,0.E0));
#5935=AXIS2_PLACEMENT_3D('',#5932,#5933,#5934);
#5936=CYLINDRICAL_SURFACE('',#5935,2.E-1);
#5938=ORIENTED_EDGE('',*,*,#5937,.T.);
#5939=ORIENTED_EDGE('',*,*,#5922,.T.);
#5940=ORIENTED_EDGE('',*,*,#5799,.F.);
#5942=ORIENTED_EDGE('',*,*,#5941,.F.);
#5943=EDGE_LOOP('',(#5938,#5939,#5940,#5942));
#5944=FACE_OUTER_BOUND('',#5943,.F.);
#5946=CARTESIAN_POINT('',(7.264386545626E-1,5.502101403336E-1,5.E-1));
#5947=DIRECTION('',(-9.902680687416E-1,1.391731009601E-1,0.E0));
#5948=DIRECTION('',(0.E0,0.E0,1.E0));
#5949=AXIS2_PLACEMENT_3D('',#5946,#5947,#5948);
#5950=PLANE('',#5949);
#5952=ORIENTED_EDGE('',*,*,#5951,.F.);
#5953=ORIENTED_EDGE('',*,*,#5937,.F.);
#5955=ORIENTED_EDGE('',*,*,#5954,.F.);
#5957=ORIENTED_EDGE('',*,*,#5956,.F.);
#5958=EDGE_LOOP('',(#5952,#5953,#5955,#5957));
#5959=FACE_OUTER_BOUND('',#5958,.F.);
#5961=CARTESIAN_POINT('',(8.056189268255E-1,7.543422254870E-1,5.E-1));
#5962=DIRECTION('',(0.E0,0.E0,1.E0));
#5963=DIRECTION('',(1.391731009601E-1,9.902680687416E-1,0.E0));
#5964=AXIS2_PLACEMENT_3D('',#5961,#5962,#5963);
#5965=PLANE('',#5964);
#5966=ORIENTED_EDGE('',*,*,#5951,.T.);
#5968=ORIENTED_EDGE('',*,*,#5967,.T.);
#5970=ORIENTED_EDGE('',*,*,#5969,.F.);
#5971=ORIENTED_EDGE('',*,*,#5924,.F.);
#5972=EDGE_LOOP('',(#5966,#5968,#5970,#5971));
#5973=FACE_OUTER_BOUND('',#5972,.F.);
#5975=CARTESIAN_POINT('',(8.316212983837E-1,9.393587127823E-1,3.5E-1));
#5976=DIRECTION('',(1.391731009601E-1,9.902680687416E-1,0.E0));
#5977=DIRECTION('',(0.E0,0.E0,-1.E0));
#5978=AXIS2_PLACEMENT_3D('',#5975,#5976,#5977);
#5979=PLANE('',#5978);
#5980=ORIENTED_EDGE('',*,*,#5956,.T.);
#5982=ORIENTED_EDGE('',*,*,#5981,.T.);
#5984=ORIENTED_EDGE('',*,*,#5983,.F.);
#5985=ORIENTED_EDGE('',*,*,#5967,.F.);
#5986=EDGE_LOOP('',(#5980,#5982,#5984,#5985));
#5987=FACE_OUTER_BOUND('',#5986,.F.);
#5989=CARTESIAN_POINT('',(8.056189268255E-1,7.543422254870E-1,2.E-1));
#5990=DIRECTION('',(0.E0,0.E0,-1.E0));
#5991=DIRECTION('',(-1.391731009601E-1,-9.902680687416E-1,0.E0));
#5992=AXIS2_PLACEMENT_3D('',#5989,#5990,#5991);
#5993=PLANE('',#5992);
#5994=ORIENTED_EDGE('',*,*,#5954,.T.);
#5996=ORIENTED_EDGE('',*,*,#5995,.T.);
#5998=ORIENTED_EDGE('',*,*,#5997,.F.);
#5999=ORIENTED_EDGE('',*,*,#5981,.F.);
#6000=EDGE_LOOP('',(#5994,#5996,#5998,#5999));
#6001=FACE_OUTER_BOUND('',#6000,.F.);
#6003=CARTESIAN_POINT('',(7.781624771190E-1,5.497587533726E-1,2.E-1));
#6004=DIRECTION('',(0.E0,0.E0,-1.E0));
#6005=DIRECTION('',(-1.391731009601E-1,-9.902680687416E-1,0.E0));
#6006=AXIS2_PLACEMENT_3D('',#6003,#6004,#6005);
#6007=PLANE('',#6006);
#6008=ORIENTED_EDGE('',*,*,#5941,.T.);
#6009=ORIENTED_EDGE('',*,*,#5814,.T.);
#6011=ORIENTED_EDGE('',*,*,#6010,.F.);
#6012=ORIENTED_EDGE('',*,*,#5995,.F.);
#6013=EDGE_LOOP('',(#6008,#6009,#6011,#6012));
#6014=FACE_OUTER_BOUND('',#6013,.F.);
#6016=CARTESIAN_POINT('',(9.281567655786E-1,5.484497730478E-1,2.E-1));
#6017=DIRECTION('',(0.E0,0.E0,1.E0));
#6018=DIRECTION('',(-9.902680687416E-1,1.391731009601E-1,0.E0));
#6019=AXIS2_PLACEMENT_3D('',#6016,#6017,#6018);
#6020=CYLINDRICAL_SURFACE('',#6019,1.E-1);
#6022=ORIENTED_EDGE('',*,*,#6021,.F.);
#6023=ORIENTED_EDGE('',*,*,#6010,.T.);
#6024=ORIENTED_EDGE('',*,*,#5832,.T.);
#6025=ORIENTED_EDGE('',*,*,#5926,.F.);
#6026=EDGE_LOOP('',(#6022,#6023,#6024,#6025));
#6027=FACE_OUTER_BOUND('',#6026,.F.);
#6029=CARTESIAN_POINT('',(8.254654614368E-1,5.362928302376E-1,5.E-1));
#6030=DIRECTION('',(-9.902680687416E-1,1.391731009601E-1,0.E0));
#6031=DIRECTION('',(0.E0,0.E0,1.E0));
#6032=AXIS2_PLACEMENT_3D('',#6029,#6030,#6031);
#6033=PLANE('',#6032);
#6034=ORIENTED_EDGE('',*,*,#5969,.T.);
#6035=ORIENTED_EDGE('',*,*,#5983,.T.);
#6036=ORIENTED_EDGE('',*,*,#5997,.T.);
#6037=ORIENTED_EDGE('',*,*,#6021,.T.);
#6038=EDGE_LOOP('',(#6034,#6035,#6036,#6037));
#6039=FACE_OUTER_BOUND('',#6038,.F.);
#6041=CLOSED_SHELL('',(#3703,#3718,#3733,#3751,#3766,#3784,#3861,#3876,#3890,
#3904,#3918,#3932,#3946,#3960,#3974,#3989,#4010,#4024,#4043,#4057,#4070,#4085,
#4099,#4116,#4131,#4146,#4161,#4176,#4191,#4206,#4220,#4233,#4246,#4259,#4272,
#4286,#4300,#4314,#4326,#4342,#4354,#4367,#4380,#4392,#4406,#4420,#4434,#4449,
#4470,#4484,#4503,#4517,#4530,#4543,#4558,#4575,#4590,#4605,#4620,#4635,#4650,
#4665,#4679,#4692,#4705,#4718,#4731,#4745,#4759,#4774,#4787,#4800,#4813,#4828,
#4840,#4852,#4866,#4880,#4894,#4909,#4924,#4938,#4951,#4964,#4978,#4992,#5006,
#5020,#5034,#5100,#5114,#5128,#5142,#5156,#5171,#5190,#5204,#5221,#5235,#5250,
#5264,#5281,#5296,#5311,#5326,#5341,#5356,#5371,#5385,#5398,#5411,#5424,#5437,
#5451,#5465,#5479,#5491,#5507,#5519,#5532,#5545,#5557,#5570,#5618,#5632,#5645,
#5658,#5671,#5735,#5748,#5760,#5774,#5791,#5806,#5821,#5836,#5852,#5865,#5877,
#5891,#5903,#5916,#5931,#5945,#5960,#5974,#5988,#6002,#6015,#6028,#6040));
#6042=MANIFOLD_SOLID_BREP('',#6041);
#6043=FILL_AREA_STYLE_COLOUR('',#4);
#6044=FILL_AREA_STYLE('',(#6043));
#6045=SURFACE_STYLE_FILL_AREA(#6044);
#6046=SURFACE_SIDE_STYLE('',(#6045));
#6047=SURFACE_STYLE_USAGE(.BOTH.,#6046);
#6048=PRESENTATION_STYLE_ASSIGNMENT((#6047));
#748=STYLED_ITEM('',(#6048),#6042);
#6050=DIMENSIONAL_EXPONENTS(0.E0,0.E0,0.E0,0.E0,0.E0,0.E0,0.E0);
#6052=PLANE_ANGLE_MEASURE_WITH_UNIT(PLANE_ANGLE_MEASURE(1.745329251994E-2),
#6051);
#6053=(CONVERSION_BASED_UNIT('DEGREE',#6052)NAMED_UNIT(*)PLANE_ANGLE_UNIT());
#6055=UNCERTAINTY_MEASURE_WITH_UNIT(LENGTH_MEASURE(3.115031890612E-4),#6049,
'closure',
'Maximum model space distance between geometric entities at asserted connectivities');
#6057=CARTESIAN_POINT('',(0.E0,0.E0,0.E0));
#6058=DIRECTION('',(0.E0,0.E0,1.E0));
#6059=DIRECTION('',(1.E0,0.E0,0.E0));
#6062=MECHANICAL_CONTEXT('',#727,'mechanical');
#6063=PRODUCT('M50-CONTACT','M50-CONTACT','NOT SPECIFIED',(#6062));
#6064=PRODUCT_DEFINITION_FORMATION_WITH_SPECIFIED_SOURCE('12','LAST_VERSION',
#6063,.MADE.);
#6070=CARTESIAN_POINT('',(1.25E0,-2.5E-1,4.5E-1));
#6071=DIRECTION('',(0.E0,1.E0,0.E0));
#6072=DIRECTION('',(-1.E0,0.E0,0.E0));
#6073=AXIS2_PLACEMENT_3D('',#6070,#6071,#6072);
#6074=ITEM_DEFINED_TRANSFORMATION('','',#6060,#6073);
#6075=(REPRESENTATION_RELATIONSHIP('','',#6061,#738)REPRESENTATION_RELATIONSHIP_WITH_TRANSFORMATION(#6074)SHAPE_REPRESENTATION_RELATIONSHIP());
#6076=CONTEXT_DEPENDENT_SHAPE_REPRESENTATION(#6075,#6069);
#6078=DIMENSIONAL_EXPONENTS(0.E0,0.E0,0.E0,0.E0,0.E0,0.E0,0.E0);
#6080=PLANE_ANGLE_MEASURE_WITH_UNIT(PLANE_ANGLE_MEASURE(1.745329251994E-2),
#6079);
#6081=(CONVERSION_BASED_UNIT('DEGREE',#6080)NAMED_UNIT(*)PLANE_ANGLE_UNIT());
#6083=UNCERTAINTY_MEASURE_WITH_UNIT(LENGTH_MEASURE(4.183132800665E-4),#6077,
'closure',
'Maximum model space distance between geometric entities at asserted connectivities');
#6085=CARTESIAN_POINT('',(0.E0,0.E0,0.E0));
#6086=DIRECTION('',(0.E0,0.E0,1.E0));
#6087=DIRECTION('',(1.E0,0.E0,0.E0));
#6089=MECHANICAL_DESIGN_GEOMETRIC_PRESENTATION_REPRESENTATION('',(#14,#21,#28,
#35,#42,#49,#56,#63,#70,#77,#84,#91,#98,#105,#112,#119,#126,#133,#140,#147,#154,
#161,#168,#175,#182,#189,#196,#203,#210,#217,#224,#231,#238,#245,#252,#259,#266,
#273,#280,#287,#294,#301,#308,#315,#322,#329,#336,#343,#6,#755,#762,#769,#776,
#784,#791,#799,#806,#813,#820,#827,#834,#842,#858,#865,#872,#880,#887,#894,#901,
#909,#916,#923,#939,#947,#954,#961,#969,#976,#983,#991,#998,#1005,#1012,#1019,
#1026,#1034,#1041,#1048,#1056,#1063,#1070,#1077,#1084,#1091,#1098,#1105,#1112,
#1119,#1126,#1134,#1142,#1149,#1157,#1164,#1172,#1179,#1187,#1194,#1202,#1209,
#1217,#1224,#1232,#1239,#1246,#1253,#1260,#1267,#1275,#1282,#1290,#1298,#1305,
#1312,#1319,#1326,#1334,#1341,#1349,#1356,#1363,#1370,#1377,#1384,#1391,#1398,
#1405,#1412,#1419,#1427,#1434,#1442,#1449,#1456,#1463,#1470,#1477,#1484,#1491,
#1498,#1505,#1513,#1521,#1528,#1536,#1543,#1550,#1557,#1564,#1571,#1578,#1585,
#1592,#1599,#1606,#1614,#1622,#1629,#1637,#1644,#1652,#1659,#1667,#1674,#1682,
#1689,#1697,#1704,#1712,#1719,#1726,#1733,#1740,#1747,#1755,#1763,#1770,#1778,
#1785,#1792,#1799,#1806,#1814,#1821,#1829,#1836,#1843,#1850,#1857,#1864,#1871,
#1878,#1885,#1892,#1899,#1907,#1914,#1922,#1929,#1936,#1943,#1950,#1957,#1964,
#1971,#1978,#1985,#1992,#1999,#2006,#2013,#2021,#2028,#2036,#2044,#2051,#2058,
#2065,#2072,#2079,#2086,#2093,#2100,#2107,#2114,#2121,#2128,#2135,#2142,#2149,
#2156,#2163,#2170,#2177,#2184,#2191,#2198,#2205,#2212,#2219,#2226,#2233,#2241,
#2249,#2256,#2264,#2271,#2279,#2286,#2294,#2301,#2309,#2316,#2323,#2330,#2337,
#2344,#2352,#2359,#2367,#2375,#2382,#2389,#2396,#2403,#2411,#2418,#2426,#2433,
#2440,#2447,#2454,#2461,#2468,#2475,#2482,#2489,#2496,#2504,#2511,#2519,#2526,
#2533,#2540,#2547,#2554,#2561,#2568,#2575,#2582,#2590,#2598,#2605,#2613,#2620,
#2627,#2634,#2641,#2648,#2655,#2662,#2669,#2677,#2684,#2691,#2699,#2706,#2713,
#2721,#2728,#2735,#2742,#2749,#2756,#2764,#2771,#2778,#2786,#2793,#2800,#2808,
#2824,#2831,#2838,#2846,#2853,#2860,#2867,#2875,#2882,#2889,#2905,#2912,#2919,
#2926,#2933,#2940,#2948,#2955,#2963,#2970,#2978,#2985,#2993,#3000,#3007,#3015,
#3022,#3030,#3038,#3045,#3052,#3059,#3066,#3073,#3081,#3089,#3096,#3104,#3111,
#3118,#3125,#3132,#3139,#3146,#3153,#3160,#3167,#3174,#3182,#3189,#3197,#3204,
#3211,#3218,#3225,#3232,#3239,#3246,#3253,#3261,#3268,#3276,#3283,#3290,#3297,
#748),#6084);
#6090=DESIGN_CONTEXT('',#727,'design');
#6091=MECHANICAL_CONTEXT('',#727,'mechanical');
#6092=PRODUCT('M50-1920005_ASM','M50-1920005_ASM','NOT SPECIFIED',(#6091));
#6093=PRODUCT_DEFINITION_FORMATION_WITH_SPECIFIED_SOURCE('2','LAST_VERSION',
#6092,.MADE.);
#6095=PRODUCT_CATEGORY('part','');
#6096=PRODUCT_RELATED_PRODUCT_CATEGORY('assembly','',(#6092));
#6097=PRODUCT_CATEGORY_RELATIONSHIP('','',#6095,#6096);
#6098=PRODUCT_CATEGORY('part','');
#6099=PRODUCT_RELATED_PRODUCT_CATEGORY('detail','',(#731,#6063));
#6100=PRODUCT_CATEGORY_RELATIONSHIP('','',#6098,#6099);
#6101=SECURITY_CLASSIFICATION_LEVEL('unclassified');
#6102=SECURITY_CLASSIFICATION('','',#6101);
#6103=CC_DESIGN_SECURITY_CLASSIFICATION(#6102,(#732,#6064,#6093,#739,#6068));
#6104=APPROVAL_STATUS('approved');
#6105=APPROVAL(#6104,'');
#6106=CC_DESIGN_APPROVAL(#6105,(#6102,#732,#6064,#6093,#733,#6065,#6094));
#6107=CALENDAR_DATE(111,2,8);
#6108=COORDINATED_UNIVERSAL_TIME_OFFSET(1,0,.AHEAD.);
#6109=LOCAL_TIME(16,20,3.6E1,#6108);
#6110=DATE_AND_TIME(#6107,#6109);
#6111=APPROVAL_DATE_TIME(#6110,#6105);
#6112=DATE_TIME_ROLE('creation_date');
#6113=CC_DESIGN_DATE_AND_TIME_ASSIGNMENT(#6110,#6112,(#733,#6065,#6094));
#6114=DATE_TIME_ROLE('classification_date');
#6115=CC_DESIGN_DATE_AND_TIME_ASSIGNMENT(#6110,#6114,(#6102));
#6116=PERSON('UNSPECIFIED','UNSPECIFIED',$,$,$,$);
#6117=ORGANIZATION('UNSPECIFIED','UNSPECIFIED','UNSPECIFIED');
#6118=PERSON_AND_ORGANIZATION(#6116,#6117);
#6119=APPROVAL_ROLE('approver');
#6120=APPROVAL_PERSON_ORGANIZATION(#6118,#6105,#6119);
#6121=PERSON_AND_ORGANIZATION_ROLE('creator');
#6122=CC_DESIGN_PERSON_AND_ORGANIZATION_ASSIGNMENT(#6118,#6121,(#732,#6064,
#6093,#733,#6065,#6094));
#6123=PERSON_AND_ORGANIZATION_ROLE('design_supplier');
#6124=CC_DESIGN_PERSON_AND_ORGANIZATION_ASSIGNMENT(#6118,#6123,(#732,#6064,
#6093));
#6125=PERSON_AND_ORGANIZATION_ROLE('classification_officer');
#6126=CC_DESIGN_PERSON_AND_ORGANIZATION_ASSIGNMENT(#6118,#6125,(#6102));
#6127=PERSON_AND_ORGANIZATION_ROLE('design_owner');
#6128=CC_DESIGN_PERSON_AND_ORGANIZATION_ASSIGNMENT(#6118,#6127,(#6092,#731,
#6063));
#1=DRAUGHTING_PRE_DEFINED_COLOUR('blue');
#2=COLOUR_RGB('',2.96117E-1,2.96117E-1,2.96117E-1);
#3=DRAUGHTING_PRE_DEFINED_COLOUR('red');
#4=COLOUR_RGB('',1.E0,8.078431372549E-1,4.588235294118E-1);
#5=DRAUGHTING_PRE_DEFINED_COLOUR('white');
#413=EDGE_CURVE('',#346,#347,#10,.T.);
#415=EDGE_CURVE('',#347,#349,#18,.T.);
#417=EDGE_CURVE('',#349,#351,#25,.T.);
#419=EDGE_CURVE('',#351,#353,#32,.T.);
#421=EDGE_CURVE('',#353,#355,#39,.T.);
#423=EDGE_CURVE('',#355,#357,#46,.T.);
#425=EDGE_CURVE('',#357,#359,#53,.T.);
#427=EDGE_CURVE('',#359,#361,#60,.T.);
#429=EDGE_CURVE('',#361,#363,#67,.T.);
#431=EDGE_CURVE('',#363,#365,#74,.T.);
#433=EDGE_CURVE('',#365,#367,#81,.T.);
#435=EDGE_CURVE('',#367,#346,#88,.T.);
#439=ADVANCED_FACE('',(#438),#412,.F.);
#446=EDGE_CURVE('',#346,#370,#95,.T.);
#448=EDGE_CURVE('',#370,#371,#207,.T.);
#450=EDGE_CURVE('',#347,#371,#200,.T.);
#454=EDGE_CURVE('',#402,#403,#102,.T.);
#456=EDGE_CURVE('',#403,#405,#109,.T.);
#458=EDGE_CURVE('',#405,#407,#116,.T.);
#460=EDGE_CURVE('',#407,#402,#123,.T.);
#464=ADVANCED_FACE('',(#453,#463),#444,.T.);
#471=EDGE_CURVE('',#367,#391,#130,.T.);
#473=EDGE_CURVE('',#391,#370,#214,.T.);
#478=ADVANCED_FACE('',(#477),#469,.T.);
#485=EDGE_CURVE('',#365,#389,#137,.T.);
#487=EDGE_CURVE('',#389,#391,#221,.T.);
#492=ADVANCED_FACE('',(#491),#483,.T.);
#499=EDGE_CURVE('',#363,#387,#144,.T.);
#501=EDGE_CURVE('',#387,#389,#228,.T.);
#506=ADVANCED_FACE('',(#505),#497,.T.);
#513=EDGE_CURVE('',#361,#385,#151,.T.);
#515=EDGE_CURVE('',#385,#387,#235,.T.);
#520=ADVANCED_FACE('',(#519),#511,.T.);
#527=EDGE_CURVE('',#359,#383,#158,.T.);
#529=EDGE_CURVE('',#383,#385,#242,.T.);
#534=ADVANCED_FACE('',(#533),#525,.T.);
#541=EDGE_CURVE('',#357,#381,#165,.T.);
#543=EDGE_CURVE('',#381,#383,#249,.T.);
#548=ADVANCED_FACE('',(#547),#539,.T.);
#555=EDGE_CURVE('',#355,#379,#172,.T.);
#557=EDGE_CURVE('',#379,#381,#256,.T.);
#562=ADVANCED_FACE('',(#561),#553,.T.);
#569=EDGE_CURVE('',#353,#377,#179,.T.);
#571=EDGE_CURVE('',#377,#379,#263,.T.);
#576=ADVANCED_FACE('',(#575),#567,.T.);
#583=EDGE_CURVE('',#351,#375,#186,.T.);
#585=EDGE_CURVE('',#375,#377,#270,.T.);
#590=ADVANCED_FACE('',(#589),#581,.T.);
#597=EDGE_CURVE('',#349,#373,#193,.T.);
#599=EDGE_CURVE('',#373,#375,#277,.T.);
#604=ADVANCED_FACE('',(#603),#595,.T.);
#612=EDGE_CURVE('',#371,#373,#284,.T.);
#617=ADVANCED_FACE('',(#616),#609,.T.);
#637=ADVANCED_FACE('',(#636),#622,.T.);
#644=EDGE_CURVE('',#402,#394,#291,.T.);
#646=EDGE_CURVE('',#394,#395,#319,.T.);
#648=EDGE_CURVE('',#403,#395,#312,.T.);
#652=ADVANCED_FACE('',(#651),#642,.F.);
#659=EDGE_CURVE('',#407,#399,#298,.T.);
#661=EDGE_CURVE('',#399,#394,#326,.T.);
#666=ADVANCED_FACE('',(#665),#657,.F.);
#673=EDGE_CURVE('',#405,#397,#305,.T.);
#675=EDGE_CURVE('',#397,#399,#333,.T.);
#680=ADVANCED_FACE('',(#679),#671,.F.);
#688=EDGE_CURVE('',#395,#397,#340,.T.);
#693=ADVANCED_FACE('',(#692),#685,.F.);
#705=ADVANCED_FACE('',(#704),#698,.T.);
#714=(LENGTH_UNIT()NAMED_UNIT(*)SI_UNIT(.MILLI.,.METRE.));
#716=(NAMED_UNIT(*)PLANE_ANGLE_UNIT()SI_UNIT($,.RADIAN.));
#719=(NAMED_UNIT(*)SI_UNIT($,.STERADIAN.)SOLID_ANGLE_UNIT());
#721=(GEOMETRIC_REPRESENTATION_CONTEXT(3)GLOBAL_UNCERTAINTY_ASSIGNED_CONTEXT((
#720))GLOBAL_UNIT_ASSIGNED_CONTEXT((#714,#718,#719))REPRESENTATION_CONTEXT
('ID1','3'));
#725=AXIS2_PLACEMENT_3D('',#722,#723,#724);
#726=ADVANCED_BREP_SHAPE_REPRESENTATION('',(#725,#707),#721);
#733=PRODUCT_DEFINITION('design','',#732,#729);
#734=PRODUCT_DEFINITION_SHAPE('','SHAPE FOR M50-1920005_MOULD.',#733);
#735=SHAPE_DEFINITION_REPRESENTATION(#734,#726);
#736=SHAPE_DEFINITION_REPRESENTATION(#737,#738);
#737=PRODUCT_DEFINITION_SHAPE('','SHAPE FOR M50-1920005_ASM.',#6094);
#738=SHAPE_REPRESENTATION('',(#744,#6073,#6088),#6084);
#739=NEXT_ASSEMBLY_USAGE_OCCURRENCE('4','Next assembly relationship',
'M50-1920005_MOULD',#6094,#733,$);
#740=PRODUCT_DEFINITION_SHAPE('Placement #4',
'Placement of M50-1920005_MOULD with respect to M50-1920005_ASM',#739);
#781=CIRCLE('',#780,2.E-1);
#796=CIRCLE('',#795,1.E-1);
#839=CIRCLE('',#838,7.661149446305E-3);
#855=B_SPLINE_CURVE_WITH_KNOTS('',3,(#843,#844,#845,#846,#847,#848,#849,#850,
#851,#852,#853,#854),.UNSPECIFIED.,.F.,.F.,(4,1,1,1,1,1,1,1,1,4),(0.E0,
1.111111111111E-1,2.222222222222E-1,3.333333333333E-1,4.444444444444E-1,
5.555555555556E-1,6.666666666667E-1,7.777777777778E-1,8.888888888889E-1,1.E0),
.UNSPECIFIED.);
#877=CIRCLE('',#876,5.E-2);
#906=CIRCLE('',#905,5.E-2);
#936=B_SPLINE_CURVE_WITH_KNOTS('',3,(#924,#925,#926,#927,#928,#929,#930,#931,
#932,#933,#934,#935),.UNSPECIFIED.,.F.,.F.,(4,1,1,1,1,1,1,1,1,4),(0.E0,
1.111111111111E-1,2.222222222222E-1,3.333333333333E-1,4.444444444444E-1,
5.555555555556E-1,6.666666666667E-1,7.777777777778E-1,8.888888888889E-1,1.E0),
.UNSPECIFIED.);
#944=CIRCLE('',#943,7.661149446305E-3);
#966=CIRCLE('',#965,2.5E-1);
#988=CIRCLE('',#987,5.E-2);
#1031=CIRCLE('',#1030,5.E-2);
#1053=CIRCLE('',#1052,2.5E-1);
#1131=CIRCLE('',#1130,2.E-1);
#1139=CIRCLE('',#1138,1.E-1);
#1154=CIRCLE('',#1153,2.E-1);
#1169=CIRCLE('',#1168,1.E-1);
#1184=CIRCLE('',#1183,2.E-1);
#1199=CIRCLE('',#1198,1.E-1);
#1214=CIRCLE('',#1213,2.E-1);
#1229=CIRCLE('',#1228,1.E-1);
#1272=CIRCLE('',#1271,2.E-1);
#1287=CIRCLE('',#1286,2.E-1);
#1295=CIRCLE('',#1294,2.E-1);
#1331=CIRCLE('',#1330,2.E-1);
#1346=CIRCLE('',#1345,2.E-1);
#1424=CIRCLE('',#1423,1.E-1);
#1439=CIRCLE('',#1438,1.E-1);
#1510=CIRCLE('',#1509,1.E-1);
#1518=CIRCLE('',#1517,1.E-1);
#1533=CIRCLE('',#1532,1.E-1);
#1611=CIRCLE('',#1610,2.E-1);
#1619=CIRCLE('',#1618,1.E-1);
#1634=CIRCLE('',#1633,2.E-1);
#1649=CIRCLE('',#1648,1.E-1);
#1664=CIRCLE('',#1663,2.E-1);
#1679=CIRCLE('',#1678,1.E-1);
#1694=CIRCLE('',#1693,2.E-1);
#1709=CIRCLE('',#1708,1.E-1);
#1752=CIRCLE('',#1751,2.E-1);
#1760=CIRCLE('',#1759,2.E-1);
#1775=CIRCLE('',#1774,2.E-1);
#1811=CIRCLE('',#1810,2.E-1);
#1826=CIRCLE('',#1825,2.E-1);
#1904=CIRCLE('',#1903,1.E-1);
#1919=CIRCLE('',#1918,1.E-1);
#2018=CIRCLE('',#2017,1.E-1);
#2033=CIRCLE('',#2032,1.E-1);
#2041=CIRCLE('',#2040,1.E-1);
#2238=CIRCLE('',#2237,2.E-1);
#2246=CIRCLE('',#2245,1.E-1);
#2261=CIRCLE('',#2260,2.E-1);
#2276=CIRCLE('',#2275,1.E-1);
#2291=CIRCLE('',#2290,2.E-1);
#2306=CIRCLE('',#2305,1.E-1);
#2349=CIRCLE('',#2348,2.E-1);
#2364=CIRCLE('',#2363,2.E-1);
#2372=CIRCLE('',#2371,2.E-1);
#2408=CIRCLE('',#2407,2.E-1);
#2423=CIRCLE('',#2422,2.E-1);
#2501=CIRCLE('',#2500,1.E-1);
#2516=CIRCLE('',#2515,1.E-1);
#2587=CIRCLE('',#2586,1.E-1);
#2595=CIRCLE('',#2594,1.E-1);
#2610=CIRCLE('',#2609,1.E-1);
#2674=CIRCLE('',#2673,7.661149446305E-3);
#2696=CIRCLE('',#2695,2.5E-1);
#2718=CIRCLE('',#2717,5.E-2);
#2761=CIRCLE('',#2760,5.E-2);
#2783=CIRCLE('',#2782,2.5E-1);
#2805=CIRCLE('',#2804,7.661149446305E-3);
#2821=B_SPLINE_CURVE_WITH_KNOTS('',3,(#2809,#2810,#2811,#2812,#2813,#2814,#2815,
#2816,#2817,#2818,#2819,#2820),.UNSPECIFIED.,.F.,.F.,(4,1,1,1,1,1,1,1,1,4),
(0.E0,1.111111111111E-1,2.222222222222E-1,3.333333333333E-1,4.444444444444E-1,
5.555555555556E-1,6.666666666667E-1,7.777777777778E-1,8.888888888889E-1,1.E0),
.UNSPECIFIED.);
#2843=CIRCLE('',#2842,5.E-2);
#2872=CIRCLE('',#2871,5.E-2);
#2902=B_SPLINE_CURVE_WITH_KNOTS('',3,(#2890,#2891,#2892,#2893,#2894,#2895,#2896,
#2897,#2898,#2899,#2900,#2901),.UNSPECIFIED.,.F.,.F.,(4,1,1,1,1,1,1,1,1,4),
(0.E0,1.111111111111E-1,2.222222222222E-1,3.333333333333E-1,4.444444444444E-1,
5.555555555556E-1,6.666666666667E-1,7.777777777778E-1,8.888888888889E-1,1.E0),
.UNSPECIFIED.);
#2945=CIRCLE('',#2944,2.E-1);
#2960=CIRCLE('',#2959,1.E-1);
#2975=CIRCLE('',#2974,2.E-1);
#2990=CIRCLE('',#2989,1.E-1);
#3012=CIRCLE('',#3011,1.E-1);
#3027=CIRCLE('',#3026,1.E-1);
#3035=CIRCLE('',#3034,1.E-1);
#3078=CIRCLE('',#3077,2.E-1);
#3086=CIRCLE('',#3085,2.E-1);
#3101=CIRCLE('',#3100,2.E-1);
#3179=CIRCLE('',#3178,2.E-1);
#3194=CIRCLE('',#3193,2.E-1);
#3258=CIRCLE('',#3257,1.E-1);
#3273=CIRCLE('',#3272,1.E-1);
#3693=EDGE_CURVE('',#3317,#3319,#759,.T.);
#3695=EDGE_CURVE('',#3319,#3343,#3129,.T.);
#3697=EDGE_CURVE('',#3343,#3337,#3093,.T.);
#3699=EDGE_CURVE('',#3317,#3337,#752,.T.);
#3703=ADVANCED_FACE('',(#3702),#3692,.F.);
#3710=EDGE_CURVE('',#3317,#3323,#766,.T.);
#3712=EDGE_CURVE('',#3323,#3325,#773,.T.);
#3714=EDGE_CURVE('',#3319,#3325,#3136,.T.);
#3718=ADVANCED_FACE('',(#3717),#3708,.F.);
#3724=EDGE_CURVE('',#3316,#3317,#781,.T.);
#3726=EDGE_CURVE('',#3316,#3322,#788,.T.);
#3728=EDGE_CURVE('',#3322,#3323,#796,.T.);
#3733=ADVANCED_FACE('',(#3732),#3723,.F.);
#3741=EDGE_CURVE('',#3337,#3329,#817,.T.);
#3743=EDGE_CURVE('',#3327,#3329,#2975,.T.);
#3745=EDGE_CURVE('',#3313,#3327,#2945,.T.);
#3747=EDGE_CURVE('',#3316,#3313,#803,.T.);
#3751=ADVANCED_FACE('',(#3750),#3738,.T.);
#3757=EDGE_CURVE('',#3335,#3333,#810,.T.);
#3759=EDGE_CURVE('',#3329,#3333,#2982,.T.);
#3762=EDGE_CURVE('',#3337,#3335,#824,.T.);
#3766=ADVANCED_FACE('',(#3765),#3756,.T.);
#3773=EDGE_CURVE('',#3322,#3312,#831,.T.);
#3775=EDGE_CURVE('',#3312,#3331,#2960,.T.);
#3777=EDGE_CURVE('',#3331,#3333,#2990,.T.);
#3780=EDGE_CURVE('',#3323,#3335,#2997,.T.);
#3784=ADVANCED_FACE('',(#3783),#3771,.F.);
#3790=EDGE_CURVE('',#3656,#3657,#839,.T.);
#3792=EDGE_CURVE('',#3656,#3658,#855,.T.);
#3794=EDGE_CURVE('',#3660,#3658,#862,.T.);
#3796=EDGE_CURVE('',#3381,#3660,#869,.T.);
#3798=EDGE_CURVE('',#3380,#3381,#877,.T.);
#3800=EDGE_CURVE('',#3312,#3380,#884,.T.);
#3803=EDGE_CURVE('',#3545,#3322,#891,.T.);
#3805=EDGE_CURVE('',#3536,#3545,#2283,.T.);
#3807=EDGE_CURVE('',#3536,#3605,#898,.T.);
#3809=EDGE_CURVE('',#3604,#3605,#906,.T.);
#3811=EDGE_CURVE('',#3683,#3604,#913,.T.);
#3813=EDGE_CURVE('',#3683,#3673,#920,.T.);
#3815=EDGE_CURVE('',#3672,#3673,#936,.T.);
#3817=EDGE_CURVE('',#3675,#3672,#944,.T.);
#3819=EDGE_CURVE('',#3662,#3675,#951,.T.);
#3821=EDGE_CURVE('',#3649,#3662,#958,.T.);
#3823=EDGE_CURVE('',#3648,#3649,#966,.T.);
#3825=EDGE_CURVE('',#3308,#3648,#973,.T.);
#3827=EDGE_CURVE('',#3634,#3308,#2132,.T.);
#3829=EDGE_CURVE('',#3621,#3634,#980,.T.);
#3831=EDGE_CURVE('',#3620,#3621,#988,.T.);
#3833=EDGE_CURVE('',#3468,#3620,#995,.T.);
#3835=EDGE_CURVE('',#3463,#3468,#1656,.T.);
#3837=EDGE_CURVE('',#3463,#3301,#1002,.T.);
#3839=EDGE_CURVE('',#3300,#3301,#1009,.T.);
#3841=EDGE_CURVE('',#3395,#3300,#1016,.T.);
#3843=EDGE_CURVE('',#3392,#3395,#1176,.T.);
#3845=EDGE_CURVE('',#3392,#3613,#1023,.T.);
#3847=EDGE_CURVE('',#3612,#3613,#1031,.T.);
#3849=EDGE_CURVE('',#3388,#3612,#1038,.T.);
#3851=EDGE_CURVE('',#3641,#3388,#1045,.T.);
#3853=EDGE_CURVE('',#3640,#3641,#1053,.T.);
#3855=EDGE_CURVE('',#3681,#3640,#1060,.T.);
#3857=EDGE_CURVE('',#3681,#3657,#1067,.T.);
#3861=ADVANCED_FACE('',(#3860),#3789,.T.);
#3868=EDGE_CURVE('',#3657,#3666,#1074,.T.);
#3870=EDGE_CURVE('',#3665,#3666,#2674,.T.);
#3872=EDGE_CURVE('',#3656,#3665,#2937,.T.);
#3876=ADVANCED_FACE('',(#3875),#3866,.T.);
#3883=EDGE_CURVE('',#3681,#3685,#1081,.T.);
#3885=EDGE_CURVE('',#3685,#3666,#2681,.T.);
#3890=ADVANCED_FACE('',(#3889),#3881,.F.);
#3898=EDGE_CURVE('',#3645,#3640,#1088,.T.);
#3900=EDGE_CURVE('',#3685,#3645,#2688,.T.);
#3904=ADVANCED_FACE('',(#3903),#3895,.T.);
#3911=EDGE_CURVE('',#3643,#3641,#1095,.T.);
#3913=EDGE_CURVE('',#3643,#3645,#2696,.T.);
#3918=ADVANCED_FACE('',(#3917),#3909,.T.);
#3926=EDGE_CURVE('',#3388,#3389,#1102,.T.);
#3928=EDGE_CURVE('',#3643,#3389,#2703,.T.);
#3932=ADVANCED_FACE('',(#3931),#3923,.T.);
#3938=EDGE_CURVE('',#3617,#3612,#1109,.T.);
#3940=EDGE_CURVE('',#3389,#3617,#2710,.T.);
#3946=ADVANCED_FACE('',(#3945),#3937,.T.);
#3953=EDGE_CURVE('',#3615,#3613,#1116,.T.);
#3955=EDGE_CURVE('',#3615,#3617,#2718,.T.);
#3960=ADVANCED_FACE('',(#3959),#3951,.T.);
#3968=EDGE_CURVE('',#3392,#3393,#1123,.T.);
#3970=EDGE_CURVE('',#3393,#3615,#2725,.T.);
#3974=ADVANCED_FACE('',(#3973),#3965,.F.);
#3980=EDGE_CURVE('',#3393,#3407,#1131,.T.);
#3983=EDGE_CURVE('',#3392,#3411,#1139,.T.);
#3985=EDGE_CURVE('',#3407,#3411,#1161,.T.);
#3989=ADVANCED_FACE('',(#3988),#3979,.F.);
#3996=EDGE_CURVE('',#3407,#3409,#1154,.T.);
#3998=EDGE_CURVE('',#3409,#3421,#1488,.T.);
#4000=EDGE_CURVE('',#3421,#3400,#1257,.T.);
#4002=EDGE_CURVE('',#3415,#3400,#1214,.T.);
#4004=EDGE_CURVE('',#3397,#3415,#1184,.T.);
#4006=EDGE_CURVE('',#3393,#3397,#1146,.T.);
#4010=ADVANCED_FACE('',(#4009),#3994,.T.);
#4018=EDGE_CURVE('',#3411,#3413,#1169,.T.);
#4020=EDGE_CURVE('',#3409,#3413,#1495,.T.);
#4024=ADVANCED_FACE('',(#4023),#4015,.F.);
#4033=EDGE_CURVE('',#3395,#3417,#1199,.T.);
#4035=EDGE_CURVE('',#3417,#3404,#1229,.T.);
#4037=EDGE_CURVE('',#3419,#3404,#1554,.T.);
#4039=EDGE_CURVE('',#3413,#3419,#1481,.T.);
#4043=ADVANCED_FACE('',(#4042),#4029,.F.);
#4050=EDGE_CURVE('',#3415,#3417,#1191,.T.);
#4053=EDGE_CURVE('',#3395,#3397,#1206,.T.);
#4057=ADVANCED_FACE('',(#4056),#4048,.F.);
#4064=EDGE_CURVE('',#3400,#3404,#1221,.T.);
#4070=ADVANCED_FACE('',(#4069),#4062,.F.);
#4076=EDGE_CURVE('',#3400,#3401,#1236,.T.);
#4078=EDGE_CURVE('',#3401,#3405,#1243,.T.);
#4080=EDGE_CURVE('',#3404,#3405,#1250,.T.);
#4085=ADVANCED_FACE('',(#4084),#4075,.F.);
#4091=EDGE_CURVE('',#3421,#3427,#1279,.T.);
#4093=EDGE_CURVE('',#3427,#3401,#1561,.T.);
#4099=ADVANCED_FACE('',(#4098),#4090,.F.);
#4105=EDGE_CURVE('',#3424,#3425,#1264,.T.);
#4107=EDGE_CURVE('',#3425,#3427,#1272,.T.);
#4110=EDGE_CURVE('',#3435,#3421,#1287,.T.);
#4112=EDGE_CURVE('',#3424,#3435,#1295,.T.);
#4116=ADVANCED_FACE('',(#4115),#4104,.T.);
#4122=EDGE_CURVE('',#3425,#3461,#1302,.T.);
#4125=EDGE_CURVE('',#3459,#3424,#1309,.T.);
#4127=EDGE_CURVE('',#3461,#3459,#1431,.T.);
#4131=ADVANCED_FACE('',(#4130),#4121,.T.);
#4138=EDGE_CURVE('',#3449,#3461,#1316,.T.);
#4140=EDGE_CURVE('',#3431,#3449,#1540,.T.);
#4142=EDGE_CURVE('',#3425,#3431,#1582,.T.);
#4146=ADVANCED_FACE('',(#4145),#4136,.T.);
#4152=EDGE_CURVE('',#3445,#3449,#1346,.T.);
#4155=EDGE_CURVE('',#3457,#3461,#1424,.T.);
#4157=EDGE_CURVE('',#3445,#3457,#1388,.T.);
#4161=ADVANCED_FACE('',(#4160),#4151,.T.);
#4167=EDGE_CURVE('',#3445,#3440,#1323,.T.);
#4169=EDGE_CURVE('',#3440,#3447,#1331,.T.);
#4171=EDGE_CURVE('',#3449,#3447,#1338,.T.);
#4176=ADVANCED_FACE('',(#4175),#4166,.T.);
#4182=EDGE_CURVE('',#3440,#3441,#1353,.T.);
#4185=EDGE_CURVE('',#3443,#3445,#1360,.T.);
#4187=EDGE_CURVE('',#3441,#3443,#1367,.T.);
#4191=ADVANCED_FACE('',(#4190),#4181,.T.);
#4198=EDGE_CURVE('',#3441,#3453,#1374,.T.);
#4200=EDGE_CURVE('',#3452,#3453,#1395,.T.);
#4202=EDGE_CURVE('',#3440,#3452,#1446,.T.);
#4206=ADVANCED_FACE('',(#4205),#4196,.T.);
#4213=EDGE_CURVE('',#3443,#3455,#1381,.T.);
#4215=EDGE_CURVE('',#3453,#3455,#1402,.T.);
#4220=ADVANCED_FACE('',(#4219),#4211,.T.);
#4228=EDGE_CURVE('',#3455,#3457,#1409,.T.);
#4233=ADVANCED_FACE('',(#4232),#4225,.T.);
#4242=EDGE_CURVE('',#3457,#3452,#1416,.T.);
#4246=ADVANCED_FACE('',(#4245),#4238,.F.);
#4255=EDGE_CURVE('',#3452,#3459,#1439,.T.);
#4259=ADVANCED_FACE('',(#4258),#4251,.F.);
#4268=EDGE_CURVE('',#3447,#3459,#1460,.T.);
#4272=ADVANCED_FACE('',(#4271),#4264,.F.);
#4279=EDGE_CURVE('',#3424,#3430,#1453,.T.);
#4281=EDGE_CURVE('',#3447,#3430,#1547,.T.);
#4286=ADVANCED_FACE('',(#4285),#4277,.T.);
#4293=EDGE_CURVE('',#3435,#3437,#1467,.T.);
#4295=EDGE_CURVE('',#3430,#3437,#1510,.T.);
#4300=ADVANCED_FACE('',(#4299),#4291,.T.);
#4307=EDGE_CURVE('',#3421,#3419,#1474,.T.);
#4309=EDGE_CURVE('',#3437,#3419,#1518,.T.);
#4314=ADVANCED_FACE('',(#4313),#4305,.T.);
#4326=ADVANCED_FACE('',(#4325),#4319,.T.);
#4332=EDGE_CURVE('',#3430,#3431,#1502,.T.);
#4336=EDGE_CURVE('',#3419,#3433,#1525,.T.);
#4338=EDGE_CURVE('',#3431,#3433,#1533,.T.);
#4342=ADVANCED_FACE('',(#4341),#4331,.F.);
#4354=ADVANCED_FACE('',(#4353),#4347,.F.);
#4363=EDGE_CURVE('',#3433,#3405,#1575,.T.);
#4367=ADVANCED_FACE('',(#4366),#4359,.T.);
#4374=EDGE_CURVE('',#3427,#3433,#1568,.T.);
#4380=ADVANCED_FACE('',(#4379),#4372,.F.);
#4392=ADVANCED_FACE('',(#4391),#4385,.F.);
#4399=EDGE_CURVE('',#3300,#3304,#1589,.T.);
#4401=EDGE_CURVE('',#3397,#3304,#2732,.T.);
#4406=ADVANCED_FACE('',(#4405),#4397,.T.);
#4413=EDGE_CURVE('',#3301,#3305,#1596,.T.);
#4415=EDGE_CURVE('',#3304,#3305,#2739,.T.);
#4420=ADVANCED_FACE('',(#4419),#4411,.T.);
#4427=EDGE_CURVE('',#3463,#3465,#1603,.T.);
#4429=EDGE_CURVE('',#3465,#3305,#2746,.T.);
#4434=ADVANCED_FACE('',(#4433),#4425,.F.);
#4440=EDGE_CURVE('',#3465,#3479,#1611,.T.);
#4443=EDGE_CURVE('',#3463,#3481,#1619,.T.);
#4445=EDGE_CURVE('',#3479,#3481,#1641,.T.);
#4449=ADVANCED_FACE('',(#4448),#4439,.F.);
#4456=EDGE_CURVE('',#3479,#3472,#1634,.T.);
#4458=EDGE_CURVE('',#3472,#3493,#1975,.T.);
#4460=EDGE_CURVE('',#3493,#3485,#1723,.T.);
#4462=EDGE_CURVE('',#3483,#3485,#1694,.T.);
#4464=EDGE_CURVE('',#3469,#3483,#1664,.T.);
#4466=EDGE_CURVE('',#3465,#3469,#1626,.T.);
#4470=ADVANCED_FACE('',(#4469),#4454,.T.);
#4478=EDGE_CURVE('',#3481,#3476,#1649,.T.);
#4480=EDGE_CURVE('',#3472,#3476,#1989,.T.);
#4484=ADVANCED_FACE('',(#4483),#4475,.F.);
#4493=EDGE_CURVE('',#3468,#3487,#1679,.T.);
#4495=EDGE_CURVE('',#3487,#3489,#1709,.T.);
#4497=EDGE_CURVE('',#3491,#3489,#1716,.T.);
#4499=EDGE_CURVE('',#3476,#3491,#2003,.T.);
#4503=ADVANCED_FACE('',(#4502),#4489,.F.);
#4510=EDGE_CURVE('',#3483,#3487,#1671,.T.);
#4513=EDGE_CURVE('',#3468,#3469,#1686,.T.);
#4517=ADVANCED_FACE('',(#4516),#4508,.F.);
#4524=EDGE_CURVE('',#3485,#3489,#1701,.T.);
#4530=ADVANCED_FACE('',(#4529),#4522,.F.);
#4539=EDGE_CURVE('',#3493,#3491,#1730,.T.);
#4543=ADVANCED_FACE('',(#4542),#4535,.T.);
#4549=EDGE_CURVE('',#3507,#3493,#1760,.T.);
#4551=EDGE_CURVE('',#3507,#3509,#1737,.T.);
#4553=EDGE_CURVE('',#3509,#3491,#2033,.T.);
#4558=ADVANCED_FACE('',(#4557),#4548,.F.);
#4564=EDGE_CURVE('',#3496,#3497,#1744,.T.);
#4566=EDGE_CURVE('',#3497,#3507,#1752,.T.);
#4569=EDGE_CURVE('',#3499,#3493,#1767,.T.);
#4571=EDGE_CURVE('',#3496,#3499,#1775,.T.);
#4575=ADVANCED_FACE('',(#4574),#4563,.T.);
#4581=EDGE_CURVE('',#3497,#3533,#1782,.T.);
#4584=EDGE_CURVE('',#3531,#3496,#1789,.T.);
#4586=EDGE_CURVE('',#3533,#3531,#1911,.T.);
#4590=ADVANCED_FACE('',(#4589),#4580,.T.);
#4597=EDGE_CURVE('',#3521,#3533,#1796,.T.);
#4599=EDGE_CURVE('',#3503,#3521,#2048,.T.);
#4601=EDGE_CURVE('',#3497,#3503,#2062,.T.);
#4605=ADVANCED_FACE('',(#4604),#4595,.T.);
#4611=EDGE_CURVE('',#3517,#3521,#1826,.T.);
#4614=EDGE_CURVE('',#3529,#3533,#1904,.T.);
#4616=EDGE_CURVE('',#3517,#3529,#1868,.T.);
#4620=ADVANCED_FACE('',(#4619),#4610,.T.);
#4626=EDGE_CURVE('',#3517,#3512,#1803,.T.);
#4628=EDGE_CURVE('',#3512,#3519,#1811,.T.);
#4630=EDGE_CURVE('',#3521,#3519,#1818,.T.);
#4635=ADVANCED_FACE('',(#4634),#4625,.T.);
#4641=EDGE_CURVE('',#3512,#3513,#1833,.T.);
#4644=EDGE_CURVE('',#3515,#3517,#1840,.T.);
#4646=EDGE_CURVE('',#3513,#3515,#1847,.T.);
#4650=ADVANCED_FACE('',(#4649),#4640,.T.);
#4657=EDGE_CURVE('',#3513,#3525,#1854,.T.);
#4659=EDGE_CURVE('',#3524,#3525,#1875,.T.);
#4661=EDGE_CURVE('',#3512,#3524,#1926,.T.);
#4665=ADVANCED_FACE('',(#4664),#4655,.T.);
#4672=EDGE_CURVE('',#3515,#3527,#1861,.T.);
#4674=EDGE_CURVE('',#3525,#3527,#1882,.T.);
#4679=ADVANCED_FACE('',(#4678),#4670,.T.);
#4687=EDGE_CURVE('',#3527,#3529,#1889,.T.);
#4692=ADVANCED_FACE('',(#4691),#4684,.T.);
#4701=EDGE_CURVE('',#3529,#3524,#1896,.T.);
#4705=ADVANCED_FACE('',(#4704),#4697,.F.);
#4714=EDGE_CURVE('',#3524,#3531,#1919,.T.);
#4718=ADVANCED_FACE('',(#4717),#4710,.F.);
#4727=EDGE_CURVE('',#3519,#3531,#1940,.T.);
#4731=ADVANCED_FACE('',(#4730),#4723,.F.);
#4738=EDGE_CURVE('',#3496,#3502,#1933,.T.);
#4740=EDGE_CURVE('',#3519,#3502,#2055,.T.);
#4745=ADVANCED_FACE('',(#4744),#4736,.T.);
#4752=EDGE_CURVE('',#3499,#3505,#1947,.T.);
#4754=EDGE_CURVE('',#3502,#3505,#2018,.T.);
#4759=ADVANCED_FACE('',(#4758),#4750,.T.);
#4765=EDGE_CURVE('',#3473,#3499,#1954,.T.);
#4767=EDGE_CURVE('',#3473,#3477,#1961,.T.);
#4769=EDGE_CURVE('',#3477,#3505,#1968,.T.);
#4774=ADVANCED_FACE('',(#4773),#4764,.F.);
#4780=EDGE_CURVE('',#3472,#3473,#1982,.T.);
#4787=ADVANCED_FACE('',(#4786),#4779,.F.);
#4795=EDGE_CURVE('',#3476,#3477,#1996,.T.);
#4800=ADVANCED_FACE('',(#4799),#4792,.F.);
#4808=EDGE_CURVE('',#3505,#3491,#2025,.T.);
#4813=ADVANCED_FACE('',(#4812),#4805,.T.);
#4819=EDGE_CURVE('',#3502,#3503,#2010,.T.);
#4824=EDGE_CURVE('',#3503,#3509,#2041,.T.);
#4828=ADVANCED_FACE('',(#4827),#4818,.F.);
#4840=ADVANCED_FACE('',(#4839),#4833,.F.);
#4852=ADVANCED_FACE('',(#4851),#4845,.F.);
#4858=EDGE_CURVE('',#3625,#3620,#2069,.T.);
#4860=EDGE_CURVE('',#3469,#3625,#2753,.T.);
#4866=ADVANCED_FACE('',(#4865),#4857,.T.);
#4873=EDGE_CURVE('',#3623,#3621,#2076,.T.);
#4875=EDGE_CURVE('',#3623,#3625,#2761,.T.);
#4880=ADVANCED_FACE('',(#4879),#4871,.T.);
#4886=EDGE_CURVE('',#3628,#3634,#2090,.T.);
#4888=EDGE_CURVE('',#3623,#3628,#2768,.T.);
#4894=ADVANCED_FACE('',(#4893),#4885,.T.);
#4900=EDGE_CURVE('',#3628,#3629,#2083,.T.);
#4903=EDGE_CURVE('',#3634,#3635,#2097,.T.);
#4905=EDGE_CURVE('',#3629,#3635,#2118,.T.);
#4909=ADVANCED_FACE('',(#4908),#4899,.F.);
#4916=EDGE_CURVE('',#3629,#3631,#2111,.T.);
#4918=EDGE_CURVE('',#3309,#3631,#2139,.T.);
#4920=EDGE_CURVE('',#3628,#3309,#2104,.T.);
#4924=ADVANCED_FACE('',(#4923),#4914,.F.);
#4932=EDGE_CURVE('',#3635,#3637,#2125,.T.);
#4934=EDGE_CURVE('',#3631,#3637,#2146,.T.);
#4938=ADVANCED_FACE('',(#4937),#4929,.F.);
#4946=EDGE_CURVE('',#3308,#3637,#2153,.T.);
#4951=ADVANCED_FACE('',(#4950),#4943,.T.);
#4960=EDGE_CURVE('',#3308,#3309,#2160,.T.);
#4964=ADVANCED_FACE('',(#4963),#4956,.F.);
#4970=EDGE_CURVE('',#3653,#3648,#2167,.T.);
#4972=EDGE_CURVE('',#3309,#3653,#2775,.T.);
#4978=ADVANCED_FACE('',(#4977),#4969,.T.);
#4985=EDGE_CURVE('',#3651,#3649,#2181,.T.);
#4987=EDGE_CURVE('',#3651,#3653,#2783,.T.);
#4992=ADVANCED_FACE('',(#4991),#4983,.T.);
#4998=EDGE_CURVE('',#3662,#3671,#2174,.T.);
#5000=EDGE_CURVE('',#3651,#3671,#2790,.T.);
#5006=ADVANCED_FACE('',(#5005),#4997,.T.);
#5013=EDGE_CURVE('',#3675,#3679,#2188,.T.);
#5015=EDGE_CURVE('',#3671,#3679,#2797,.T.);
#5020=ADVANCED_FACE('',(#5019),#5011,.T.);
#5027=EDGE_CURVE('',#3672,#3676,#2195,.T.);
#5029=EDGE_CURVE('',#3679,#3676,#2805,.T.);
#5034=ADVANCED_FACE('',(#5033),#5025,.T.);
#5093=EDGE_CURVE('',#3673,#3677,#2202,.T.);
#5095=EDGE_CURVE('',#3676,#3677,#2821,.T.);
#5100=ADVANCED_FACE('',(#5099),#5091,.F.);
#5107=EDGE_CURVE('',#3683,#3687,#2209,.T.);
#5109=EDGE_CURVE('',#3687,#3677,#2828,.T.);
#5114=ADVANCED_FACE('',(#5113),#5105,.F.);
#5122=EDGE_CURVE('',#3609,#3604,#2216,.T.);
#5124=EDGE_CURVE('',#3687,#3609,#2835,.T.);
#5128=ADVANCED_FACE('',(#5127),#5119,.T.);
#5135=EDGE_CURVE('',#3607,#3605,#2223,.T.);
#5137=EDGE_CURVE('',#3607,#3609,#2843,.T.);
#5142=ADVANCED_FACE('',(#5141),#5133,.T.);
#5150=EDGE_CURVE('',#3536,#3537,#2230,.T.);
#5152=EDGE_CURVE('',#3537,#3607,#2850,.T.);
#5156=ADVANCED_FACE('',(#5155),#5147,.F.);
#5162=EDGE_CURVE('',#3537,#3551,#2238,.T.);
#5165=EDGE_CURVE('',#3536,#3555,#2246,.T.);
#5167=EDGE_CURVE('',#3551,#3555,#2268,.T.);
#5171=ADVANCED_FACE('',(#5170),#5161,.F.);
#5178=EDGE_CURVE('',#3551,#3553,#2261,.T.);
#5180=EDGE_CURVE('',#3553,#3561,#2565,.T.);
#5182=EDGE_CURVE('',#3561,#3541,#2334,.T.);
#5184=EDGE_CURVE('',#3539,#3541,#2291,.T.);
#5186=EDGE_CURVE('',#3537,#3539,#2253,.T.);
#5190=ADVANCED_FACE('',(#5189),#5176,.T.);
#5198=EDGE_CURVE('',#3555,#3557,#2276,.T.);
#5200=EDGE_CURVE('',#3553,#3557,#2572,.T.);
#5204=ADVANCED_FACE('',(#5203),#5195,.F.);
#5213=EDGE_CURVE('',#3545,#3547,#2306,.T.);
#5215=EDGE_CURVE('',#3559,#3547,#2631,.T.);
#5217=EDGE_CURVE('',#3557,#3559,#2558,.T.);
#5221=ADVANCED_FACE('',(#5220),#5209,.F.);
#5228=EDGE_CURVE('',#3541,#3547,#2298,.T.);
#5231=EDGE_CURVE('',#3539,#3545,#2666,.T.);
#5235=ADVANCED_FACE('',(#5234),#5226,.F.);
#5241=EDGE_CURVE('',#3541,#3543,#2313,.T.);
#5243=EDGE_CURVE('',#3543,#3549,#2320,.T.);
#5245=EDGE_CURVE('',#3547,#3549,#2327,.T.);
#5250=ADVANCED_FACE('',(#5249),#5240,.F.);
#5256=EDGE_CURVE('',#3561,#3567,#2356,.T.);
#5258=EDGE_CURVE('',#3567,#3543,#2638,.T.);
#5264=ADVANCED_FACE('',(#5263),#5255,.F.);
#5270=EDGE_CURVE('',#3564,#3565,#2341,.T.);
#5272=EDGE_CURVE('',#3565,#3567,#2349,.T.);
#5275=EDGE_CURVE('',#3575,#3561,#2364,.T.);
#5277=EDGE_CURVE('',#3564,#3575,#2372,.T.);
#5281=ADVANCED_FACE('',(#5280),#5269,.T.);
#5287=EDGE_CURVE('',#3565,#3601,#2379,.T.);
#5290=EDGE_CURVE('',#3599,#3564,#2386,.T.);
#5292=EDGE_CURVE('',#3601,#3599,#2508,.T.);
#5296=ADVANCED_FACE('',(#5295),#5286,.T.);
#5303=EDGE_CURVE('',#3589,#3601,#2393,.T.);
#5305=EDGE_CURVE('',#3571,#3589,#2617,.T.);
#5307=EDGE_CURVE('',#3565,#3571,#2659,.T.);
#5311=ADVANCED_FACE('',(#5310),#5301,.T.);
#5317=EDGE_CURVE('',#3585,#3589,#2423,.T.);
#5320=EDGE_CURVE('',#3597,#3601,#2501,.T.);
#5322=EDGE_CURVE('',#3585,#3597,#2465,.T.);
#5326=ADVANCED_FACE('',(#5325),#5316,.T.);
#5332=EDGE_CURVE('',#3585,#3580,#2400,.T.);
#5334=EDGE_CURVE('',#3580,#3587,#2408,.T.);
#5336=EDGE_CURVE('',#3589,#3587,#2415,.T.);
#5341=ADVANCED_FACE('',(#5340),#5331,.T.);
#5347=EDGE_CURVE('',#3580,#3581,#2430,.T.);
#5350=EDGE_CURVE('',#3583,#3585,#2437,.T.);
#5352=EDGE_CURVE('',#3581,#3583,#2444,.T.);
#5356=ADVANCED_FACE('',(#5355),#5346,.T.);
#5363=EDGE_CURVE('',#3581,#3593,#2451,.T.);
#5365=EDGE_CURVE('',#3592,#3593,#2472,.T.);
#5367=EDGE_CURVE('',#3580,#3592,#2523,.T.);
#5371=ADVANCED_FACE('',(#5370),#5361,.T.);
#5378=EDGE_CURVE('',#3583,#3595,#2458,.T.);
#5380=EDGE_CURVE('',#3593,#3595,#2479,.T.);
#5385=ADVANCED_FACE('',(#5384),#5376,.T.);
#5393=EDGE_CURVE('',#3595,#3597,#2486,.T.);
#5398=ADVANCED_FACE('',(#5397),#5390,.T.);
#5407=EDGE_CURVE('',#3597,#3592,#2493,.T.);
#5411=ADVANCED_FACE('',(#5410),#5403,.F.);
#5420=EDGE_CURVE('',#3592,#3599,#2516,.T.);
#5424=ADVANCED_FACE('',(#5423),#5416,.F.);
#5433=EDGE_CURVE('',#3587,#3599,#2537,.T.);
#5437=ADVANCED_FACE('',(#5436),#5429,.F.);
#5444=EDGE_CURVE('',#3564,#3570,#2530,.T.);
#5446=EDGE_CURVE('',#3587,#3570,#2624,.T.);
#5451=ADVANCED_FACE('',(#5450),#5442,.T.);
#5458=EDGE_CURVE('',#3575,#3577,#2544,.T.);
#5460=EDGE_CURVE('',#3570,#3577,#2587,.T.);
#5465=ADVANCED_FACE('',(#5464),#5456,.T.);
#5472=EDGE_CURVE('',#3561,#3559,#2551,.T.);
#5474=EDGE_CURVE('',#3577,#3559,#2595,.T.);
#5479=ADVANCED_FACE('',(#5478),#5470,.T.);
#5491=ADVANCED_FACE('',(#5490),#5484,.T.);
#5497=EDGE_CURVE('',#3570,#3571,#2579,.T.);
#5501=EDGE_CURVE('',#3559,#3573,#2602,.T.);
#5503=EDGE_CURVE('',#3571,#3573,#2610,.T.);
#5507=ADVANCED_FACE('',(#5506),#5496,.F.);
#5519=ADVANCED_FACE('',(#5518),#5512,.F.);
#5528=EDGE_CURVE('',#3573,#3549,#2652,.T.);
#5532=ADVANCED_FACE('',(#5531),#5524,.T.);
#5539=EDGE_CURVE('',#3567,#3573,#2645,.T.);
#5545=ADVANCED_FACE('',(#5544),#5537,.F.);
#5557=ADVANCED_FACE('',(#5556),#5550,.F.);
#5566=EDGE_CURVE('',#3539,#3316,#2857,.T.);
#5570=ADVANCED_FACE('',(#5569),#5562,.T.);
#5606=EDGE_CURVE('',#3313,#3385,#2864,.T.);
#5608=EDGE_CURVE('',#3383,#3385,#2872,.T.);
#5610=EDGE_CURVE('',#3383,#3669,#2879,.T.);
#5612=EDGE_CURVE('',#3669,#3667,#2886,.T.);
#5614=EDGE_CURVE('',#3665,#3667,#2902,.T.);
#5618=ADVANCED_FACE('',(#5617),#5575,.F.);
#5624=EDGE_CURVE('',#3385,#3380,#2909,.T.);
#5627=EDGE_CURVE('',#3312,#3313,#2967,.T.);
#5632=ADVANCED_FACE('',(#5631),#5623,.T.);
#5639=EDGE_CURVE('',#3383,#3381,#2923,.T.);
#5645=ADVANCED_FACE('',(#5644),#5637,.T.);
#5651=EDGE_CURVE('',#3660,#3669,#2916,.T.);
#5658=ADVANCED_FACE('',(#5657),#5650,.T.);
#5665=EDGE_CURVE('',#3658,#3667,#2930,.T.);
#5671=ADVANCED_FACE('',(#5670),#5663,.T.);
#5735=ADVANCED_FACE('',(#5734),#5728,.T.);
#5742=EDGE_CURVE('',#3327,#3331,#2952,.T.);
#5748=ADVANCED_FACE('',(#5747),#5740,.F.);
#5760=ADVANCED_FACE('',(#5759),#5753,.F.);
#5768=EDGE_CURVE('',#3349,#3335,#3019,.T.);
#5770=EDGE_CURVE('',#3325,#3349,#3143,.T.);
#5774=ADVANCED_FACE('',(#5773),#5765,.T.);
#5780=EDGE_CURVE('',#3346,#3347,#3004,.T.);
#5782=EDGE_CURVE('',#3346,#3349,#3012,.T.);
#5785=EDGE_CURVE('',#3353,#3335,#3027,.T.);
#5787=EDGE_CURVE('',#3347,#3353,#3035,.T.);
#5791=ADVANCED_FACE('',(#5790),#5779,.F.);
#5797=EDGE_CURVE('',#3347,#3365,#3042,.T.);
#5799=EDGE_CURVE('',#3365,#3363,#3186,.T.);
#5801=EDGE_CURVE('',#3363,#3346,#3049,.T.);
#5806=ADVANCED_FACE('',(#5805),#5796,.F.);
#5812=EDGE_CURVE('',#3341,#3377,#3056,.T.);
#5814=EDGE_CURVE('',#3365,#3377,#3243,.T.);
#5817=EDGE_CURVE('',#3341,#3347,#3108,.T.);
#5821=ADVANCED_FACE('',(#5820),#5811,.T.);
#5828=EDGE_CURVE('',#3340,#3341,#3070,.T.);
#5830=EDGE_CURVE('',#3375,#3340,#3063,.T.);
#5832=EDGE_CURVE('',#3377,#3375,#3265,.T.);
#5836=ADVANCED_FACE('',(#5835),#5826,.T.);
#5843=EDGE_CURVE('',#3341,#3351,#3078,.T.);
#5845=EDGE_CURVE('',#3351,#3337,#3086,.T.);
#5848=EDGE_CURVE('',#3340,#3343,#3101,.T.);
#5852=ADVANCED_FACE('',(#5851),#5841,.T.);
#5861=EDGE_CURVE('',#3351,#3353,#3115,.T.);
#5865=ADVANCED_FACE('',(#5864),#5857,.F.);
#5877=ADVANCED_FACE('',(#5876),#5870,.F.);
#5884=EDGE_CURVE('',#3343,#3349,#3122,.T.);
#5887=EDGE_CURVE('',#3340,#3346,#3150,.T.);
#5891=ADVANCED_FACE('',(#5890),#5882,.T.);
#5903=ADVANCED_FACE('',(#5902),#5896,.F.);
#5912=EDGE_CURVE('',#3363,#3375,#3157,.T.);
#5916=ADVANCED_FACE('',(#5915),#5908,.T.);
#5922=EDGE_CURVE('',#3356,#3363,#3179,.T.);
#5924=EDGE_CURVE('',#3356,#3368,#3164,.T.);
#5926=EDGE_CURVE('',#3368,#3375,#3273,.T.);
#5931=ADVANCED_FACE('',(#5930),#5921,.F.);
#5937=EDGE_CURVE('',#3361,#3356,#3171,.T.);
#5941=EDGE_CURVE('',#3361,#3365,#3194,.T.);
#5945=ADVANCED_FACE('',(#5944),#5936,.T.);
#5951=EDGE_CURVE('',#3356,#3357,#3201,.T.);
#5954=EDGE_CURVE('',#3359,#3361,#3208,.T.);
#5956=EDGE_CURVE('',#3357,#3359,#3215,.T.);
#5960=ADVANCED_FACE('',(#5959),#5950,.T.);
#5967=EDGE_CURVE('',#3357,#3369,#3222,.T.);
#5969=EDGE_CURVE('',#3368,#3369,#3280,.T.);
#5974=ADVANCED_FACE('',(#5973),#5965,.T.);
#5981=EDGE_CURVE('',#3359,#3371,#3229,.T.);
#5983=EDGE_CURVE('',#3369,#3371,#3287,.T.);
#5988=ADVANCED_FACE('',(#5987),#5979,.T.);
#5995=EDGE_CURVE('',#3361,#3373,#3236,.T.);
#5997=EDGE_CURVE('',#3371,#3373,#3294,.T.);
#6002=ADVANCED_FACE('',(#6001),#5993,.T.);
#6010=EDGE_CURVE('',#3373,#3377,#3258,.T.);
#6015=ADVANCED_FACE('',(#6014),#6007,.T.);
#6021=EDGE_CURVE('',#3373,#3368,#3250,.T.);
#6028=ADVANCED_FACE('',(#6027),#6020,.F.);
#6040=ADVANCED_FACE('',(#6039),#6033,.F.);
#6049=(LENGTH_UNIT()NAMED_UNIT(*)SI_UNIT(.MILLI.,.METRE.));
#6051=(NAMED_UNIT(*)PLANE_ANGLE_UNIT()SI_UNIT($,.RADIAN.));
#6054=(NAMED_UNIT(*)SI_UNIT($,.STERADIAN.)SOLID_ANGLE_UNIT());
#6056=(GEOMETRIC_REPRESENTATION_CONTEXT(3)GLOBAL_UNCERTAINTY_ASSIGNED_CONTEXT((
#6055))GLOBAL_UNIT_ASSIGNED_CONTEXT((#6049,#6053,#6054))REPRESENTATION_CONTEXT(
'ID2','3'));
#6060=AXIS2_PLACEMENT_3D('',#6057,#6058,#6059);
#6061=ADVANCED_BREP_SHAPE_REPRESENTATION('',(#6060,#6042),#6056);
#6065=PRODUCT_DEFINITION('design','',#6064,#729);
#6066=PRODUCT_DEFINITION_SHAPE('','SHAPE FOR M50-CONTACT.',#6065);
#6067=SHAPE_DEFINITION_REPRESENTATION(#6066,#6061);
#6068=NEXT_ASSEMBLY_USAGE_OCCURRENCE('5','Next assembly relationship',
'M50-CONTACT',#6094,#6065,$);
#6069=PRODUCT_DEFINITION_SHAPE('Placement #5',
'Placement of M50-CONTACT with respect to M50-1920005_ASM',#6068);
#6077=(LENGTH_UNIT()NAMED_UNIT(*)SI_UNIT(.MILLI.,.METRE.));
#6079=(NAMED_UNIT(*)PLANE_ANGLE_UNIT()SI_UNIT($,.RADIAN.));
#6082=(NAMED_UNIT(*)SI_UNIT($,.STERADIAN.)SOLID_ANGLE_UNIT());
#6084=(GEOMETRIC_REPRESENTATION_CONTEXT(3)GLOBAL_UNCERTAINTY_ASSIGNED_CONTEXT((
#6083))GLOBAL_UNIT_ASSIGNED_CONTEXT((#6077,#6081,#6082))REPRESENTATION_CONTEXT(
'ID3','3'));
#6088=AXIS2_PLACEMENT_3D('',#6085,#6086,#6087);
#6094=PRODUCT_DEFINITION('design','',#6093,#6090);
ENDSEC;
END-ISO-10303-21;
