ISO-10303-21;
HEADER;
FILE_DESCRIPTION (( 'STEP AP214' ),
    '1' );
FILE_NAME ('VLMS1500-GS08.STEP',
    '2025-03-24T21:29:23',
    ( '' ),
    ( '' ),
    'SwSTEP 2.0',
    'SolidWorks 2024',
    '' );
FILE_SCHEMA (( 'AUTOMOTIVE_DESIGN' ));
ENDSEC;

DATA;
#1 = ORIENTED_EDGE ( 'NONE', *, *, #1749, .T. ) ;
#2 = VERTEX_POINT ( 'NONE', #137 ) ;
#3 =( GEOMETRIC_REPRESENTATION_CONTEXT ( 3 ) GLOBAL_UNCERTAINTY_ASSIGNED_CONTEXT ( ( #1236 ) ) GLOBAL_UNIT_ASSIGNED_CONTEXT ( ( #2102, #724, #1748 ) ) REPRESENTATION_CONTEXT ( 'NONE', 'WORKASPACE' ) );
#4 = EDGE_CURVE ( 'NONE', #1377, #2100, #332, .T. ) ;
#5 = LINE ( 'NONE', #695, #1285 ) ;
#6 = PLANE ( 'NONE',  #275 ) ;
#7 = CARTESIAN_POINT ( 'NONE',  ( -0.05461508899999999861, 0.06568066599999999866, 0.1499999999999999944 ) ) ;
#8 =( NAMED_UNIT ( * ) PLANE_ANGLE_UNIT ( ) SI_UNIT ( $, .RADIAN. ) );
#9 = CARTESIAN_POINT ( 'NONE',  ( -0.5500000000000000444, -0.2999999999999999889, 0.000000000000000000 ) ) ;
#10 = DIRECTION ( 'NONE',  ( 0.000000000000000000, 0.000000000000000000, 1.000000000000000000 ) ) ;
#11 =( GEOMETRIC_REPRESENTATION_CONTEXT ( 3 ) GLOBAL_UNCERTAINTY_ASSIGNED_CONTEXT ( ( #1563 ) ) GLOBAL_UNIT_ASSIGNED_CONTEXT ( ( #1747, #1877, #1551 ) ) REPRESENTATION_CONTEXT ( 'NONE', 'WORKASPACE' ) );
#12 = ORIENTED_EDGE ( 'NONE', *, *, #1644, .T. ) ;
#13 = UNCERTAINTY_MEASURE_WITH_UNIT (LENGTH_MEASURE( 1.000000000000000082E-05 ), #927, 'distance_accuracy_value', 'NONE');
#14 = AXIS2_PLACEMENT_3D ( 'NONE', #1654, #626, #2025 ) ;
#15 = PLANE ( 'NONE',  #1562 ) ;
#16 = DIRECTION ( 'NONE',  ( 0.000000000000000000, 0.000000000000000000, 1.000000000000000000 ) ) ;
#17 = CARTESIAN_POINT ( 'NONE',  ( -0.1749999999999999889, 0.2500000000000000000, -0.03000000000000000236 ) ) ;
#18 = EDGE_CURVE ( 'NONE', #1875, #113, #876, .T. ) ;
#19 = CARTESIAN_POINT ( 'NONE',  ( 0.5000000000000000000, -0.2500000000000000000, 0.000000000000000000 ) ) ;
#20 = FILL_AREA_STYLE_COLOUR ( '', #1922 ) ;
#21 = VECTOR ( 'NONE', #725, 1000.000000000000000 ) ;
#22 = VECTOR ( 'NONE', #177, 1000.000000000000000 ) ;
#23 = ORIENTED_EDGE ( 'NONE', *, *, #1407, .T. ) ;
#24 = EDGE_LOOP ( 'NONE', ( #1999, #1101 ) ) ;
#25 = DIRECTION ( 'NONE',  ( -1.000000000000000000, 0.000000000000000000, 0.000000000000000000 ) ) ;
#26 = DIRECTION ( 'NONE',  ( 0.000000000000000000, -1.000000000000000000, 0.000000000000000000 ) ) ;
#27 = UNCERTAINTY_MEASURE_WITH_UNIT (LENGTH_MEASURE( 1.000000000000000082E-05 ), #1936, 'distance_accuracy_value', 'NONE');
#28 = CARTESIAN_POINT ( 'NONE',  ( 0.4300000000150120405, -0.2499999999639715420, -0.01500000000000000118 ) ) ;
#29 = DIRECTION ( 'NONE',  ( 0.000000000000000000, 1.000000000000000000, 0.000000000000000000 ) ) ;
#30 = DIRECTION ( 'NONE',  ( -1.000000000000000000, 0.000000000000000000, 0.000000000000000000 ) ) ;
#31 = ORIENTED_EDGE ( 'NONE', *, *, #957, .F. ) ;
#32 = EDGE_CURVE ( 'NONE', #1464, #337, #170, .T. ) ;
#33 = EDGE_CURVE ( 'NONE', #1628, #963, #490, .T. ) ;
#34 = ORIENTED_EDGE ( 'NONE', *, *, #1027, .F. ) ;
#35 = CARTESIAN_POINT ( 'NONE',  ( 0.000000000000000000, -0.2500000000000000000, 0.3200000000000000067 ) ) ;
#36 = CARTESIAN_POINT ( 'NONE',  ( -0.5000000000000000000, -0.2500000000000000000, 0.1499999999999999944 ) ) ;
#37 = LINE ( 'NONE', #1411, #1958 ) ;
#38 = LINE ( 'NONE', #615, #99 ) ;
#39 = LINE ( 'NONE', #210, #1114 ) ;
#40 = CARTESIAN_POINT ( 'NONE',  ( 0.5000000000000000000, 0.1795800000000000174, 0.06999999999999999278 ) ) ;
#41 = ADVANCED_FACE ( 'NONE', ( #1214 ), #1911, .F. ) ;
#42 = ORIENTED_EDGE ( 'NONE', *, *, #892, .F. ) ;
#43 = EDGE_LOOP ( 'NONE', ( #34, #150, #180, #1559, #987, #438 ) ) ;
#44 = CARTESIAN_POINT ( 'NONE',  ( 0.1749999999999999889, -0.2500000000000000000, -0.03000000000000000236 ) ) ;
#45 = SHAPE_REPRESENTATION ( 'C281-2', ( #856 ), #592 ) ;
#46 = FACE_OUTER_BOUND ( 'NONE', #1847, .T. ) ;
#47 = DIRECTION ( 'NONE',  ( 0.000000000000000000, 0.000000000000000000, 1.000000000000000000 ) ) ;
#48 = AXIS2_PLACEMENT_3D ( 'NONE', #910, #1392, #1588 ) ;
#49 = CARTESIAN_POINT ( 'NONE',  ( -0.4295800000000000174, -0.2500000000000000000, 0.06999999999999999278 ) ) ;
#50 = FACE_OUTER_BOUND ( 'NONE', #205, .T. ) ;
#51 = EDGE_CURVE ( 'NONE', #1785, #252, #1740, .T. ) ;
#52 = CIRCLE ( 'NONE', #1913, 0.1300000000000000044 ) ;
#53 = VERTEX_POINT ( 'NONE', #1354 ) ;
#54 = VERTEX_POINT ( 'NONE', #311 ) ;
#55 = VECTOR ( 'NONE', #764, 1000.000000000000000 ) ;
#56 = VECTOR ( 'NONE', #2017, 1000.000000000000000 ) ;
#57 = VECTOR ( 'NONE', #1078, 1000.000000000000000 ) ;
#58 = VECTOR ( 'NONE', #112, 1000.000000000000000 ) ;
#59 = CARTESIAN_POINT ( 'NONE',  ( 0.04609349899999999611, -0.02861803100000000211, 0.2449999999999999956 ) ) ;
#60 = DIRECTION ( 'NONE',  ( 0.000000000000000000, 0.000000000000000000, -1.000000000000000000 ) ) ;
#61 = DIRECTION ( 'NONE',  ( -1.000000000000000000, 0.000000000000000000, 0.000000000000000000 ) ) ;
#62 = CARTESIAN_POINT ( 'NONE',  ( -0.05461508899999999861, -0.05780668599999999602, 0.2400000000000000189 ) ) ;
#63 = APPLICATION_CONTEXT ( 'automotive_design' ) ;
#64 = EDGE_CURVE ( 'NONE', #1793, #879, #844, .T. ) ;
#65 = VECTOR ( 'NONE', #1567, 1000.000000000000000 ) ;
#66 = VECTOR ( 'NONE', #26, 1000.000000000000000 ) ;
#67 = DIRECTION ( 'NONE',  ( 0.000000000000000000, 1.000000000000000000, 0.000000000000000000 ) ) ;
#68 = DIRECTION ( 'NONE',  ( 0.000000000000000000, 0.000000000000000000, 1.000000000000000000 ) ) ;
#69 = DIRECTION ( 'NONE',  ( -1.000000000000000000, 0.000000000000000000, 0.000000000000000000 ) ) ;
#70 = EDGE_LOOP ( 'NONE', ( #1862, #265, #1067, #212 ) ) ;
#71 = ORIENTED_EDGE ( 'NONE', *, *, #2061, .T. ) ;
#72 = CARTESIAN_POINT ( 'NONE',  ( 0.5000000000000000000, -0.1800000000000000211, 0.07499999999999999722 ) ) ;
#73 = CARTESIAN_POINT ( 'NONE',  ( -0.01031731200000000036, -0.2500000000000000000, -0.03000000000000000236 ) ) ;
#74 = ADVANCED_FACE ( 'NONE', ( #179 ), #678, .T. ) ;
#75 = ADVANCED_FACE ( 'NONE', ( #2223 ), #478, .T. ) ;
#76 = MANIFOLD_SURFACE_SHAPE_REPRESENTATION ( '', ( #1405, #1770 ), #1108 ) ;
#77 = MECHANICAL_DESIGN_GEOMETRIC_PRESENTATION_REPRESENTATION (  '', ( #1553 ), #3 ) ;
#78 = DIRECTION ( 'NONE',  ( 1.000000000000000000, 0.000000000000000000, 0.000000000000000000 ) ) ;
#79 = CARTESIAN_POINT ( 'NONE',  ( 0.5500000000000000444, 0.2999999999999999889, 0.000000000000000000 ) ) ;
#80 =( NAMED_UNIT ( * ) PLANE_ANGLE_UNIT ( ) SI_UNIT ( $, .RADIAN. ) );
#81 = ADVANCED_FACE ( 'NONE', ( #523 ), #2131, .F. ) ;
#82 = VERTEX_POINT ( 'NONE', #1548 ) ;
#83 = ORIENTED_EDGE ( 'NONE', *, *, #693, .F. ) ;
#84 = CARTESIAN_POINT ( 'NONE',  ( -0.4299999999855219635, 0.2500000000347465390, -0.01500000000000000118 ) ) ;
#85 = DIRECTION ( 'NONE',  ( 0.000000000000000000, -1.000000000000000000, 0.000000000000000000 ) ) ;
#86 = APPLICATION_PROTOCOL_DEFINITION ( 'draft international standard', 'automotive_design', 1998, #923 ) ;
#87 = CARTESIAN_POINT ( 'NONE',  ( -0.1250000000000000000, -0.2500000000000000000, -0.03000000000000000236 ) ) ;
#88 = VECTOR ( 'NONE', #1229, 1000.000000000000000 ) ;
#89 = CARTESIAN_POINT ( 'NONE',  ( 0.1749999999999999889, -0.2500000000000000000, 0.000000000000000000 ) ) ;
#90 = EDGE_LOOP ( 'NONE', ( #2216, #378, #23, #1510, #2001, #1100, #1419, #1174 ) ) ;
#91 = ORIENTED_EDGE ( 'NONE', *, *, #1046, .F. ) ;
#92 = ORIENTED_EDGE ( 'NONE', *, *, #2233, .T. ) ;
#93 = COLOUR_RGB ( '',1.000000000000000000, 0.5019607843137254832, 0.000000000000000000 ) ;
#94 = DIRECTION ( 'NONE',  ( -0.9961946978200911795, 0.000000000000000000, 0.08715574585268251462 ) ) ;
#95 = ORIENTED_EDGE ( 'NONE', *, *, #545, .F. ) ;
#96 =( NAMED_UNIT ( * ) PLANE_ANGLE_UNIT ( ) SI_UNIT ( $, .RADIAN. ) );
#97 = VECTOR ( 'NONE', #1659, 1000.000000000000000 ) ;
#98 = COLOUR_RGB ( '',0.000000000000000000, 0.000000000000000000, 1.000000000000000000 ) ;
#99 = VECTOR ( 'NONE', #1312, 1000.000000000000000 ) ;
#100 =( LENGTH_UNIT ( ) NAMED_UNIT ( * ) SI_UNIT ( .MILLI., .METRE. ) );
#101 = LINE ( 'NONE', #1315, #97 ) ;
#102 = EDGE_CURVE ( 'NONE', #423, #1152, #1702, .T. ) ;
#103 = CARTESIAN_POINT ( 'NONE',  ( 0.01860998999999999987, -0.05780668599999999602, 0.2400000000000000189 ) ) ;
#104 = ORIENTED_EDGE ( 'NONE', *, *, #985, .T. ) ;
#105 = VERTEX_POINT ( 'NONE', #1527 ) ;
#106 = LINE ( 'NONE', #2158, #641 ) ;
#107 = ADVANCED_FACE ( 'NONE', ( #2067 ), #1537, .F. ) ;
#108 = ORIENTED_EDGE ( 'NONE', *, *, #1019, .F. ) ;
#109 = SHAPE_DEFINITION_REPRESENTATION ( #1698, #2149 ) ;
#110 = CARTESIAN_POINT ( 'NONE',  ( 0.04609349900000000305, -0.05780668613797967925, 0.2400000000000000189 ) ) ;
#111 = DIRECTION ( 'NONE',  ( 1.000000000000000000, 0.000000000000000000, 0.000000000000000000 ) ) ;
#112 = DIRECTION ( 'NONE',  ( 0.000000000000000000, 0.000000000000000000, -1.000000000000000000 ) ) ;
#113 = VERTEX_POINT ( 'NONE', #324 ) ;
#114 = ORIENTED_EDGE ( 'NONE', *, *, #495, .F. ) ;
#115 = CARTESIAN_POINT ( 'NONE',  ( -0.3375000000000000222, -0.2500000000000000000, 0.000000000000000000 ) ) ;
#116 = EDGE_LOOP ( 'NONE', ( #1638, #1475, #1454, #173 ) ) ;
#117 = PRODUCT_CONTEXT ( 'NONE', #923, 'mechanical' ) ;
#118 = PRODUCT_DEFINITION_SHAPE ( 'NONE', 'NONE',  #2042 ) ;
#119 = CARTESIAN_POINT ( 'NONE',  ( 0.5000000000000000000, 0.2500000000000000000, 0.07000000002499999485 ) ) ;
#120 = VECTOR ( 'NONE', #60, 1000.000000000000000 ) ;
#121 =( NAMED_UNIT ( * ) SI_UNIT ( $, .STERADIAN. ) SOLID_ANGLE_UNIT ( ) );
#122 = CARTESIAN_POINT ( 'NONE',  ( 0.000000000000000000, 0.000000000000000000, 0.2299999999999525202 ) ) ;
#123 =( LENGTH_UNIT ( ) NAMED_UNIT ( * ) SI_UNIT ( .MILLI., .METRE. ) );
#124 = AXIS2_PLACEMENT_3D ( 'NONE', #765, #2159, #950 ) ;
#125 = EDGE_LOOP ( 'NONE', ( #172, #1996, #510, #204 ) ) ;
#126 = ORIENTED_EDGE ( 'NONE', *, *, #1010, .F. ) ;
#127 = EDGE_CURVE ( 'NONE', #1793, #2085, #1022, .T. ) ;
#128 = CARTESIAN_POINT ( 'NONE',  ( 0.1749999999999999889, -0.2500000000000000000, -0.01500000000000000118 ) ) ;
#129 = FACE_OUTER_BOUND ( 'NONE', #1882, .T. ) ;
#130 = AXIS2_PLACEMENT_3D ( 'NONE', #1967, #216, #1599 ) ;
#131 = AXIS2_PLACEMENT_3D ( 'NONE', #103, #277, #1893 ) ;
#132 = AXIS2_PLACEMENT_3D ( 'NONE', #49, #2129, #744 ) ;
#133 = CARTESIAN_POINT ( 'NONE',  ( -0.1749999999999999889, 0.2500000000000000000, -0.03000000000000000236 ) ) ;
#134 = EDGE_CURVE ( 'NONE', #620, #570, #1375, .T. ) ;
#135 = DIRECTION ( 'NONE',  ( 0.000000000000000000, 0.000000000000000000, -1.000000000000000000 ) ) ;
#136 = PRESENTATION_STYLE_ASSIGNMENT (( #1162 ) ) ;
#137 = CARTESIAN_POINT ( 'NONE',  ( -0.5000000000000000000, -0.2500000000000000000, 0.07000000004999999692 ) ) ;
#138 = ORIENTED_EDGE ( 'NONE', *, *, #495, .T. ) ;
#139 = VECTOR ( 'NONE', #1098, 1000.000000000000000 ) ;
#140 =( NAMED_UNIT ( * ) PLANE_ANGLE_UNIT ( ) SI_UNIT ( $, .RADIAN. ) );
#141 = ORIENTED_EDGE ( 'NONE', *, *, #2061, .F. ) ;
#142 = CARTESIAN_POINT ( 'NONE',  ( -0.5500000000000000444, 0.2999999999999999889, 0.000000000000000000 ) ) ;
#143 = ORIENTED_EDGE ( 'NONE', *, *, #367, .F. ) ;
#144 = PRODUCT ( 'VLMS1500-GS08', 'VLMS1500-GS08', '', ( #1084 ) ) ;
#145 = EDGE_CURVE ( 'NONE', #1359, #337, #544, .T. ) ;
#146 = EDGE_CURVE ( 'NONE', #1662, #1198, #1581, .T. ) ;
#147 = DIRECTION ( 'NONE',  ( -1.000000000000000000, 0.000000000000000000, 0.000000000000000000 ) ) ;
#148 = EDGE_CURVE ( 'NONE', #750, #1307, #2029, .T. ) ;
#149 = CARTESIAN_POINT ( 'NONE',  ( -0.5000000000000000000, 0.2500000000000000000, 0.07499999999999999722 ) ) ;
#150 = ORIENTED_EDGE ( 'NONE', *, *, #1352, .T. ) ;
#151 =( NAMED_UNIT ( * ) SI_UNIT ( $, .STERADIAN. ) SOLID_ANGLE_UNIT ( ) );
#152 = ORIENTED_EDGE ( 'NONE', *, *, #209, .T. ) ;
#153 = DIRECTION ( 'NONE',  ( -1.000000000000000000, 0.000000000000000000, 0.000000000000000000 ) ) ;
#154 = PLANE ( 'NONE',  #2199 ) ;
#155 = EDGE_CURVE ( 'NONE', #473, #302, #1591, .T. ) ;
#156 = DIRECTION ( 'NONE',  ( 0.000000000000000000, 0.000000000000000000, -1.000000000000000000 ) ) ;
#157 = DIRECTION ( 'NONE',  ( 1.000000000000000000, 0.000000000000000000, 0.000000000000000000 ) ) ;
#158 = ORIENTED_EDGE ( 'NONE', *, *, #1749, .F. ) ;
#159 = CARTESIAN_POINT ( 'NONE',  ( 0.04609349899999999611, -0.06646883400000000441, 0.2400000000000000189 ) ) ;
#160 = ORIENTED_EDGE ( 'NONE', *, *, #217, .F. ) ;
#161 = OPEN_SHELL ( 'NONE', ( #800, #1525 ) ) ;
#162 = DIRECTION ( 'NONE',  ( 0.000000000000000000, 0.000000000000000000, -1.000000000000000000 ) ) ;
#163 = PRODUCT_DEFINITION_FORMATION_WITH_SPECIFIED_SOURCE ( 'ANY', '', #1867, .NOT_KNOWN. ) ;
#164 = DIRECTION ( 'NONE',  ( 0.000000000000000000, -1.000000000000000000, 0.000000000000000000 ) ) ;
#165 = AXIS2_PLACEMENT_3D ( 'NONE', #1260, #228, #362 ) ;
#166 = VECTOR ( 'NONE', #174, 1000.000000000000000 ) ;
#167 =( GEOMETRIC_REPRESENTATION_CONTEXT ( 3 ) GLOBAL_UNCERTAINTY_ASSIGNED_CONTEXT ( ( #1396 ) ) GLOBAL_UNIT_ASSIGNED_CONTEXT ( ( #1838, #776, #600 ) ) REPRESENTATION_CONTEXT ( 'NONE', 'WORKASPACE' ) );
#168 = AXIS2_PLACEMENT_3D ( 'NONE', #323, #867, #1203 ) ;
#169 = DIRECTION ( 'NONE',  ( -1.000000000000000000, 0.000000000000000000, 0.000000000000000000 ) ) ;
#170 = LINE ( 'NONE', #703, #2239 ) ;
#171 = EDGE_CURVE ( 'NONE', #491, #804, #568, .T. ) ;
#172 = ORIENTED_EDGE ( 'NONE', *, *, #957, .T. ) ;
#173 = ORIENTED_EDGE ( 'NONE', *, *, #51, .T. ) ;
#174 = DIRECTION ( 'NONE',  ( 0.000000000000000000, 1.000000000000000000, 0.000000000000000000 ) ) ;
#175 = VECTOR ( 'NONE', #164, 1000.000000000000000 ) ;
#176 = DIRECTION ( 'NONE',  ( 1.000000000000000000, 0.000000000000000000, 0.000000000000000000 ) ) ;
#177 = DIRECTION ( 'NONE',  ( 0.000000000000000000, -1.000000000000000000, 0.000000000000000000 ) ) ;
#178 = CARTESIAN_POINT ( 'NONE',  ( 0.5000000000000000000, -0.2500000000000000000, 0.1499999999999999944 ) ) ;
#179 = FACE_OUTER_BOUND ( 'NONE', #349, .T. ) ;
#180 = ORIENTED_EDGE ( 'NONE', *, *, #148, .F. ) ;
#181 = ADVANCED_BREP_SHAPE_REPRESENTATION ( '', ( #307, #856 ), #592 ) ;
#182 = STYLED_ITEM ( 'NONE', ( #2213 ), #334 ) ;
#183 = PLANE ( 'NONE',  #1218 ) ;
#184 = CARTESIAN_POINT ( 'NONE',  ( 0.5500000000000000444, -0.2999999999999999889, -0.03000000000000000236 ) ) ;
#185 = UNCERTAINTY_MEASURE_WITH_UNIT (LENGTH_MEASURE( 1.000000000000000082E-05 ), #100, 'distance_accuracy_value', 'NONE');
#186 = CLOSED_SHELL ( 'NONE', ( #107, #1669, #1899, #937, #1308, #852, #945, #1344, #534, #41 ) ) ;
#187 = DIRECTION ( 'NONE',  ( 1.000000000000000000, 0.000000000000000000, 0.000000000000000000 ) ) ;
#188 = DIRECTION ( 'NONE',  ( 1.000000000000000000, 0.000000000000000000, 0.000000000000000000 ) ) ;
#189 = ORIENTED_EDGE ( 'NONE', *, *, #2233, .F. ) ;
#190 = UNCERTAINTY_MEASURE_WITH_UNIT (LENGTH_MEASURE( 1.000000000000000082E-05 ), #1738, 'distance_accuracy_value', 'NONE');
#191 = ORIENTED_EDGE ( 'NONE', *, *, #429, .T. ) ;
#192 =( NAMED_UNIT ( * ) SI_UNIT ( $, .STERADIAN. ) SOLID_ANGLE_UNIT ( ) );
#193 = PLANE ( 'NONE',  #1874 ) ;
#194 = FACE_OUTER_BOUND ( 'NONE', #2183, .T. ) ;
#195 = CARTESIAN_POINT ( 'NONE',  ( -0.04609349925165731610, 0.05780668599999998908, 0.2400000000000000466 ) ) ;
#196 =( NAMED_UNIT ( * ) SI_UNIT ( $, .STERADIAN. ) SOLID_ANGLE_UNIT ( ) );
#197 = DIRECTION ( 'NONE',  ( 0.000000000000000000, -1.000000000000000000, 0.000000000000000000 ) ) ;
#199 = ADVANCED_FACE ( 'NONE', ( #2117 ), #2144, .F. ) ;
#198 = LINE ( 'NONE', #1782, #2098 ) ;
#200 = CONICAL_SURFACE ( 'NONE', #555, 0.03260488400000000064, 0.6108652377217931306 ) ;
#201 = CARTESIAN_POINT ( 'NONE',  ( -0.5000000000000000000, -0.2500000000000000000, 0.2349999999999999867 ) ) ;
#202 = PRESENTATION_LAYER_ASSIGNMENT (  '', '', ( #1040 ) ) ;
#203 = VECTOR ( 'NONE', #604, 1000.000000000000000 ) ;
#204 = ORIENTED_EDGE ( 'NONE', *, *, #1187, .T. ) ;
#205 = EDGE_LOOP ( 'NONE', ( #436, #1836, #823, #718 ) ) ;
#206 = CARTESIAN_POINT ( 'NONE',  ( -0.4299999999999999933, 0.2500000000000000000, -0.03000000000000000236 ) ) ;
#207 = DIRECTION ( 'NONE',  ( 0.08682659695921755849, -0.08682659364414202496, -0.9924325088874489387 ) ) ;
#208 = CARTESIAN_POINT ( 'NONE',  ( 0.000000000000000000, 0.000000000000000000, 0.000000000000000000 ) ) ;
#209 = EDGE_CURVE ( 'NONE', #1163, #1017, #1066, .T. ) ;
#210 = CARTESIAN_POINT ( 'NONE',  ( -0.02063462400000000072, 0.2500000000000000000, -0.01500000000000000118 ) ) ;
#211 = CARTESIAN_POINT ( 'NONE',  ( -0.02063462404910130013, 0.2500000000000000000, 4.235164736271499769E-19 ) ) ;
#212 = ORIENTED_EDGE ( 'NONE', *, *, #1448, .T. ) ;
#213 = ORIENTED_EDGE ( 'NONE', *, *, #1266, .F. ) ;
#214 = DIRECTION ( 'NONE',  ( -1.000000000000000000, 0.000000000000000000, 0.000000000000000000 ) ) ;
#215 = APPLICATION_PROTOCOL_DEFINITION ( 'draft international standard', 'automotive_design', 1998, #996 ) ;
#216 = DIRECTION ( 'NONE',  ( 1.000000000000000000, 0.000000000000000000, 0.000000000000000000 ) ) ;
#217 = EDGE_CURVE ( 'NONE', #1251, #1377, #1416, .T. ) ;
#218 = DIRECTION ( 'NONE',  ( 1.000000000000000000, 0.000000000000000000, 0.000000000000000000 ) ) ;
#219 = CARTESIAN_POINT ( 'NONE',  ( 0.5000000000000000000, 0.000000000000000000, 0.1499999999999999944 ) ) ;
#220 = LINE ( 'NONE', #1458, #1688 ) ;
#221 = CARTESIAN_POINT ( 'NONE',  ( -0.05461508899999999861, -0.06568066599999999866, 0.1499999999999999112 ) ) ;
#222 = EDGE_LOOP ( 'NONE', ( #460, #1872, #625, #1306 ) ) ;
#223 = EDGE_LOOP ( 'NONE', ( #1232, #138, #189 ) ) ;
#224 = AXIS2_PLACEMENT_3D ( 'NONE', #1082, #2122, #1608 ) ;
#225 = CYLINDRICAL_SURFACE ( 'NONE', #2037, 0.1300000000000000044 ) ;
#226 = CARTESIAN_POINT ( 'NONE',  ( 0.000000000000000000, 0.000000000000000000, 0.000000000000000000 ) ) ;
#227 = VECTOR ( 'NONE', #1988, 1000.000000000000000 ) ;
#228 = DIRECTION ( 'NONE',  ( 0.000000000000000000, 0.000000000000000000, -1.000000000000000000 ) ) ;
#229 = PRODUCT_DEFINITION_SHAPE ( 'NONE', 'NONE',  #2253 ) ;
#230 = DIRECTION ( 'NONE',  ( -1.000000000000000000, 0.000000000000000000, 0.000000000000000000 ) ) ;
#231 = PRODUCT_DEFINITION_FORMATION_WITH_SPECIFIED_SOURCE ( 'ANY', '', #317, .NOT_KNOWN. ) ;
#232 = DIRECTION ( 'NONE',  ( 0.000000000000000000, 0.000000000000000000, 1.000000000000000000 ) ) ;
#233 = STYLED_ITEM ( 'NONE', ( #472 ), #1405 ) ;
#234 = ORIENTED_EDGE ( 'NONE', *, *, #2163, .T. ) ;
#235 = ADVANCED_FACE ( 'NONE', ( #387 ), #556, .F. ) ;
#236 = EDGE_CURVE ( 'NONE', #2219, #2247, #1513, .T. ) ;
#237 = ORIENTED_EDGE ( 'NONE', *, *, #1927, .F. ) ;
#238 =( GEOMETRIC_REPRESENTATION_CONTEXT ( 3 ) GLOBAL_UNCERTAINTY_ASSIGNED_CONTEXT ( ( #1570 ) ) GLOBAL_UNIT_ASSIGNED_CONTEXT ( ( #1175, #140, #151 ) ) REPRESENTATION_CONTEXT ( 'NONE', 'WORKASPACE' ) );
#239 = CARTESIAN_POINT ( 'NONE',  ( -0.02404652300000000020, 0.03672811600000000509, 0.2500000000000000000 ) ) ;
#240 = CARTESIAN_POINT ( 'NONE',  ( 0.5500000000000000444, -0.2999999999999999889, 0.06999999999999999278 ) ) ;
#241 = PRODUCT_CONTEXT ( 'NONE', #1382, 'mechanical' ) ;
#242 = PRESENTATION_STYLE_ASSIGNMENT (( #909 ) ) ;
#243 =( GEOMETRIC_REPRESENTATION_CONTEXT ( 3 ) GLOBAL_UNCERTAINTY_ASSIGNED_CONTEXT ( ( #1921 ) ) GLOBAL_UNIT_ASSIGNED_CONTEXT ( ( #771, #249, #1324 ) ) REPRESENTATION_CONTEXT ( 'NONE', 'WORKASPACE' ) );
#244 = EDGE_LOOP ( 'NONE', ( #95, #813, #1691, #838 ) ) ;
#245 = ORIENTED_EDGE ( 'NONE', *, *, #643, .T. ) ;
#246 = FACE_OUTER_BOUND ( 'NONE', #2185, .T. ) ;
#247 = EDGE_CURVE ( 'NONE', #963, #1033, #1783, .T. ) ;
#248 = LINE ( 'NONE', #645, #1776 ) ;
#249 =( NAMED_UNIT ( * ) PLANE_ANGLE_UNIT ( ) SI_UNIT ( $, .RADIAN. ) );
#250 = DIRECTION ( 'NONE',  ( 0.000000000000000000, 0.000000000000000000, 1.000000000000000000 ) ) ;
#251 = CARTESIAN_POINT ( 'NONE',  ( -0.4299999999972505260, -0.2500000000065979999, 0.000000000000000000 ) ) ;
#252 = VERTEX_POINT ( 'NONE', #211 ) ;
#253 = ORIENTED_EDGE ( 'NONE', *, *, #145, .T. ) ;
#254 = CARTESIAN_POINT ( 'NONE',  ( 0.1749999999999999889, 0.2500000000000000000, 0.000000000000000000 ) ) ;
#255 = ORIENTED_EDGE ( 'NONE', *, *, #1266, .T. ) ;
#256 = CARTESIAN_POINT ( 'NONE',  ( 0.5000000000000000000, 0.1800000000000000211, 0.07499999999999999722 ) ) ;
#257 = CARTESIAN_POINT ( 'NONE',  ( -0.5000000000000000000, 0.000000000000000000, 0.07000000004999999692 ) ) ;
#258 = CONTEXT_DEPENDENT_SHAPE_REPRESENTATION ( #1617, #229 ) ;
#259 = VECTOR ( 'NONE', #1724, 1000.000000000000000 ) ;
#260 = PRODUCT_DEFINITION_FORMATION_WITH_SPECIFIED_SOURCE ( 'ANY', '', #1014, .NOT_KNOWN. ) ;
#261 = ADVANCED_FACE ( 'NONE', ( #913 ), #398, .T. ) ;
#262 = CARTESIAN_POINT ( 'NONE',  ( 0.5000000000000000000, 0.2500000000000000000, 0.07499999999999999722 ) ) ;
#263 = ORIENTED_EDGE ( 'NONE', *, *, #471, .T. ) ;
#264 = SHAPE_REPRESENTATION_RELATIONSHIP ( 'NONE' , 'NONE' ,  #1212, #781 ) ;
#265 = ORIENTED_EDGE ( 'NONE', *, *, #2163, .F. ) ;
#266 = VECTOR ( 'NONE', #531, 1000.000000000000000 ) ;
#267 = LINE ( 'NONE', #115, #788 ) ;
#268 = ORIENTED_EDGE ( 'NONE', *, *, #1245, .F. ) ;
#269 = PRESENTATION_STYLE_ASSIGNMENT (( #1641 ) ) ;
#270 = CIRCLE ( 'NONE', #2136, 0.01605682499999999679 ) ;
#271 = ITEM_DEFINED_TRANSFORMATION ( 'NONE', 'NONE', #48,  #856 ) ;
#272 = AXIS2_PLACEMENT_3D ( 'NONE', #1821, #1338, #292 ) ;
#273 = EDGE_CURVE ( 'NONE', #1274, #1851, #1452, .T. ) ;
#274 = DIRECTION ( 'NONE',  ( 0.000000000000000000, 0.000000000000000000, 1.000000000000000000 ) ) ;
#275 = AXIS2_PLACEMENT_3D ( 'NONE', #696, #1388, #2089 ) ;
#276 = CARTESIAN_POINT ( 'NONE',  ( 0.000000000000000000, 0.000000000000000000, 0.2300000000000000100 ) ) ;
#277 = DIRECTION ( 'NONE',  ( 0.000000000000000000, 0.000000000000000000, 1.000000000000000000 ) ) ;
#278 = ORIENTED_EDGE ( 'NONE', *, *, #273, .T. ) ;
#279 = ORIENTED_EDGE ( 'NONE', *, *, #2119, .F. ) ;
#280 = PRODUCT_DEFINITION_CONTEXT ( 'detailed design', #810, 'design' ) ;
#281 = EDGE_LOOP ( 'NONE', ( #91, #114, #2011, #890, #422, #1870, #2072, #365 ) ) ;
#282 = LINE ( 'NONE', #256, #227 ) ;
#283 = APPLICATION_PROTOCOL_DEFINITION ( 'draft international standard', 'automotive_design', 1998, #1607 ) ;
#284 = CARTESIAN_POINT ( 'NONE',  ( -0.5000000000296800362, -0.1799999999876334966, 0.06999999999999999278 ) ) ;
#285 = CARTESIAN_POINT ( 'NONE',  ( -0.5000000000000000000, 0.000000000000000000, 0.1499999999999999944 ) ) ;
#286 = DIRECTION ( 'NONE',  ( 0.000000000000000000, 0.000000000000000000, 1.000000000000000000 ) ) ;
#287 = DIRECTION ( 'NONE',  ( 0.000000000000000000, 0.000000000000000000, -1.000000000000000000 ) ) ;
#288 = ORIENTED_EDGE ( 'NONE', *, *, #1940, .F. ) ;
#289 = ORIENTED_EDGE ( 'NONE', *, *, #1474, .T. ) ;
#290 = VERTEX_POINT ( 'NONE', #1961 ) ;
#291 = ADVANCED_FACE ( 'NONE', ( #1799 ), #1090, .T. ) ;
#292 = DIRECTION ( 'NONE',  ( 1.000000000000000000, 0.000000000000000000, 0.000000000000000000 ) ) ;
#293 = AXIS2_PLACEMENT_3D ( 'NONE', #864, #841, #1223 ) ;
#294 = CARTESIAN_POINT ( 'NONE',  ( 0.04609349899999999611, -0.05780668599999999602, 0.2449999999999999956 ) ) ;
#295 = VECTOR ( 'NONE', #796, 1000.000000000000000 ) ;
#296 = EDGE_LOOP ( 'NONE', ( #1472, #2045 ) ) ;
#297 = ORIENTED_EDGE ( 'NONE', *, *, #1379, .F. ) ;
#298 = AXIS2_PLACEMENT_3D ( 'NONE', #226, #908, #1402 ) ;
#299 = EDGE_CURVE ( 'NONE', #54, #2206, #1791, .T. ) ;
#300 = CARTESIAN_POINT ( 'NONE',  ( 0.5000000000000000000, -0.2500000000000000000, 0.2349999999999999867 ) ) ;
#301 = ADVANCED_FACE ( 'NONE', ( #50 ), #358, .F. ) ;
#302 = VERTEX_POINT ( 'NONE', #921 ) ;
#303 = CARTESIAN_POINT ( 'NONE',  ( -0.04010334799999999700, 0.03672811600000000509, 0.2500000000000000000 ) ) ;
#304 = VECTOR ( 'NONE', #1521, 1000.000000000000000 ) ;
#305 =( GEOMETRIC_REPRESENTATION_CONTEXT ( 3 ) GLOBAL_UNCERTAINTY_ASSIGNED_CONTEXT ( ( #13 ) ) GLOBAL_UNIT_ASSIGNED_CONTEXT ( ( #927, #559, #192 ) ) REPRESENTATION_CONTEXT ( 'NONE', 'WORKASPACE' ) );
#306 = MECHANICAL_DESIGN_GEOMETRIC_PRESENTATION_REPRESENTATION (  '', ( #2244 ), #1188 ) ;
#307 = MANIFOLD_SOLID_BREP ( 'NONE', #880 ) ;
#308 = AXIS2_PLACEMENT_3D ( 'NONE', #455, #274, #2030 ) ;
#309 = LINE ( 'NONE', #1697, #1003 ) ;
#310 = CARTESIAN_POINT ( 'NONE',  ( -0.4295800000000000174, 0.1795800000000000174, 0.06999999999999999278 ) ) ;
#311 = CARTESIAN_POINT ( 'NONE',  ( -0.05396747911112200619, -0.06568066599999999866, 0.1499999999999999389 ) ) ;
#312 = VERTEX_POINT ( 'NONE', #1980 ) ;
#313 = ORIENTED_EDGE ( 'NONE', *, *, #440, .F. ) ;
#314 = LINE ( 'NONE', #494, #518 ) ;
#315 = EDGE_CURVE ( 'NONE', #1385, #302, #1602, .T. ) ;
#316 = ORIENTED_EDGE ( 'NONE', *, *, #1117, .F. ) ;
#317 = PRODUCT ( 'C281-7', 'C281-7', '', ( #808 ) ) ;
#318 = CARTESIAN_POINT ( 'NONE',  ( 0.000000000000000000, 0.2500000000000000000, 0.1499999999999999944 ) ) ;
#319 = FACE_OUTER_BOUND ( 'NONE', #924, .T. ) ;
#320 = PRODUCT_RELATED_PRODUCT_CATEGORY ( 'part', '', ( #761 ) ) ;
#321 = DIRECTION ( 'NONE',  ( 1.000000000000000000, 0.000000000000000000, 0.000000000000000000 ) ) ;
#322 =( LENGTH_UNIT ( ) NAMED_UNIT ( * ) SI_UNIT ( .MILLI., .METRE. ) );
#323 = CARTESIAN_POINT ( 'NONE',  ( 0.5500000000000000444, -0.2999999999999999889, 0.000000000000000000 ) ) ;
#324 = CARTESIAN_POINT ( 'NONE',  ( 0.4300000000075059892, -0.2499999999819854934, 0.000000000000000000 ) ) ;
#325 = ORIENTED_EDGE ( 'NONE', *, *, #701, .F. ) ;
#326 = SURFACE_STYLE_USAGE ( .BOTH. , #1803 ) ;
#327 = ORIENTED_EDGE ( 'NONE', *, *, #1766, .F. ) ;
#328 = DIRECTION ( 'NONE',  ( -0.000000000000000000, -0.000000000000000000, 1.000000000000000000 ) ) ;
#329 = MANIFOLD_SOLID_BREP ( 'NONE', #2156 ) ;
#330 = DIRECTION ( 'NONE',  ( -0.000000000000000000, 1.000000000000000000, 0.000000000000000000 ) ) ;
#331 = CARTESIAN_POINT ( 'NONE',  ( -0.3375000000000000222, 0.2500000000000000000, 0.000000000000000000 ) ) ;
#332 = LINE ( 'NONE', #348, #88 ) ;
#333 = ORIENTED_EDGE ( 'NONE', *, *, #1960, .T. ) ;
#334 = MANIFOLD_SOLID_BREP ( 'NONE', #1557 ) ;
#335 = ORIENTED_EDGE ( 'NONE', *, *, #146, .T. ) ;
#336 = DIRECTION ( 'NONE',  ( 0.000000000000000000, 0.000000000000000000, -1.000000000000000000 ) ) ;
#337 = VERTEX_POINT ( 'NONE', #1126 ) ;
#338 = AXIS2_PLACEMENT_3D ( 'NONE', #444, #458, #1811 ) ;
#339 = SURFACE_SIDE_STYLE ('',( #1180 ) ) ;
#340 = LINE ( 'NONE', #1244, #877 ) ;
#341 = MANIFOLD_SOLID_BREP ( 'NONE', #1169 ) ;
#342 = CONICAL_SURFACE ( 'NONE', #2209, 0.03260488400000000064, 0.6108652377217931306 ) ;
#343 = AXIS2_PLACEMENT_3D ( 'NONE', #159, #826, #2218 ) ;
#344 = COLOUR_RGB ( '',0.000000000000000000, 0.000000000000000000, 1.000000000000000000 ) ;
#345 = VECTOR ( 'NONE', #1949, 1000.000000000000000 ) ;
#346 = CIRCLE ( 'NONE', #2065, 0.1300000000000000044 ) ;
#347 = DIRECTION ( 'NONE',  ( 0.000000000000000000, -1.000000000000000000, 0.000000000000000000 ) ) ;
#348 = CARTESIAN_POINT ( 'NONE',  ( -0.01031731200000000036, -0.1499999999999999944, -0.03000000000000000236 ) ) ;
#349 = EDGE_LOOP ( 'NONE', ( #1629, #278, #1757, #333, #245, #939 ) ) ;
#350 = ORIENTED_EDGE ( 'NONE', *, *, #388, .T. ) ;
#351 = UNCERTAINTY_MEASURE_WITH_UNIT (LENGTH_MEASURE( 1.000000000000000082E-05 ), #2222, 'distance_accuracy_value', 'NONE');
#352 = AXIS2_PLACEMENT_3D ( 'NONE', #1055, #232, #760 ) ;
#353 = CARTESIAN_POINT ( 'NONE',  ( -0.5000000000000000000, -0.2500000000000000000, 0.3200000000000000067 ) ) ;
#354 = SHAPE_REPRESENTATION ( 'C281-6', ( #856 ), #552 ) ;
#355 = DIRECTION ( 'NONE',  ( 0.000000000000000000, 0.000000000000000000, 1.000000000000000000 ) ) ;
#356 = DIRECTION ( 'NONE',  ( -0.000000000000000000, 0.9961946978200910685, 0.08715574585268272279 ) ) ;
#357 = PRESENTATION_STYLE_ASSIGNMENT (( #2234 ) ) ;
#358 = PLANE ( 'NONE',  #1122 ) ;
#359 = VERTEX_POINT ( 'NONE', #631 ) ;
#360 = EDGE_CURVE ( 'NONE', #1023, #53, #799, .T. ) ;
#361 = UNCERTAINTY_MEASURE_WITH_UNIT (LENGTH_MEASURE( 1.000000000000000082E-05 ), #1657, 'distance_accuracy_value', 'NONE');
#362 = DIRECTION ( 'NONE',  ( -1.000000000000000000, 0.000000000000000000, 0.000000000000000000 ) ) ;
#363 = DIRECTION ( 'NONE',  ( -1.000000000000000000, 0.000000000000000000, 0.000000000000000000 ) ) ;
#364 = DIRECTION ( 'NONE',  ( 1.000000000000000000, 0.000000000000000000, 0.000000000000000000 ) ) ;
#365 = ORIENTED_EDGE ( 'NONE', *, *, #1449, .T. ) ;
#366 = ORIENTED_EDGE ( 'NONE', *, *, #944, .T. ) ;
#367 = EDGE_CURVE ( 'NONE', #1621, #2206, #340, .T. ) ;
#368 = FILL_AREA_STYLE_COLOUR ( '', #93 ) ;
#369 = LINE ( 'NONE', #1420, #2084 ) ;
#370 = DIRECTION ( 'NONE',  ( 0.000000000000000000, 0.000000000000000000, -1.000000000000000000 ) ) ;
#371 =( GEOMETRIC_REPRESENTATION_CONTEXT ( 3 ) GLOBAL_UNCERTAINTY_ASSIGNED_CONTEXT ( ( #1485 ) ) GLOBAL_UNIT_ASSIGNED_CONTEXT ( ( #1598, #2104, #734 ) ) REPRESENTATION_CONTEXT ( 'NONE', 'WORKASPACE' ) );
#372 = CARTESIAN_POINT ( 'NONE',  ( -0.5000000000000000000, -0.1800000000000000211, -0.03000000000000000236 ) ) ;
#373 = LINE ( 'NONE', #735, #1879 ) ;
#374 = AXIS2_PLACEMENT_3D ( 'NONE', #254, #962, #805 ) ;
#375 = DIRECTION ( 'NONE',  ( 0.000000000000000000, 0.000000000000000000, -1.000000000000000000 ) ) ;
#376 = COLOUR_RGB ( '',0.5019607843137254832, 0.5019607843137254832, 0.7529411764705882248 ) ;
#377 = EDGE_LOOP ( 'NONE', ( #1151, #2217, #2203, #2110 ) ) ;
#378 = ORIENTED_EDGE ( 'NONE', *, *, #247, .T. ) ;
#379 = PLANE ( 'NONE',  #1725 ) ;
#380 = EDGE_CURVE ( 'NONE', #302, #1914, #1062, .T. ) ;
#381 = FILL_AREA_STYLE ('',( #1956 ) ) ;
#382 = AXIS2_PLACEMENT_3D ( 'NONE', #951, #1632, #85 ) ;
#383 = DIRECTION ( 'NONE',  ( 1.000000000000000000, 0.000000000000000000, 0.000000000000000000 ) ) ;
#384 = CARTESIAN_POINT ( 'NONE',  ( 0.1749999999999999889, 0.000000000000000000, 0.000000000000000000 ) ) ;
#385 = DIRECTION ( 'NONE',  ( 0.000000000000000000, 0.000000000000000000, -1.000000000000000000 ) ) ;
#386 = DIRECTION ( 'NONE',  ( 0.000000000000000000, -1.000000000000000000, 0.000000000000000000 ) ) ;
#387 = FACE_OUTER_BOUND ( 'NONE', #222, .T. ) ;
#388 = EDGE_CURVE ( 'NONE', #948, #1015, #1339, .T. ) ;
#389 = ORIENTED_EDGE ( 'NONE', *, *, #1106, .F. ) ;
#390 = VERTEX_POINT ( 'NONE', #1561 ) ;
#391 = LINE ( 'NONE', #1093, #485 ) ;
#392 = CARTESIAN_POINT ( 'NONE',  ( -0.01031731200000000036, 0.1499999999999999944, 0.000000000000000000 ) ) ;
#393 = DIRECTION ( 'NONE',  ( 0.000000000000000000, 0.000000000000000000, -1.000000000000000000 ) ) ;
#394 = SHAPE_REPRESENTATION_RELATIONSHIP ( 'NONE' , 'NONE' ,  #1290, #2227 ) ;
#395 = LINE ( 'NONE', #1238, #1074 ) ;
#396 = EDGE_CURVE ( 'NONE', #1307, #1274, #1401, .T. ) ;
#397 = CARTESIAN_POINT ( 'NONE',  ( -0.5000000000000000000, 0.1800000000000000211, 0.000000000000000000 ) ) ;
#398 = PLANE ( 'NONE',  #1695 ) ;
#399 = ORIENTED_EDGE ( 'NONE', *, *, #726, .T. ) ;
#400 = ORIENTED_EDGE ( 'NONE', *, *, #1681, .F. ) ;
#401 = CARTESIAN_POINT ( 'NONE',  ( -0.5000000000000000000, 0.1800000000000000211, 0.07000000002499999485 ) ) ;
#402 = DIRECTION ( 'NONE',  ( 0.000000000000000000, 1.000000000000000000, 0.000000000000000000 ) ) ;
#403 = AXIS2_PLACEMENT_3D ( 'NONE', #426, #1136, #1368 ) ;
#404 = FACE_OUTER_BOUND ( 'NONE', #447, .T. ) ;
#405 = PRODUCT_DEFINITION_SHAPE ( 'NONE', 'NONE',  #1371 ) ;
#406 = FACE_OUTER_BOUND ( 'NONE', #639, .T. ) ;
#407 = LINE ( 'NONE', #1283, #1647 ) ;
#408 = CARTESIAN_POINT ( 'NONE',  ( 0.05396747899999997794, -0.06568066598766375552, 0.1499999999999999944 ) ) ;
#409 = AXIS2_PLACEMENT_3D ( 'NONE', #897, #2115, #1110 ) ;
#410 = EDGE_LOOP ( 'NONE', ( #313, #527, #1571, #731 ) ) ;
#411 = PRESENTATION_LAYER_ASSIGNMENT (  '', '', ( #2244 ) ) ;
#412 = EDGE_CURVE ( 'NONE', #359, #1914, #1380, .T. ) ;
#413 = ORIENTED_EDGE ( 'NONE', *, *, #882, .T. ) ;
#414 = COLOUR_RGB ( '',1.000000000000000000, 0.5019607843137254832, 0.000000000000000000 ) ;
#415 = CYLINDRICAL_SURFACE ( 'NONE', #1372, 0.1300000000000000044 ) ;
#416 = SHAPE_DEFINITION_REPRESENTATION ( #405, #748 ) ;
#417 = AXIS2_PLACEMENT_3D ( 'NONE', #903, #30, #729 ) ;
#418 = DIRECTION ( 'NONE',  ( -1.000000000000000000, 0.000000000000000000, 0.000000000000000000 ) ) ;
#419 = SHAPE_REPRESENTATION ( 'Part_1', ( #1770 ), #1108 ) ;
#420 = DIRECTION ( 'NONE',  ( 0.000000000000000000, 0.000000000000000000, 1.000000000000000000 ) ) ;
#421 = FILL_AREA_STYLE ('',( #1660 ) ) ;
#422 = ORIENTED_EDGE ( 'NONE', *, *, #102, .T. ) ;
#423 = VERTEX_POINT ( 'NONE', #1944 ) ;
#424 = DIRECTION ( 'NONE',  ( 0.000000000000000000, 1.000000000000000000, 0.000000000000000000 ) ) ;
#425 = VERTEX_POINT ( 'NONE', #1235 ) ;
#426 = CARTESIAN_POINT ( 'NONE',  ( -0.5000000000000000000, 0.2500000000000000000, 0.3200000000000000067 ) ) ;
#427 = DIRECTION ( 'NONE',  ( 0.5735764359609476504, 7.024285463659214314E-17, -0.8191520445621415236 ) ) ;
#428 = CONTEXT_DEPENDENT_SHAPE_REPRESENTATION ( #1818, #1981 ) ;
#429 = EDGE_CURVE ( 'NONE', #2021, #1152, #37, .T. ) ;
#430 = ADVANCED_FACE ( 'NONE', ( #194 ), #1684, .T. ) ;
#431 = DIRECTION ( 'NONE',  ( 0.000000000000000000, -1.000000000000000000, 0.000000000000000000 ) ) ;
#432 = DIRECTION ( 'NONE',  ( 0.000000000000000000, 1.000000000000000000, 0.000000000000000000 ) ) ;
#433 = FILL_AREA_STYLE ('',( #968 ) ) ;
#434 = CARTESIAN_POINT ( 'NONE',  ( 0.000000000000000000, 0.000000000000000000, 0.2300000000000000100 ) ) ;
#435 = ORIENTED_EDGE ( 'NONE', *, *, #1353, .F. ) ;
#436 = ORIENTED_EDGE ( 'NONE', *, *, #1345, .F. ) ;
#437 = PLANE ( 'NONE',  #374 ) ;
#438 = ORIENTED_EDGE ( 'NONE', *, *, #711, .F. ) ;
#439 = CARTESIAN_POINT ( 'NONE',  ( -0.04609349925165731610, -0.05780668599999999602, 0.2400000000000000189 ) ) ;
#440 = EDGE_CURVE ( 'NONE', #2022, #1359, #1516, .T. ) ;
#441 = CARTESIAN_POINT ( 'NONE',  ( -0.02063462419640510123, 0.000000000000000000, -0.03000000000000000236 ) ) ;
#442 = DIRECTION ( 'NONE',  ( -1.000000000000000000, 0.000000000000000000, 0.000000000000000000 ) ) ;
#443 = VECTOR ( 'NONE', #1249, 1000.000000000000000 ) ;
#444 = CARTESIAN_POINT ( 'NONE',  ( -0.5500000000000000444, -0.2999999999999999889, 0.000000000000000000 ) ) ;
#445 = SURFACE_STYLE_USAGE ( .BOTH. , #339 ) ;
#446 = ORIENTED_EDGE ( 'NONE', *, *, #412, .F. ) ;
#447 = EDGE_LOOP ( 'NONE', ( #108, #2193, #1408, #1164 ) ) ;
#448 = AXIS2_PLACEMENT_3D ( 'NONE', #1731, #336, #2229 ) ;
#449 = ORIENTED_EDGE ( 'NONE', *, *, #1678, .F. ) ;
#450 = LINE ( 'NONE', #73, #295 ) ;
#451 = COLOUR_RGB ( '',0.000000000000000000, 0.000000000000000000, 1.000000000000000000 ) ;
#452 = CONTEXT_DEPENDENT_SHAPE_REPRESENTATION ( #515, #928 ) ;
#453 = ADVANCED_FACE ( 'NONE', ( #503 ), #1933, .F. ) ;
#454 = LINE ( 'NONE', #1158, #1508 ) ;
#455 = CARTESIAN_POINT ( 'NONE',  ( -0.08968494500000000202, -0.08968494500000000202, 0.1499999999999999944 ) ) ;
#456 = CARTESIAN_POINT ( 'NONE',  ( 0.01860998999999999987, -0.04321235850000000600, 0.2500000000000000000 ) ) ;
#457 = AXIS2_PLACEMENT_3D ( 'NONE', #707, #135, #832 ) ;
#458 = DIRECTION ( 'NONE',  ( 0.000000000000000000, 0.000000000000000000, 1.000000000000000000 ) ) ;
#459 = VERTEX_POINT ( 'NONE', #1552 ) ;
#460 = ORIENTED_EDGE ( 'NONE', *, *, #412, .T. ) ;
#461 = EDGE_CURVE ( 'NONE', #1662, #1251, #894, .T. ) ;
#462 = ADVANCED_FACE ( 'NONE', ( #2114 ), #6, .F. ) ;
#463 = CARTESIAN_POINT ( 'NONE',  ( -0.5000000000000000000, -0.2500000000000000000, 0.000000000000000000 ) ) ;
#464 = VERTEX_POINT ( 'NONE', #514 ) ;
#465 =( NAMED_UNIT ( * ) SI_UNIT ( $, .STERADIAN. ) SOLID_ANGLE_UNIT ( ) );
#466 =( NAMED_UNIT ( * ) SI_UNIT ( $, .STERADIAN. ) SOLID_ANGLE_UNIT ( ) );
#467 = DIRECTION ( 'NONE',  ( 0.000000000000000000, 0.000000000000000000, 1.000000000000000000 ) ) ;
#468 =( GEOMETRIC_REPRESENTATION_CONTEXT ( 3 ) GLOBAL_UNCERTAINTY_ASSIGNED_CONTEXT ( ( #185 ) ) GLOBAL_UNIT_ASSIGNED_CONTEXT ( ( #100, #80, #121 ) ) REPRESENTATION_CONTEXT ( 'NONE', 'WORKASPACE' ) );
#469 =( NAMED_UNIT ( * ) PLANE_ANGLE_UNIT ( ) SI_UNIT ( $, .RADIAN. ) );
#470 = EDGE_CURVE ( 'NONE', #2022, #1464, #1224, .T. ) ;
#471 = EDGE_CURVE ( 'NONE', #1868, #791, #1545, .T. ) ;
#472 = PRESENTATION_STYLE_ASSIGNMENT (( #1858 ) ) ;
#473 = VERTEX_POINT ( 'NONE', #574 ) ;
#474 = ORIENTED_EDGE ( 'NONE', *, *, #874, .F. ) ;
#475 = PLANE ( 'NONE',  #745 ) ;
#476 = PLANE ( 'NONE',  #448 ) ;
#477 = DIRECTION ( 'NONE',  ( 0.000000000000000000, 0.000000000000000000, 1.000000000000000000 ) ) ;
#478 = PLANE ( 'NONE',  #1143 ) ;
#479 = ORIENTED_EDGE ( 'NONE', *, *, #32, .F. ) ;
#480 = CIRCLE ( 'NONE', #338, 0.1300000000000000044 ) ;
#481 = FILL_AREA_STYLE_COLOUR ( '', #1952 ) ;
#482 = ORIENTED_EDGE ( 'NONE', *, *, #2194, .T. ) ;
#483 = CARTESIAN_POINT ( 'NONE',  ( -0.5500000000000000444, -0.2999999999999999889, -0.03000000000000000236 ) ) ;
#484 = PRODUCT_RELATED_PRODUCT_CATEGORY ( 'part', '', ( #1867 ) ) ;
#485 = VECTOR ( 'NONE', #1775, 1000.000000000000000 ) ;
#486 = AXIS2_PLACEMENT_3D ( 'NONE', #1536, #1041, #2066 ) ;
#487 = AXIS2_PLACEMENT_3D ( 'NONE', #2063, #477, #653 ) ;
#488 = CARTESIAN_POINT ( 'NONE',  ( 0.03235174450000000146, -0.02861803100000000211, 0.2500000000000000000 ) ) ;
#489 = CARTESIAN_POINT ( 'NONE',  ( 0.5000000000000000000, -0.2500000000000000000, 0.07499999999999999722 ) ) ;
#490 = LINE ( 'NONE', #1558, #1533 ) ;
#491 = VERTEX_POINT ( 'NONE', #1137 ) ;
#492 = CYLINDRICAL_SURFACE ( 'NONE', #1185, 0.1300000000000000044 ) ;
#493 = ORIENTED_EDGE ( 'NONE', *, *, #470, .T. ) ;
#494 = CARTESIAN_POINT ( 'NONE',  ( -0.4299999999999999933, 0.2500000000000000000, 0.07499999999999999722 ) ) ;
#495 = EDGE_CURVE ( 'NONE', #2, #1386, #562, .T. ) ;
#496 = ADVANCED_FACE ( 'NONE', ( #1966 ), #225, .F. ) ;
#497 =( LENGTH_UNIT ( ) NAMED_UNIT ( * ) SI_UNIT ( .MILLI., .METRE. ) );
#498 = CARTESIAN_POINT ( 'NONE',  ( 0.5000000000000000000, 0.000000000000000000, 0.3200000000000000067 ) ) ;
#499 = ORIENTED_EDGE ( 'NONE', *, *, #1750, .F. ) ;
#500 = ORIENTED_EDGE ( 'NONE', *, *, #2194, .F. ) ;
#501 = CARTESIAN_POINT ( 'NONE',  ( -0.5000000000000000000, -0.2500000000000000000, 0.1499999999999999944 ) ) ;
#502 = DIRECTION ( 'NONE',  ( 0.000000000000000000, 0.000000000000000000, 1.000000000000000000 ) ) ;
#503 = FACE_OUTER_BOUND ( 'NONE', #43, .T. ) ;
#504 = FILL_AREA_STYLE ('',( #1752 ) ) ;
#505 = SHAPE_REPRESENTATION_RELATIONSHIP ( 'NONE' , 'NONE' ,  #661, #1699 ) ;
#506 = FACE_OUTER_BOUND ( 'NONE', #975, .T. ) ;
#507 = DIRECTION ( 'NONE',  ( 0.000000000000000000, 0.000000000000000000, -1.000000000000000000 ) ) ;
#508 = EDGE_LOOP ( 'NONE', ( #1286, #482, #947, #1264 ) ) ;
#509 = VECTOR ( 'NONE', #2207, 1000.000000000000000 ) ;
#510 = ORIENTED_EDGE ( 'NONE', *, *, #601, .T. ) ;
#511 = PRODUCT_DEFINITION_FORMATION_WITH_SPECIFIED_SOURCE ( 'ANY', '', #1889, .NOT_KNOWN. ) ;
#512 = LINE ( 'NONE', #862, #563 ) ;
#513 = PRESENTATION_STYLE_ASSIGNMENT (( #445 ) ) ;
#514 = CARTESIAN_POINT ( 'NONE',  ( 0.4300000000119955090, 0.2499999999712105292, 0.000000000000000000 ) ) ;
#515 =( REPRESENTATION_RELATIONSHIP ('NONE','NONE', #582, #661 ) REPRESENTATION_RELATIONSHIP_WITH_TRANSFORMATION ( #271 )SHAPE_REPRESENTATION_RELATIONSHIP( ) );
#516 = EDGE_CURVE ( 'NONE', #491, #536, #766, .T. ) ;
#517 = MECHANICAL_DESIGN_GEOMETRIC_PRESENTATION_REPRESENTATION (  '', ( #936 ), #1147 ) ;
#518 = VECTOR ( 'NONE', #1378, 1000.000000000000000 ) ;
#519 = STYLED_ITEM ( 'NONE', ( #1165 ), #2091 ) ;
#520 = VECTOR ( 'NONE', #1469, 1000.000000000000000 ) ;
#521 =( NAMED_UNIT ( * ) SI_UNIT ( $, .STERADIAN. ) SOLID_ANGLE_UNIT ( ) );
#522 = FACE_OUTER_BOUND ( 'NONE', #1068, .T. ) ;
#523 = FACE_OUTER_BOUND ( 'NONE', #1319, .T. ) ;
#524 = ORIENTED_EDGE ( 'NONE', *, *, #874, .T. ) ;
#525 = EDGE_CURVE ( 'NONE', #1522, #1274, #981, .T. ) ;
#526 = UNCERTAINTY_MEASURE_WITH_UNIT (LENGTH_MEASURE( 1.000000000000000082E-05 ), #2033, 'distance_accuracy_value', 'NONE');
#527 = ORIENTED_EDGE ( 'NONE', *, *, #609, .F. ) ;
#528 = MECHANICAL_DESIGN_GEOMETRIC_PRESENTATION_REPRESENTATION (  '', ( #1813 ), #468 ) ;
#529 = DIRECTION ( 'NONE',  ( 0.000000000000000000, 1.000000000000000000, 0.000000000000000000 ) ) ;
#530 = FACE_OUTER_BOUND ( 'NONE', #1444, .T. ) ;
#531 = DIRECTION ( 'NONE',  ( 1.000000000000000000, 0.000000000000000000, 0.000000000000000000 ) ) ;
#532 = CARTESIAN_POINT ( 'NONE',  ( 0.5000000000000000000, 0.000000000000000000, 0.1499999999999999944 ) ) ;
#533 = ADVANCED_FACE ( 'NONE', ( #1421 ), #415, .F. ) ;
#534 = ADVANCED_FACE ( 'NONE', ( #1597 ), #1434, .F. ) ;
#535 = EDGE_LOOP ( 'NONE', ( #557, #672, #1316, #1343, #2111, #836, #389, #1 ) ) ;
#536 = VERTEX_POINT ( 'NONE', #778 ) ;
#537 = LINE ( 'NONE', #1220, #1072 ) ;
#538 = FACE_OUTER_BOUND ( 'NONE', #925, .T. ) ;
#539 = EDGE_CURVE ( 'NONE', #1785, #963, #603, .T. ) ;
#540 = UNCERTAINTY_MEASURE_WITH_UNIT (LENGTH_MEASURE( 1.000000000000000082E-05 ), #123, 'distance_accuracy_value', 'NONE');
#541 = CARTESIAN_POINT ( 'NONE',  ( 0.000000000000000000, 0.000000000000000000, 0.000000000000000000 ) ) ;
#542 = FACE_OUTER_BOUND ( 'NONE', #2057, .T. ) ;
#543 = CYLINDRICAL_SURFACE ( 'NONE', #1075, 0.1300000000000000044 ) ;
#544 = LINE ( 'NONE', #201, #1463 ) ;
#545 = EDGE_CURVE ( 'NONE', #2035, #2247, #1304, .T. ) ;
#546 = EDGE_LOOP ( 'NONE', ( #1130, #938, #916, #648 ) ) ;
#547 = EDGE_LOOP ( 'NONE', ( #1839, #297, #141, #1741 ) ) ;
#548 = AXIS2_PLACEMENT_3D ( 'NONE', #666, #2052, #1362 ) ;
#549 = DIRECTION ( 'NONE',  ( 0.000000000000000000, 1.000000000000000000, 0.000000000000000000 ) ) ;
#550 = CARTESIAN_POINT ( 'NONE',  ( -0.1250000000000000000, 0.2500000000000000000, -0.01500000000000000118 ) ) ;
#551 = PRODUCT_RELATED_PRODUCT_CATEGORY ( 'part', '', ( #684 ) ) ;
#552 =( GEOMETRIC_REPRESENTATION_CONTEXT ( 3 ) GLOBAL_UNCERTAINTY_ASSIGNED_CONTEXT ( ( #623 ) ) GLOBAL_UNIT_ASSIGNED_CONTEXT ( ( #1767, #1753, #196 ) ) REPRESENTATION_CONTEXT ( 'NONE', 'WORKASPACE' ) );
#553 = LINE ( 'NONE', #1796, #266 ) ;
#554 = DIRECTION ( 'NONE',  ( 0.000000000000000000, 0.000000000000000000, -1.000000000000000000 ) ) ;
#555 = AXIS2_PLACEMENT_3D ( 'NONE', #276, #1161, #1855 ) ;
#556 = PLANE ( 'NONE',  #1619 ) ;
#557 = ORIENTED_EDGE ( 'NONE', *, *, #18, .F. ) ;
#558 = ORIENTED_EDGE ( 'NONE', *, *, #1587, .T. ) ;
#559 =( NAMED_UNIT ( * ) PLANE_ANGLE_UNIT ( ) SI_UNIT ( $, .RADIAN. ) );
#560 = APPLICATION_CONTEXT ( 'automotive_design' ) ;
#561 = LINE ( 'NONE', #2140, #1869 ) ;
#562 = LINE ( 'NONE', #257, #1157 ) ;
#563 = VECTOR ( 'NONE', #502, 1000.000000000000000 ) ;
#564 = EDGE_CURVE ( 'NONE', #105, #2085, #1257, .T. ) ;
#565 = FACE_OUTER_BOUND ( 'NONE', #1950, .T. ) ;
#566 = CARTESIAN_POINT ( 'NONE',  ( 0.000000000000000000, 0.000000000000000000, 0.000000000000000000 ) ) ;
#567 = CARTESIAN_POINT ( 'NONE',  ( -0.1250000000000000000, -0.2500000000000000000, -0.01500000000000000118 ) ) ;
#568 = LINE ( 'NONE', #746, #345 ) ;
#569 = PRODUCT_DEFINITION_SHAPE ( 'NONE', 'NONE',  #2250 ) ;
#570 = VERTEX_POINT ( 'NONE', #1707 ) ;
#571 = ORIENTED_EDGE ( 'NONE', *, *, #622, .F. ) ;
#572 = DIRECTION ( 'NONE',  ( -1.000000000000000000, 0.000000000000000000, 0.000000000000000000 ) ) ;
#573 = CARTESIAN_POINT ( 'NONE',  ( -0.1749999999999999889, 0.2500000000000000000, -0.01500000000000000118 ) ) ;
#574 = CARTESIAN_POINT ( 'NONE',  ( 0.01860998999999999987, -0.05780668599999999602, 0.2400000000000000189 ) ) ;
#575 = VECTOR ( 'NONE', #370, 1000.000000000000000 ) ;
#576 = APPLICATION_PROTOCOL_DEFINITION ( 'draft international standard', 'automotive_design', 1998, #1382 ) ;
#577 = PLANE ( 'NONE',  #710 ) ;
#578 = CARTESIAN_POINT ( 'NONE',  ( -0.04609349899999999611, -0.05780668599999999602, 0.2400000000000000189 ) ) ;
#579 = DIRECTION ( 'NONE',  ( -1.000000000000000000, 0.000000000000000000, 0.000000000000000000 ) ) ;
#580 = PRODUCT_RELATED_PRODUCT_CATEGORY ( 'part', '', ( #1906 ) ) ;
#581 = CARTESIAN_POINT ( 'NONE',  ( 0.01860998999999999987, -0.05780668599999999602, 0.2400000000000000189 ) ) ;
#582 = SHAPE_REPRESENTATION ( 'VLMS1500-GS08', ( #1639, #1568, #48, #1394, #2062, #298, #780, #1430, #966 ), #371 ) ;
#583 = ADVANCED_BREP_SHAPE_REPRESENTATION ( '', ( #1876, #856 ), #1031 ) ;
#584 = ORIENTED_EDGE ( 'NONE', *, *, #1926, .T. ) ;
#585 = ORIENTED_EDGE ( 'NONE', *, *, #1483, .T. ) ;
#586 = VECTOR ( 'NONE', #1446, 1000.000000000000000 ) ;
#587 = LINE ( 'NONE', #611, #55 ) ;
#588 = CARTESIAN_POINT ( 'NONE',  ( 0.1043653759999999958, -0.1499999999999999944, 0.000000000000000000 ) ) ;
#589 = APPLICATION_PROTOCOL_DEFINITION ( 'draft international standard', 'automotive_design', 1998, #1854 ) ;
#590 = MECHANICAL_DESIGN_GEOMETRIC_PRESENTATION_REPRESENTATION (  '', ( #997 ), #926 ) ;
#591 = PRODUCT_DEFINITION_SHAPE ( 'NONE', 'NONE',  #900 ) ;
#592 =( GEOMETRIC_REPRESENTATION_CONTEXT ( 3 ) GLOBAL_UNCERTAINTY_ASSIGNED_CONTEXT ( ( #351 ) ) GLOBAL_UNIT_ASSIGNED_CONTEXT ( ( #2222, #1011, #1721 ) ) REPRESENTATION_CONTEXT ( 'NONE', 'WORKASPACE' ) );
#593 = FACE_OUTER_BOUND ( 'NONE', #296, .T. ) ;
#594 = LINE ( 'NONE', #787, #898 ) ;
#595 = VECTOR ( 'NONE', #1004, 1000.000000000000000 ) ;
#596 = ORIENTED_EDGE ( 'NONE', *, *, #1289, .T. ) ;
#597 = VECTOR ( 'NONE', #156, 1000.000000000000000 ) ;
#598 = ORIENTED_EDGE ( 'NONE', *, *, #1272, .T. ) ;
#599 = VECTOR ( 'NONE', #78, 1000.000000000000000 ) ;
#600 =( NAMED_UNIT ( * ) SI_UNIT ( $, .STERADIAN. ) SOLID_ANGLE_UNIT ( ) );
#601 = EDGE_CURVE ( 'NONE', #1509, #2021, #512, .T. ) ;
#602 =( LENGTH_UNIT ( ) NAMED_UNIT ( * ) SI_UNIT ( .MILLI., .METRE. ) );
#603 = LINE ( 'NONE', #550, #869 ) ;
#604 = DIRECTION ( 'NONE',  ( 0.000000000000000000, -1.000000000000000000, 0.000000000000000000 ) ) ;
#605 = DIRECTION ( 'NONE',  ( 0.000000000000000000, -1.000000000000000000, 0.000000000000000000 ) ) ;
#606 =( LENGTH_UNIT ( ) NAMED_UNIT ( * ) SI_UNIT ( .MILLI., .METRE. ) );
#607 = LINE ( 'NONE', #262, #58 ) ;
#608 = VERTEX_POINT ( 'NONE', #1221 ) ;
#609 = EDGE_CURVE ( 'NONE', #1017, #2022, #1746, .T. ) ;
#610 = ORIENTED_EDGE ( 'NONE', *, *, #471, .F. ) ;
#611 = CARTESIAN_POINT ( 'NONE',  ( 0.5000000000000000000, 0.000000000000000000, -0.03000000000000000236 ) ) ;
#612 = ORIENTED_EDGE ( 'NONE', *, *, #1848, .T. ) ;
#613 = DIRECTION ( 'NONE',  ( -1.000000000000000000, 0.000000000000000000, 0.000000000000000000 ) ) ;
#614 = SHAPE_DEFINITION_REPRESENTATION ( #591, #661 ) ;
#615 = CARTESIAN_POINT ( 'NONE',  ( -0.4299999999945015028, -0.2500000000131959998, -0.01500000000000000118 ) ) ;
#616 = FACE_OUTER_BOUND ( 'NONE', #546, .T. ) ;
#617 = SURFACE_SIDE_STYLE ('',( #2189 ) ) ;
#618 = CARTESIAN_POINT ( 'NONE',  ( 0.5000000000000000000, -0.2500000000000000000, 0.07000000002499999485 ) ) ;
#619 = FILL_AREA_STYLE_COLOUR ( '', #749 ) ;
#620 = VERTEX_POINT ( 'NONE', #1718 ) ;
#621 = ORIENTED_EDGE ( 'NONE', *, *, #102, .F. ) ;
#622 = EDGE_CURVE ( 'NONE', #1032, #2157, #1732, .T. ) ;
#623 = UNCERTAINTY_MEASURE_WITH_UNIT (LENGTH_MEASURE( 1.000000000000000082E-05 ), #1767, 'distance_accuracy_value', 'NONE');
#624 = DIRECTION ( 'NONE',  ( 0.000000000000000000, 0.000000000000000000, -1.000000000000000000 ) ) ;
#625 = ORIENTED_EDGE ( 'NONE', *, *, #155, .F. ) ;
#626 = DIRECTION ( 'NONE',  ( 0.000000000000000000, -1.000000000000000000, 0.000000000000000000 ) ) ;
#627 = VECTOR ( 'NONE', #1234, 1000.000000000000000 ) ;
#628 = APPLICATION_PROTOCOL_DEFINITION ( 'draft international standard', 'automotive_design', 1998, #63 ) ;
#629 = CARTESIAN_POINT ( 'NONE',  ( -0.5000000000000000000, 0.000000000000000000, -0.03000000000000000236 ) ) ;
#630 = LINE ( 'NONE', #955, #1328 ) ;
#631 = CARTESIAN_POINT ( 'NONE',  ( 0.04609349899999999611, -0.05780668599999999602, 0.2400000000000000189 ) ) ;
#632 = CARTESIAN_POINT ( 'NONE',  ( 0.5500000000000000444, 0.2999999999999999889, 0.000000000000000000 ) ) ;
#633 = CARTESIAN_POINT ( 'NONE',  ( -0.5000000000000000000, -0.2500000000000000000, 0.1499999999999999944 ) ) ;
#634 = ORIENTED_EDGE ( 'NONE', *, *, #516, .T. ) ;
#635 = EDGE_LOOP ( 'NONE', ( #1772, #1689, #2236, #692 ) ) ;
#636 = STYLED_ITEM ( 'NONE', ( #242 ), #1713 ) ;
#637 = AXIS2_PLACEMENT_3D ( 'NONE', #1034, #328, #671 ) ;
#638 = FILL_AREA_STYLE ('',( #481 ) ) ;
#639 = EDGE_LOOP ( 'NONE', ( #1973, #1482, #335, #1406 ) ) ;
#640 = CARTESIAN_POINT ( 'NONE',  ( 0.4300000000239914688, 0.2499999999424210029, -0.01500000000000000118 ) ) ;
#641 = VECTOR ( 'NONE', #1663, 1000.000000000000000 ) ;
#642 = VECTOR ( 'NONE', #1937, 1000.000000000000000 ) ;
#643 = EDGE_CURVE ( 'NONE', #82, #1675, #5, .T. ) ;
#644 = ADVANCED_FACE ( 'NONE', ( #319 ), #154, .F. ) ;
#645 = CARTESIAN_POINT ( 'NONE',  ( 0.03235174450000000146, -0.05780668599999999602, 0.2400000000000000189 ) ) ;
#646 = VECTOR ( 'NONE', #1938, 1000.000000000000000 ) ;
#647 = SHAPE_REPRESENTATION_RELATIONSHIP ( 'NONE' , 'NONE' ,  #419, #76 ) ;
#648 = ORIENTED_EDGE ( 'NONE', *, *, #2092, .F. ) ;
#649 = EDGE_LOOP ( 'NONE', ( #1317, #400, #1834, #1528, #316, #1583, #679, #571 ) ) ;
#650 = EDGE_LOOP ( 'NONE', ( #1216, #973, #1593, #1744 ) ) ;
#651 = DIRECTION ( 'NONE',  ( 0.000000000000000000, 0.000000000000000000, -1.000000000000000000 ) ) ;
#652 =( REPRESENTATION_RELATIONSHIP ('NONE','NONE', #582, #1212 ) REPRESENTATION_RELATIONSHIP_WITH_TRANSFORMATION ( #1976 )SHAPE_REPRESENTATION_RELATIONSHIP( ) );
#653 = DIRECTION ( 'NONE',  ( -1.000000000000000000, 0.000000000000000000, 0.000000000000000000 ) ) ;
#654 = PRESENTATION_LAYER_ASSIGNMENT (  '', '', ( #1553 ) ) ;
#655 = SURFACE_SIDE_STYLE ('',( #665 ) ) ;
#656 = EDGE_CURVE ( 'NONE', #1080, #1815, #1209, .T. ) ;
#657 = ORIENTED_EDGE ( 'NONE', *, *, #18, .T. ) ;
#658 = ORIENTED_EDGE ( 'NONE', *, *, #1518, .T. ) ;
#659 = CARTESIAN_POINT ( 'NONE',  ( -0.4299999999999999933, 0.2500000000000000000, 0.07000000002499999485 ) ) ;
#660 = DIRECTION ( 'NONE',  ( 1.000000000000000000, 0.000000000000000000, 0.000000000000000000 ) ) ;
#661 = SHAPE_REPRESENTATION ( 'C281-1', ( #856 ), #1293 ) ;
#662 = PRODUCT_DEFINITION_SHAPE ( 'NONE', 'NONE',  #2252 ) ;
#663 = SURFACE_SIDE_STYLE ('',( #2049 ) ) ;
#664 = PRODUCT_DEFINITION_SHAPE ( 'NONE', 'NONE',  #994 ) ;
#665 = SURFACE_STYLE_FILL_AREA ( #1924 ) ;
#666 = CARTESIAN_POINT ( 'NONE',  ( -0.5000000000000000000, -0.2500000000000000000, 0.000000000000000000 ) ) ;
#667 = ORIENTED_EDGE ( 'NONE', *, *, #681, .F. ) ;
#668 = VECTOR ( 'NONE', #427, 1000.000000000000114 ) ;
#669 = CARTESIAN_POINT ( 'NONE',  ( -0.02063462400000000072, -0.1499999999999999944, -0.01500000000000000118 ) ) ;
#670 = ORIENTED_EDGE ( 'NONE', *, *, #1027, .T. ) ;
#671 = DIRECTION ( 'NONE',  ( -1.000000000000000000, 0.000000000000000000, 0.000000000000000000 ) ) ;
#672 = ORIENTED_EDGE ( 'NONE', *, *, #882, .F. ) ;
#673 = VECTOR ( 'NONE', #1534, 1000.000000000000000 ) ;
#674 = ADVANCED_FACE ( 'NONE', ( #1008 ), #15, .T. ) ;
#675 = CIRCLE ( 'NONE', #1007, 0.01605682499999999679 ) ;
#676 = DIRECTION ( 'NONE',  ( -1.000000000000000000, 0.000000000000000000, 0.000000000000000000 ) ) ;
#677 = CARTESIAN_POINT ( 'NONE',  ( -0.5000000000000000000, -0.2500000000000000000, 0.1499999999999999944 ) ) ;
#678 = PLANE ( 'NONE',  #548 ) ;
#679 = ORIENTED_EDGE ( 'NONE', *, *, #1144, .F. ) ;
#680 = DIRECTION ( 'NONE',  ( 0.000000000000000000, 0.000000000000000000, -1.000000000000000000 ) ) ;
#681 = EDGE_CURVE ( 'NONE', #2085, #1621, #1243, .T. ) ;
#682 = EDGE_LOOP ( 'NONE', ( #71, #763, #474, #2169 ) ) ;
#683 = CARTESIAN_POINT ( 'NONE',  ( -0.02063462419640510123, 0.000000000000000000, 0.000000000000000000 ) ) ;
#684 = PRODUCT ( 'C281-1', 'C281-1', '', ( #990 ) ) ;
#685 = DIRECTION ( 'NONE',  ( 0.000000000000000000, 0.000000000000000000, -1.000000000000000000 ) ) ;
#686 = PRESENTATION_STYLE_ASSIGNMENT (( #1314 ) ) ;
#687 = APPLICATION_CONTEXT ( 'automotive_design' ) ;
#688 = DIRECTION ( 'NONE',  ( 0.000000000000000000, 0.000000000000000000, 1.000000000000000000 ) ) ;
#689 =( NAMED_UNIT ( * ) PLANE_ANGLE_UNIT ( ) SI_UNIT ( $, .RADIAN. ) );
#690 = ORIENTED_EDGE ( 'NONE', *, *, #681, .T. ) ;
#691 = EDGE_LOOP ( 'NONE', ( #1047, #158, #2135, #904, #1519, #237, #500, #1119 ) ) ;
#692 = ORIENTED_EDGE ( 'NONE', *, *, #134, .T. ) ;
#693 = EDGE_CURVE ( 'NONE', #1875, #1032, #922, .T. ) ;
#694 = ORIENTED_EDGE ( 'NONE', *, *, #1997, .T. ) ;
#695 = CARTESIAN_POINT ( 'NONE',  ( -0.1749999999999999889, 0.000000000000000000, 0.000000000000000000 ) ) ;
#696 = CARTESIAN_POINT ( 'NONE',  ( -0.5000000000000000000, -0.2500000000000000000, 0.000000000000000000 ) ) ;
#697 = PRESENTATION_STYLE_ASSIGNMENT (( #1350 ) ) ;
#698 = DIRECTION ( 'NONE',  ( 1.000000000000000000, 0.000000000000000000, 0.000000000000000000 ) ) ;
#699 = STYLED_ITEM ( 'NONE', ( #513 ), #674 ) ;
#700 = CARTESIAN_POINT ( 'NONE',  ( 0.1043653759999999958, 0.1499999999999999944, -0.03000000000000000236 ) ) ;
#701 = EDGE_CURVE ( 'NONE', #1727, #1675, #1267, .T. ) ;
#702 = EDGE_CURVE ( 'NONE', #1896, #1727, #561, .T. ) ;
#703 = CARTESIAN_POINT ( 'NONE',  ( -0.5000000000000000000, 0.000000000000000000, 0.3200000000000000067 ) ) ;
#704 = VECTOR ( 'NONE', #1256, 1000.000000000000000 ) ;
#705 = LINE ( 'NONE', #35, #1435 ) ;
#706 = CYLINDRICAL_SURFACE ( 'NONE', #1500, 0.01605682499999999679 ) ;
#707 = CARTESIAN_POINT ( 'NONE',  ( 0.5000000000000000000, -0.2500000000000000000, -0.03000000000000000236 ) ) ;
#708 = UNCERTAINTY_MEASURE_WITH_UNIT (LENGTH_MEASURE( 1.000000000000000082E-05 ), #1909, 'distance_accuracy_value', 'NONE');
#709 =( NAMED_UNIT ( * ) PLANE_ANGLE_UNIT ( ) SI_UNIT ( $, .RADIAN. ) );
#710 = AXIS2_PLACEMENT_3D ( 'NONE', #2125, #1576, #1279 ) ;
#711 = EDGE_CURVE ( 'NONE', #1603, #1896, #369, .T. ) ;
#712 = EDGE_CURVE ( 'NONE', #2053, #390, #1903, .T. ) ;
#713 = VECTOR ( 'NONE', #2094, 1000.000000000000000 ) ;
#714 = SHAPE_REPRESENTATION_RELATIONSHIP ( 'NONE' , 'NONE' ,  #2149, #583 ) ;
#715 = CARTESIAN_POINT ( 'NONE',  ( -0.5000000000000000000, 0.1800000000000000211, 0.000000000000000000 ) ) ;
#716 = DIRECTION ( 'NONE',  ( 0.000000000000000000, 0.000000000000000000, 1.000000000000000000 ) ) ;
#717 = ADVANCED_FACE ( 'NONE', ( #538 ), #1070, .F. ) ;
#718 = ORIENTED_EDGE ( 'NONE', *, *, #1960, .F. ) ;
#719 = UNCERTAINTY_MEASURE_WITH_UNIT (LENGTH_MEASURE( 1.000000000000000082E-05 ), #1892, 'distance_accuracy_value', 'NONE');
#720 = ORIENTED_EDGE ( 'NONE', *, *, #1192, .T. ) ;
#721 = MECHANICAL_DESIGN_GEOMETRIC_PRESENTATION_REPRESENTATION (  '', ( #1403 ), #243 ) ;
#722 = FACE_OUTER_BOUND ( 'NONE', #822, .T. ) ;
#723 = DIRECTION ( 'NONE',  ( 0.000000000000000000, -1.000000000000000000, 0.000000000000000000 ) ) ;
#724 =( NAMED_UNIT ( * ) PLANE_ANGLE_UNIT ( ) SI_UNIT ( $, .RADIAN. ) );
#725 = DIRECTION ( 'NONE',  ( 0.000000000000000000, 1.000000000000000000, 0.000000000000000000 ) ) ;
#726 = EDGE_CURVE ( 'NONE', #570, #1017, #753, .T. ) ;
#727 = PRODUCT_RELATED_PRODUCT_CATEGORY ( 'part', '', ( #1014 ) ) ;
#728 = DIRECTION ( 'NONE',  ( -1.000000000000000000, 0.000000000000000000, 0.000000000000000000 ) ) ;
#729 = DIRECTION ( 'NONE',  ( 0.000000000000000000, 0.000000000000000000, 1.000000000000000000 ) ) ;
#730 = ORIENTED_EDGE ( 'NONE', *, *, #1635, .F. ) ;
#731 = ORIENTED_EDGE ( 'NONE', *, *, #1932, .T. ) ;
#732 = CYLINDRICAL_SURFACE ( 'NONE', #1035, 0.1300000000000000044 ) ;
#733 = DIRECTION ( 'NONE',  ( 0.000000000000000000, 1.000000000000000000, 0.000000000000000000 ) ) ;
#734 =( NAMED_UNIT ( * ) SI_UNIT ( $, .STERADIAN. ) SOLID_ANGLE_UNIT ( ) );
#735 = CARTESIAN_POINT ( 'NONE',  ( -0.3375000000000000222, 0.2500000000000000000, -0.03000000000000000236 ) ) ;
#736 = FACE_OUTER_BOUND ( 'NONE', #223, .T. ) ;
#737 = DIRECTION ( 'NONE',  ( 0.000000000000000000, 0.000000000000000000, -1.000000000000000000 ) ) ;
#738 = EDGE_LOOP ( 'NONE', ( #255, #2182, #1487 ) ) ;
#739 = ADVANCED_FACE ( 'NONE', ( #530 ), #1061, .F. ) ;
#740 = ORIENTED_EDGE ( 'NONE', *, *, #609, .T. ) ;
#741 = CARTESIAN_POINT ( 'NONE',  ( 0.04609349899999999611, -0.05780668599999999602, 0.2500000000000000000 ) ) ;
#742 = AXIS2_PLACEMENT_3D ( 'NONE', #1964, #1409, #1069 ) ;
#743 = DIRECTION ( 'NONE',  ( 0.000000000000000000, 0.000000000000000000, -1.000000000000000000 ) ) ;
#744 = DIRECTION ( 'NONE',  ( 0.000000000000000000, -1.000000000000000000, 0.000000000000000000 ) ) ;
#745 = AXIS2_PLACEMENT_3D ( 'NONE', #463, #2054, #2038 ) ;
#746 = CARTESIAN_POINT ( 'NONE',  ( -0.02063462400000000072, -0.2500000000000000000, -0.01500000000000000118 ) ) ;
#747 = VECTOR ( 'NONE', #2154, 1000.000000000000000 ) ;
#748 = SHAPE_REPRESENTATION ( 'C281-3', ( #856 ), #782 ) ;
#749 = COLOUR_RGB ( '',0.000000000000000000, 1.000000000000000000, 0.000000000000000000 ) ;
#750 = VERTEX_POINT ( 'NONE', #1762 ) ;
#751 = ORIENTED_EDGE ( 'NONE', *, *, #1940, .T. ) ;
#752 = FILL_AREA_STYLE ('',( #368 ) ) ;
#753 = LINE ( 'NONE', #1778, #120 ) ;
#754 = CARTESIAN_POINT ( 'NONE',  ( -0.5500000000000000444, 0.2999999999999999889, 0.000000000000000000 ) ) ;
#755 = AXIS2_PLACEMENT_3D ( 'NONE', #184, #884, #1989 ) ;
#756 = CARTESIAN_POINT ( 'NONE',  ( 0.000000000000000000, 0.000000000000000000, 0.000000000000000000 ) ) ;
#757 = FILL_AREA_STYLE_COLOUR ( '', #2243 ) ;
#758 = CARTESIAN_POINT ( 'NONE',  ( 0.4647899999999999809, 0.2500000000000000000, 0.06999999999999999278 ) ) ;
#759 = CARTESIAN_POINT ( 'NONE',  ( -0.02404652300000000020, 0.03672811600000000509, 0.2500000000000000000 ) ) ;
#760 = DIRECTION ( 'NONE',  ( 1.000000000000000000, 0.000000000000000000, 0.000000000000000000 ) ) ;
#761 = PRODUCT ( 'C281-3', 'C281-3', '', ( #117 ) ) ;
#762 = VERTEX_POINT ( 'NONE', #1107 ) ;
#763 = ORIENTED_EDGE ( 'NONE', *, *, #4, .F. ) ;
#764 = DIRECTION ( 'NONE',  ( 0.000000000000000000, -1.000000000000000000, 0.000000000000000000 ) ) ;
#765 = CARTESIAN_POINT ( 'NONE',  ( 0.000000000000000000, 0.000000000000000000, 0.1500000000000944744 ) ) ;
#766 = LINE ( 'NONE', #2160, #1442 ) ;
#767 = VECTOR ( 'NONE', #467, 1000.000000000000000 ) ;
#768 = SHAPE_DEFINITION_REPRESENTATION ( #1717, #45 ) ;
#769 = CLOSED_SHELL ( 'NONE', ( #2091, #1668, #1713, #674, #1299, #2060 ) ) ;
#770 = DIRECTION ( 'NONE',  ( -1.000000000000000000, 0.000000000000000000, 0.000000000000000000 ) ) ;
#771 =( LENGTH_UNIT ( ) NAMED_UNIT ( * ) SI_UNIT ( .MILLI., .METRE. ) );
#772 =( NAMED_UNIT ( * ) PLANE_ANGLE_UNIT ( ) SI_UNIT ( $, .RADIAN. ) );
#773 = EDGE_CURVE ( 'NONE', #1198, #2134, #941, .T. ) ;
#774 = EDGE_LOOP ( 'NONE', ( #288, #1902, #905, #1825, #499, #1395 ) ) ;
#775 = ORIENTED_EDGE ( 'NONE', *, *, #656, .T. ) ;
#776 =( NAMED_UNIT ( * ) PLANE_ANGLE_UNIT ( ) SI_UNIT ( $, .RADIAN. ) );
#777 = DIRECTION ( 'NONE',  ( 0.000000000000000000, 0.000000000000000000, -1.000000000000000000 ) ) ;
#778 = CARTESIAN_POINT ( 'NONE',  ( -0.1250000000000000000, -0.2500000000000000000, 0.000000000000000000 ) ) ;
#779 = APPLICATION_PROTOCOL_DEFINITION ( 'draft international standard', 'automotive_design', 1998, #1227 ) ;
#780 = AXIS2_PLACEMENT_3D ( 'NONE', #541, #1795, #1788 ) ;
#781 = ADVANCED_BREP_SHAPE_REPRESENTATION ( '', ( #1103, #856 ), #1322 ) ;
#782 =( GEOMETRIC_REPRESENTATION_CONTEXT ( 3 ) GLOBAL_UNCERTAINTY_ASSIGNED_CONTEXT ( ( #190 ) ) GLOBAL_UNIT_ASSIGNED_CONTEXT ( ( #1738, #1202, #1555 ) ) REPRESENTATION_CONTEXT ( 'NONE', 'WORKASPACE' ) );
#783 = ADVANCED_FACE ( 'NONE', ( #1433 ), #193, .F. ) ;
#784 = CARTESIAN_POINT ( 'NONE',  ( 0.5000000000000000000, 0.2500000000000000000, 0.1499999999999999944 ) ) ;
#785 = PRESENTATION_STYLE_ASSIGNMENT (( #1160 ) ) ;
#786 = LINE ( 'NONE', #984, #1365 ) ;
#787 = CARTESIAN_POINT ( 'NONE',  ( -0.4299999999999999933, -0.2500000000000000000, 0.07499999999999999722 ) ) ;
#788 = VECTOR ( 'NONE', #1975, 1000.000000000000000 ) ;
#789 = EDGE_LOOP ( 'NONE', ( #1930, #350, #598, #1253 ) ) ;
#790 = VECTOR ( 'NONE', #1374, 1000.000000000000114 ) ;
#791 = VERTEX_POINT ( 'NONE', #1794 ) ;
#792 = CIRCLE ( 'NONE', #1400, 0.01605682499999999679 ) ;
#793 = EDGE_CURVE ( 'NONE', #1116, #2146, #893, .T. ) ;
#794 = SURFACE_SIDE_STYLE ('',( #1291 ) ) ;
#795 = ORIENTED_EDGE ( 'NONE', *, *, #1497, .F. ) ;
#796 = DIRECTION ( 'NONE',  ( -1.000000000000000000, 0.000000000000000000, 0.000000000000000000 ) ) ;
#797 = APPLICATION_PROTOCOL_DEFINITION ( 'draft international standard', 'automotive_design', 1998, #1735 ) ;
#798 = DIRECTION ( 'NONE',  ( 0.000000000000000000, 0.000000000000000000, -1.000000000000000000 ) ) ;
#799 = LINE ( 'NONE', #1170, #575 ) ;
#800 = ADVANCED_FACE ( 'NONE', ( #1276 ), #706, .T. ) ;
#801 =( REPRESENTATION_RELATIONSHIP ('NONE','NONE', #582, #45 ) REPRESENTATION_RELATIONSHIP_WITH_TRANSFORMATION ( #965 )SHAPE_REPRESENTATION_RELATIONSHIP( ) );
#802 = CARTESIAN_POINT ( 'NONE',  ( 0.4300000000119955090, 0.2499999999712105292, 0.000000000000000000 ) ) ;
#803 = VERTEX_POINT ( 'NONE', #588 ) ;
#804 = VERTEX_POINT ( 'NONE', #1121 ) ;
#805 = DIRECTION ( 'NONE',  ( 0.000000000000000000, 0.000000000000000000, -1.000000000000000000 ) ) ;
#806 = ORIENTED_EDGE ( 'NONE', *, *, #1987, .T. ) ;
#807 = LINE ( 'NONE', #2002, #1211 ) ;
#808 = PRODUCT_CONTEXT ( 'NONE', #1683, 'mechanical' ) ;
#809 = SURFACE_STYLE_FILL_AREA ( #2040 ) ;
#810 = APPLICATION_CONTEXT ( 'automotive_design' ) ;
#811 = CARTESIAN_POINT ( 'NONE',  ( 0.08862148699993388501, 1.085300203901477982E-17, 0.1500000000000944744 ) ) ;
#812 = SURFACE_STYLE_FILL_AREA ( #421 ) ;
#813 = ORIENTED_EDGE ( 'NONE', *, *, #2155, .F. ) ;
#814 = ORIENTED_EDGE ( 'NONE', *, *, #2070, .T. ) ;
#815 = EDGE_CURVE ( 'NONE', #1058, #1793, #2015, .T. ) ;
#816 = CARTESIAN_POINT ( 'NONE',  ( -0.03299614199999999914, -0.03299614199999999914, 0.2300000000000000100 ) ) ;
#817 = AXIS2_PLACEMENT_3D ( 'NONE', #240, #1943, #25 ) ;
#818 = PRESENTATION_LAYER_ASSIGNMENT (  '', '', ( #997 ) ) ;
#819 = CARTESIAN_POINT ( 'NONE',  ( -0.02063462400000000072, 0.2000000000000000111, -0.03000000000000000236 ) ) ;
#820 = CARTESIAN_POINT ( 'NONE',  ( -0.02404652300000000020, 0.03672811600000000509, 0.2500000000000000000 ) ) ;
#821 =( NAMED_UNIT ( * ) SI_UNIT ( $, .STERADIAN. ) SOLID_ANGLE_UNIT ( ) );
#822 = EDGE_LOOP ( 'NONE', ( #657, #1650, #1814, #83 ) ) ;
#823 = ORIENTED_EDGE ( 'NONE', *, *, #2180, .F. ) ;
#824 = VECTOR ( 'NONE', #676, 1000.000000000000000 ) ;
#825 = MECHANICAL_DESIGN_GEOMETRIC_PRESENTATION_REPRESENTATION (  '', ( #233 ), #1953 ) ;
#826 = DIRECTION ( 'NONE',  ( 0.9961946978200911795, 0.000000000000000000, 0.08715574585268251462 ) ) ;
#827 = EDGE_LOOP ( 'NONE', ( #961, #775, #1712, #1079 ) ) ;
#828 = FACE_OUTER_BOUND ( 'NONE', #1928, .T. ) ;
#829 = VECTOR ( 'NONE', #386, 1000.000000000000000 ) ;
#830 = PRODUCT_RELATED_PRODUCT_CATEGORY ( 'part', '', ( #1889 ) ) ;
#831 =( LENGTH_UNIT ( ) NAMED_UNIT ( * ) SI_UNIT ( .MILLI., .METRE. ) );
#832 = DIRECTION ( 'NONE',  ( 0.000000000000000000, -1.000000000000000000, 0.000000000000000000 ) ) ;
#833 = COLOUR_RGB ( '',1.000000000000000000, 0.5019607843137254832, 0.000000000000000000 ) ;
#834 = CARTESIAN_POINT ( 'NONE',  ( -0.02063462400000000072, 0.2500000000000000000, -0.03000000000000000236 ) ) ;
#835 = PRODUCT_DEFINITION_CONTEXT ( 'detailed design', #1268, 'design' ) ;
#836 = ORIENTED_EDGE ( 'NONE', *, *, #846, .F. ) ;
#837 = FACE_OUTER_BOUND ( 'NONE', #125, .T. ) ;
#838 = ORIENTED_EDGE ( 'NONE', *, *, #886, .F. ) ;
#839 = PLANE ( 'NONE',  #932 ) ;
#840 = EDGE_LOOP ( 'NONE', ( #493, #992, #399, #740 ) ) ;
#841 = DIRECTION ( 'NONE',  ( 0.000000000000000000, 0.000000000000000000, 1.000000000000000000 ) ) ;
#842 = FACE_OUTER_BOUND ( 'NONE', #1166, .T. ) ;
#843 = DIRECTION ( 'NONE',  ( 0.000000000000000000, 0.000000000000000000, -1.000000000000000000 ) ) ;
#844 = LINE ( 'NONE', #1013, #2126 ) ;
#845 = EDGE_LOOP ( 'NONE', ( #279, #1263, #2192, #1189 ) ) ;
#846 = EDGE_CURVE ( 'NONE', #871, #2, #807, .T. ) ;
#847 = EDGE_CURVE ( 'NONE', #390, #290, #282, .T. ) ;
#848 = PLANE ( 'NONE',  #1572 ) ;
#849 = ORIENTED_EDGE ( 'NONE', *, *, #64, .T. ) ;
#850 = CARTESIAN_POINT ( 'NONE',  ( 0.5000000000000000000, -0.1800000000000000211, 0.07000000002499999485 ) ) ;
#851 = FACE_OUTER_BOUND ( 'NONE', #682, .T. ) ;
#852 = ADVANCED_FACE ( 'NONE', ( #1488 ), #1666, .F. ) ;
#853 = CARTESIAN_POINT ( 'NONE',  ( -0.04010334799999999700, 0.03672811600000000509, 0.2500000000000000000 ) ) ;
#854 = VECTOR ( 'NONE', #157, 1000.000000000000000 ) ;
#855 = CARTESIAN_POINT ( 'NONE',  ( 0.1043653759999999958, 0.1499999999999999944, -0.03000000000000000236 ) ) ;
#856 = AXIS2_PLACEMENT_3D ( 'NONE', #1480, #1351, #1700 ) ;
#857 = ORIENTED_EDGE ( 'NONE', *, *, #726, .F. ) ;
#858 = DIRECTION ( 'NONE',  ( 0.000000000000000000, 0.000000000000000000, 1.000000000000000000 ) ) ;
#859 = ORIENTED_EDGE ( 'NONE', *, *, #873, .F. ) ;
#860 = LINE ( 'NONE', #683, #1326 ) ;
#861 = STYLED_ITEM ( 'NONE', ( #1761 ), #1876 ) ;
#862 = CARTESIAN_POINT ( 'NONE',  ( -0.5000000000000000000, 0.1800000000000000211, 0.07499999999999999722 ) ) ;
#863 = VECTOR ( 'NONE', #2166, 1000.000000000000000 ) ;
#864 = CARTESIAN_POINT ( 'NONE',  ( 0.5500000000000000444, 0.2999999999999999889, 0.000000000000000000 ) ) ;
#865 = VECTOR ( 'NONE', #1415, 1000.000000000000000 ) ;
#866 =( NAMED_UNIT ( * ) SI_UNIT ( $, .STERADIAN. ) SOLID_ANGLE_UNIT ( ) );
#867 = DIRECTION ( 'NONE',  ( 0.000000000000000000, 0.000000000000000000, -1.000000000000000000 ) ) ;
#868 = DIRECTION ( 'NONE',  ( 0.000000000000000000, 0.000000000000000000, 1.000000000000000000 ) ) ;
#869 = VECTOR ( 'NONE', #1829, 1000.000000000000000 ) ;
#870 = ORIENTED_EDGE ( 'NONE', *, *, #1604, .F. ) ;
#871 = VERTEX_POINT ( 'NONE', #1499 ) ;
#872 = CARTESIAN_POINT ( 'NONE',  ( 0.04186537600000000275, 0.1499999999999999944, -0.03000000000000000236 ) ) ;
#873 = EDGE_CURVE ( 'NONE', #804, #1628, #450, .T. ) ;
#874 = EDGE_CURVE ( 'NONE', #803, #1377, #2186, .T. ) ;
#875 = DIRECTION ( 'NONE',  ( 0.000000000000000000, 0.000000000000000000, 1.000000000000000000 ) ) ;
#876 = LINE ( 'NONE', #2082, #1360 ) ;
#877 = VECTOR ( 'NONE', #207, 1000.000000000000227 ) ;
#878 = ORIENTED_EDGE ( 'NONE', *, *, #1927, .T. ) ;
#879 = VERTEX_POINT ( 'NONE', #439 ) ;
#880 = CLOSED_SHELL ( 'NONE', ( #1722, #235, #75, #954, #1118, #717 ) ) ;
#881 = EDGE_CURVE ( 'NONE', #459, #1080, #1142, .T. ) ;
#882 = EDGE_CURVE ( 'NONE', #2157, #1875, #2039, .T. ) ;
#883 = LINE ( 'NONE', #1560, #1363 ) ;
#884 = DIRECTION ( 'NONE',  ( 0.000000000000000000, 0.000000000000000000, -1.000000000000000000 ) ) ;
#885 = PLANE ( 'NONE',  #1610 ) ;
#886 = EDGE_CURVE ( 'NONE', #2247, #2219, #1102, .T. ) ;
#887 = DIRECTION ( 'NONE',  ( -0.000000000000000000, 1.000000000000000000, 0.000000000000000000 ) ) ;
#888 = COLOUR_RGB ( '',1.000000000000000000, 0.5019607843137254832, 0.000000000000000000 ) ;
#889 = ORIENTED_EDGE ( 'NONE', *, *, #1281, .T. ) ;
#890 = ORIENTED_EDGE ( 'NONE', *, *, #1634, .F. ) ;
#891 = CARTESIAN_POINT ( 'NONE',  ( -0.1749999999999999889, -0.2500000000000000000, -0.03000000000000000236 ) ) ;
#892 = EDGE_CURVE ( 'NONE', #1522, #750, #1631, .T. ) ;
#893 = LINE ( 'NONE', #2148, #704 ) ;
#894 = LINE ( 'NONE', #872, #1044 ) ;
#895 = UNCERTAINTY_MEASURE_WITH_UNIT (LENGTH_MEASURE( 1.000000000000000082E-05 ), #1481, 'distance_accuracy_value', 'NONE');
#896 = AXIS2_PLACEMENT_3D ( 'NONE', #2000, #94, #424 ) ;
#897 = CARTESIAN_POINT ( 'NONE',  ( -0.05396747899999999876, -0.06568066599999999866, 0.1499999999999999944 ) ) ;
#898 = VECTOR ( 'NONE', #1824, 1000.000000000000000 ) ;
#899 = AXIS2_PLACEMENT_3D ( 'NONE', #19, #1088, #1979 ) ;
#900 = PRODUCT_DEFINITION ( 'UNKNOWN', '', #2204, #2224 ) ;
#901 = CARTESIAN_POINT ( 'NONE',  ( -0.1250000000000000000, -0.2500000000000000000, -0.03000000000000000236 ) ) ;
#902 = DIRECTION ( 'NONE',  ( 0.000000000000000000, 0.000000000000000000, 1.000000000000000000 ) ) ;
#903 = CARTESIAN_POINT ( 'NONE',  ( 0.5000000000000000000, -0.1800000000000000211, -0.03000000000000000236 ) ) ;
#904 = ORIENTED_EDGE ( 'NONE', *, *, #1449, .F. ) ;
#905 = ORIENTED_EDGE ( 'NONE', *, *, #656, .F. ) ;
#906 = FACE_OUTER_BOUND ( 'NONE', #547, .T. ) ;
#907 = DIRECTION ( 'NONE',  ( 1.000000000000000000, 0.000000000000000000, 0.000000000000000000 ) ) ;
#908 = DIRECTION ( 'NONE',  ( 0.000000000000000000, 0.000000000000000000, 1.000000000000000000 ) ) ;
#909 = SURFACE_STYLE_USAGE ( .BOTH. , #2150 ) ;
#910 = CARTESIAN_POINT ( 'NONE',  ( 0.000000000000000000, 0.000000000000000000, 0.000000000000000000 ) ) ;
#911 = LINE ( 'NONE', #219, #865 ) ;
#912 = ADVANCED_FACE ( 'NONE', ( #1466 ), #2172, .F. ) ;
#913 = FACE_OUTER_BOUND ( 'NONE', #738, .T. ) ;
#914 = ORIENTED_EDGE ( 'NONE', *, *, #1830, .F. ) ;
#915 = EDGE_CURVE ( 'NONE', #1705, #1509, #1680, .T. ) ;
#916 = ORIENTED_EDGE ( 'NONE', *, *, #2070, .F. ) ;
#917 = CARTESIAN_POINT ( 'NONE',  ( -0.5000000000000000000, -0.1800000000000000211, 0.000000000000000000 ) ) ;
#918 = DIRECTION ( 'NONE',  ( -1.000000000000000000, 0.000000000000000000, 0.000000000000000000 ) ) ;
#919 = SURFACE_STYLE_FILL_AREA ( #1614 ) ;
#920 =( NAMED_UNIT ( * ) PLANE_ANGLE_UNIT ( ) SI_UNIT ( $, .RADIAN. ) );
#921 = CARTESIAN_POINT ( 'NONE',  ( 0.01860998999999999987, -0.05780668599999999602, 0.2500000000000000000 ) ) ;
#922 = CIRCLE ( 'NONE', #817, 0.1300000000000000044 ) ;
#923 = APPLICATION_CONTEXT ( 'automotive_design' ) ;
#924 = EDGE_LOOP ( 'NONE', ( #1715, #878, #31, #435, #621, #2196, #1846, #213 ) ) ;
#925 = EDGE_LOOP ( 'NONE', ( #1974, #914, #446, #1859 ) ) ;
#926 =( GEOMETRIC_REPRESENTATION_CONTEXT ( 3 ) GLOBAL_UNCERTAINTY_ASSIGNED_CONTEXT ( ( #1764 ) ) GLOBAL_UNIT_ASSIGNED_CONTEXT ( ( #602, #96, #465 ) ) REPRESENTATION_CONTEXT ( 'NONE', 'WORKASPACE' ) );
#927 =( LENGTH_UNIT ( ) NAMED_UNIT ( * ) SI_UNIT ( .MILLI., .METRE. ) );
#928 = PRODUCT_DEFINITION_SHAPE ( 'NONE', 'NONE',  #2249 ) ;
#929 = DIRECTION ( 'NONE',  ( 0.000000000000000000, 0.000000000000000000, 1.000000000000000000 ) ) ;
#930 = PLANE ( 'NONE',  #1397 ) ;
#931 = VECTOR ( 'NONE', #1942, 1000.000000000000000 ) ;
#932 = AXIS2_PLACEMENT_3D ( 'NONE', #1199, #1885, #1026 ) ;
#933 = SURFACE_STYLE_USAGE ( .BOTH. , #2108 ) ;
#934 = VECTOR ( 'NONE', #949, 1000.000000000000000 ) ;
#935 = CARTESIAN_POINT ( 'NONE',  ( -0.01031731200000000036, 0.2500000000000000000, -0.03000000000000000236 ) ) ;
#936 = STYLED_ITEM ( 'NONE', ( #697 ), #1668 ) ;
#937 = ADVANCED_FACE ( 'NONE', ( #129 ), #839, .F. ) ;
#938 = ORIENTED_EDGE ( 'NONE', *, *, #793, .T. ) ;
#939 = ORIENTED_EDGE ( 'NONE', *, *, #1179, .T. ) ;
#940 = DIRECTION ( 'NONE',  ( -1.000000000000000000, 0.000000000000000000, 0.000000000000000000 ) ) ;
#941 = LINE ( 'NONE', #392, #1674 ) ;
#942 = PRESENTATION_LAYER_ASSIGNMENT (  '', '', ( #1403 ) ) ;
#943 = PRODUCT_CONTEXT ( 'NONE', #1972, 'mechanical' ) ;
#944 = EDGE_CURVE ( 'NONE', #1198, #252, #1679, .T. ) ;
#945 = ADVANCED_FACE ( 'NONE', ( #2071 ), #476, .T. ) ;
#946 = FILL_AREA_STYLE ('',( #2008 ) ) ;
#947 = ORIENTED_EDGE ( 'NONE', *, *, #1514, .T. ) ;
#948 = VERTEX_POINT ( 'NONE', #501 ) ;
#949 = DIRECTION ( 'NONE',  ( 0.000000000000000000, -1.000000000000000000, 0.000000000000000000 ) ) ;
#950 = DIRECTION ( 'NONE',  ( -1.000000000000000000, 0.000000000000000000, 0.000000000000000000 ) ) ;
#951 = CARTESIAN_POINT ( 'NONE',  ( 0.1043653759999999958, -0.2500000000000000000, 0.000000000000000000 ) ) ;
#952 = COLOUR_RGB ( '',1.000000000000000000, 0.9372549019607843146, 0.1372549019607843257 ) ;
#953 = ADVANCED_FACE ( 'NONE', ( #828 ), #2047, .F. ) ;
#954 = ADVANCED_FACE ( 'NONE', ( #2240 ), #1531, .F. ) ;
#955 = CARTESIAN_POINT ( 'NONE',  ( -0.01031731200000000036, -0.1499999999999999944, 0.000000000000000000 ) ) ;
#956 = SURFACE_SIDE_STYLE ('',( #2032 ) ) ;
#957 = EDGE_CURVE ( 'NONE', #2068, #1705, #314, .T. ) ;
#958 = CARTESIAN_POINT ( 'NONE',  ( 0.000000000000000000, 0.000000000000000000, 0.000000000000000000 ) ) ;
#959 = DIRECTION ( 'NONE',  ( -0.000000000000000000, 1.000000000000000000, 0.000000000000000000 ) ) ;
#960 = ORIENTED_EDGE ( 'NONE', *, *, #236, .F. ) ;
#961 = ORIENTED_EDGE ( 'NONE', *, *, #881, .T. ) ;
#962 = DIRECTION ( 'NONE',  ( 0.000000000000000000, -1.000000000000000000, 0.000000000000000000 ) ) ;
#963 = VERTEX_POINT ( 'NONE', #1357 ) ;
#964 = VECTOR ( 'NONE', #1393, 1000.000000000000000 ) ;
#965 = ITEM_DEFINED_TRANSFORMATION ( 'NONE', 'NONE', #1394,  #856 ) ;
#966 = AXIS2_PLACEMENT_3D ( 'NONE', #756, #1052, #2090 ) ;
#967 = PLANE ( 'NONE',  #308 ) ;
#968 = FILL_AREA_STYLE_COLOUR ( '', #1861 ) ;
#969 = PRODUCT_RELATED_PRODUCT_CATEGORY ( 'part', '', ( #2073 ) ) ;
#970 = PRESENTATION_LAYER_ASSIGNMENT (  '', '', ( #861 ) ) ;
#971 = FACE_OUTER_BOUND ( 'NONE', #70, .T. ) ;
#972 = CIRCLE ( 'NONE', #1150, 0.1300000000000000044 ) ;
#973 = ORIENTED_EDGE ( 'NONE', *, *, #380, .T. ) ;
#974 = MECHANICAL_DESIGN_GEOMETRIC_PRESENTATION_REPRESENTATION (  '', ( #1040 ), #2031 ) ;
#975 = EDGE_LOOP ( 'NONE', ( #191, #2083, #1025 ) ) ;
#976 = AXIS2_PLACEMENT_3D ( 'NONE', #578, #47, #1589 ) ;
#977 = LINE ( 'NONE', #72, #1437 ) ;
#978 = EDGE_LOOP ( 'NONE', ( #1801, #1364, #2012, #1530, #870, #1473, #2168, #366 ) ) ;
#979 = CARTESIAN_POINT ( 'NONE',  ( -0.02404652300000000020, 0.03672811600000000509, 0.2500000000000000000 ) ) ;
#980 = SHAPE_DEFINITION_REPRESENTATION ( #1178, #582 ) ;
#981 = CIRCLE ( 'NONE', #1337, 0.1300000000000000044 ) ;
#982 = DIRECTION ( 'NONE',  ( -0.000000000000000000, -0.000000000000000000, 1.000000000000000000 ) ) ;
#983 = SURFACE_STYLE_USAGE ( .BOTH. , #1503 ) ;
#984 = CARTESIAN_POINT ( 'NONE',  ( 0.3375000000000000222, 0.2500000000000000000, 0.000000000000000000 ) ) ;
#985 = EDGE_CURVE ( 'NONE', #2043, #425, #1036, .T. ) ;
#986 = ORIENTED_EDGE ( 'NONE', *, *, #1289, .F. ) ;
#987 = ORIENTED_EDGE ( 'NONE', *, *, #702, .F. ) ;
#988 = DIRECTION ( 'NONE',  ( 0.000000000000000000, 0.000000000000000000, 1.000000000000000000 ) ) ;
#989 = CARTESIAN_POINT ( 'NONE',  ( -0.05396747922140626014, 0.06568066599916226600, 0.1500000000095753072 ) ) ;
#990 = PRODUCT_CONTEXT ( 'NONE', #1854, 'mechanical' ) ;
#991 = LINE ( 'NONE', #819, #2211 ) ;
#992 = ORIENTED_EDGE ( 'NONE', *, *, #1358, .F. ) ;
#993 = EDGE_LOOP ( 'NONE', ( #1091, #1048, #986, #1895 ) ) ;
#994 = PRODUCT_DEFINITION ( 'UNKNOWN', '', #260, #1153 ) ;
#995 = DIRECTION ( 'NONE',  ( -1.000000000000000000, 0.000000000000000000, 0.000000000000000000 ) ) ;
#996 = APPLICATION_CONTEXT ( 'automotive_design' ) ;
#997 = STYLED_ITEM ( 'NONE', ( #269 ), #800 ) ;
#998 = DIRECTION ( 'NONE',  ( -1.000000000000000000, 0.000000000000000000, 0.000000000000000000 ) ) ;
#999 = DIRECTION ( 'NONE',  ( 0.000000000000000000, 1.000000000000000000, 0.000000000000000000 ) ) ;
#1000 = CARTESIAN_POINT ( 'NONE',  ( -0.5000000000593589622, -0.1799999999752669999, 0.03499999999999999639 ) ) ;
#1001 = DIRECTION ( 'NONE',  ( 0.000000000000000000, -1.000000000000000000, 0.000000000000000000 ) ) ;
#1002 = VERTEX_POINT ( 'NONE', #303 ) ;
#1003 = VECTOR ( 'NONE', #1009, 1000.000000000000000 ) ;
#1004 = DIRECTION ( 'NONE',  ( 0.000000000000000000, 0.000000000000000000, -1.000000000000000000 ) ) ;
#1005 = ORIENTED_EDGE ( 'NONE', *, *, #564, .T. ) ;
#1006 = DIRECTION ( 'NONE',  ( 0.000000000000000000, 0.000000000000000000, -1.000000000000000000 ) ) ;
#1007 = AXIS2_PLACEMENT_3D ( 'NONE', #1515, #982, #442 ) ;
#1008 = FACE_OUTER_BOUND ( 'NONE', #1092, .T. ) ;
#1009 = DIRECTION ( 'NONE',  ( -0.000000000000000000, -1.000000000000000000, -0.000000000000000000 ) ) ;
#1010 = EDGE_CURVE ( 'NONE', #1385, #312, #1716, .T. ) ;
#1011 =( NAMED_UNIT ( * ) PLANE_ANGLE_UNIT ( ) SI_UNIT ( $, .RADIAN. ) );
#1012 = CARTESIAN_POINT ( 'NONE',  ( 0.04609349899999999611, -0.02861803100000000211, 0.2400000000000000189 ) ) ;
#1013 = CARTESIAN_POINT ( 'NONE',  ( -0.04609349899999999611, -0.05780668599999999602, 0.2400000000000000189 ) ) ;
#1014 = PRODUCT ( 'C281-6', 'C281-6', '', ( #241 ) ) ;
#1015 = VERTEX_POINT ( 'NONE', #2056 ) ;
#1016 = PLANE ( 'NONE',  #343 ) ;
#1017 = VERTEX_POINT ( 'NONE', #1018 ) ;
#1018 = CARTESIAN_POINT ( 'NONE',  ( 0.5000000000000000000, 0.2500000000000000000, 0.1499999999999999944 ) ) ;
#1019 = EDGE_CURVE ( 'NONE', #1851, #1828, #1347, .T. ) ;
#1020 = LINE ( 'NONE', #1708, #1071 ) ;
#1021 = LINE ( 'NONE', #331, #1367 ) ;
#1022 = LINE ( 'NONE', #1711, #854 ) ;
#1023 = VERTEX_POINT ( 'NONE', #1523 ) ;
#1024 = CARTESIAN_POINT ( 'NONE',  ( 0.04609349900000000305, 0.05780668613797969313, 0.2400000000000000466 ) ) ;
#1025 = ORIENTED_EDGE ( 'NONE', *, *, #1187, .F. ) ;
#1026 = DIRECTION ( 'NONE',  ( 1.000000000000000000, 0.000000000000000000, 0.000000000000000000 ) ) ;
#1027 = EDGE_CURVE ( 'NONE', #1828, #1603, #52, .T. ) ;
#1028 = CARTESIAN_POINT ( 'NONE',  ( -0.4299999999999999933, 0.2500000000000000000, 0.000000000000000000 ) ) ;
#1029 = CARTESIAN_POINT ( 'NONE',  ( -0.02063462404910130013, 0.1499999999999999944, 4.235164736271499769E-19 ) ) ;
#1030 = DIRECTION ( 'NONE',  ( -0.000000000000000000, -1.000000000000000000, -0.000000000000000000 ) ) ;
#1031 =( GEOMETRIC_REPRESENTATION_CONTEXT ( 3 ) GLOBAL_UNCERTAINTY_ASSIGNED_CONTEXT ( ( #2023 ) ) GLOBAL_UNIT_ASSIGNED_CONTEXT ( ( #1423, #920, #521 ) ) REPRESENTATION_CONTEXT ( 'NONE', 'WORKASPACE' ) );
#1032 = VERTEX_POINT ( 'NONE', #850 ) ;
#1033 = VERTEX_POINT ( 'NONE', #1897 ) ;
#1034 = CARTESIAN_POINT ( 'NONE',  ( -0.02404652300000000020, 0.03672811600000000509, 0.2400000000000000189 ) ) ;
#1035 = AXIS2_PLACEMENT_3D ( 'NONE', #2112, #1081, #1265 ) ;
#1036 = CIRCLE ( 'NONE', #637, 0.01605682499999999679 ) ;
#1037 = STYLED_ITEM ( 'NONE', ( #1682 ), #1525 ) ;
#1038 = AXIS2_PLACEMENT_3D ( 'NONE', #1618, #1441, #69 ) ;
#1039 = CARTESIAN_POINT ( 'NONE',  ( 0.03235174450000000146, -0.05780668599999999602, 0.2500000000000000000 ) ) ;
#1040 = STYLED_ITEM ( 'NONE', ( #357 ), #1127 ) ;
#1041 = DIRECTION ( 'NONE',  ( 0.000000000000000000, 0.000000000000000000, 1.000000000000000000 ) ) ;
#1042 = VECTOR ( 'NONE', #1271, 1000.000000000000000 ) ;
#1043 = DIRECTION ( 'NONE',  ( -1.000000000000000000, 0.000000000000000000, 0.000000000000000000 ) ) ;
#1044 = VECTOR ( 'NONE', #1575, 1000.000000000000000 ) ;
#1045 = EDGE_CURVE ( 'NONE', #608, #491, #860, .T. ) ;
#1046 = EDGE_CURVE ( 'NONE', #1386, #1496, #1905, .T. ) ;
#1047 = ORIENTED_EDGE ( 'NONE', *, *, #1124, .F. ) ;
#1048 = ORIENTED_EDGE ( 'NONE', *, *, #33, .F. ) ;
#1049 = ORIENTED_EDGE ( 'NONE', *, *, #146, .F. ) ;
#1050 = CARTESIAN_POINT ( 'NONE',  ( 0.4300000000075059892, -0.2499999999819854934, -0.03000000000000000236 ) ) ;
#1051 = DIRECTION ( 'NONE',  ( 1.000000000000000000, 0.000000000000000000, 0.000000000000000000 ) ) ;
#1052 = DIRECTION ( 'NONE',  ( 0.000000000000000000, 0.000000000000000000, 1.000000000000000000 ) ) ;
#1053 = CARTESIAN_POINT ( 'NONE',  ( -0.02063462400000000072, -0.1499999999999999944, -0.03000000000000000236 ) ) ;
#1054 = CARTESIAN_POINT ( 'NONE',  ( 0.5000000000000000000, -0.1800000000000000211, 0.000000000000000000 ) ) ;
#1055 = CARTESIAN_POINT ( 'NONE',  ( -0.5000000000000000000, -0.2500000000000000000, 0.1499999999999999944 ) ) ;
#1056 = VERTEX_POINT ( 'NONE', #251 ) ;
#1057 = UNCERTAINTY_MEASURE_WITH_UNIT (LENGTH_MEASURE( 1.000000000000000082E-05 ), #322, 'distance_accuracy_value', 'NONE');
#1058 = VERTEX_POINT ( 'NONE', #2010 ) ;
#1059 = PRODUCT_DEFINITION ( 'UNKNOWN', '', #511, #280 ) ;
#1060 = DIRECTION ( 'NONE',  ( 0.000000000000000000, 0.000000000000000000, 1.000000000000000000 ) ) ;
#1061 = PLANE ( 'NONE',  #1389 ) ;
#1062 = LINE ( 'NONE', #1039, #1348 ) ;
#1063 = DIRECTION ( 'NONE',  ( -1.000000000000000000, 0.000000000000000000, 0.000000000000000000 ) ) ;
#1064 = CARTESIAN_POINT ( 'NONE',  ( -0.5000000000000000000, 0.1800000000000000211, -0.03000000000000000236 ) ) ;
#1065 = DIRECTION ( 'NONE',  ( 0.000000000000000000, 0.000000000000000000, -1.000000000000000000 ) ) ;
#1066 = LINE ( 'NONE', #532, #1042 ) ;
#1067 = ORIENTED_EDGE ( 'NONE', *, *, #1577, .F. ) ;
#1068 = EDGE_LOOP ( 'NONE', ( #670, #1135, #2118, #1329 ) ) ;
#1069 = DIRECTION ( 'NONE',  ( 0.000000000000000000, 0.000000000000000000, 1.000000000000000000 ) ) ;
#1070 = PLANE ( 'NONE',  #1099 ) ;
#1071 = VECTOR ( 'NONE', #1373, 1000.000000000000000 ) ;
#1072 = VECTOR ( 'NONE', #1309, 1000.000000000000000 ) ;
#1073 = LINE ( 'NONE', #1957, #1990 ) ;
#1074 = VECTOR ( 'NONE', #67, 1000.000000000000000 ) ;
#1075 = AXIS2_PLACEMENT_3D ( 'NONE', #1969, #385, #363 ) ;
#1076 = FILL_AREA_STYLE_COLOUR ( '', #98 ) ;
#1077 = ADVANCED_FACE ( 'NONE', ( #1340 ), #2215, .F. ) ;
#1078 = DIRECTION ( 'NONE',  ( 0.000000000000000000, 0.000000000000000000, 1.000000000000000000 ) ) ;
#1079 = ORIENTED_EDGE ( 'NONE', *, *, #1777, .F. ) ;
#1080 = VERTEX_POINT ( 'NONE', #802 ) ;
#1081 = DIRECTION ( 'NONE',  ( 0.000000000000000000, 0.000000000000000000, -1.000000000000000000 ) ) ;
#1082 = CARTESIAN_POINT ( 'NONE',  ( 0.5500000000000000444, 0.2999999999999999889, 0.06999999999999999278 ) ) ;
#1083 = DIRECTION ( 'NONE',  ( 0.000000000000000000, 0.000000000000000000, -1.000000000000000000 ) ) ;
#1084 = PRODUCT_CONTEXT ( 'NONE', #560, 'mechanical' ) ;
#1085 = DIRECTION ( 'NONE',  ( -1.000000000000000000, 0.000000000000000000, 0.000000000000000000 ) ) ;
#1086 = ADVANCED_FACE ( 'NONE', ( #1687 ), #342, .T. ) ;
#1087 = CARTESIAN_POINT ( 'NONE',  ( 0.000000000000000000, 0.000000000000000000, 0.000000000000000000 ) ) ;
#1088 = DIRECTION ( 'NONE',  ( 0.000000000000000000, 0.000000000000000000, -1.000000000000000000 ) ) ;
#1089 = DIRECTION ( 'NONE',  ( 0.000000000000000000, 0.000000000000000000, -1.000000000000000000 ) ) ;
#1090 = PLANE ( 'NONE',  #352 ) ;
#1091 = ORIENTED_EDGE ( 'NONE', *, *, #539, .T. ) ;
#1092 = EDGE_LOOP ( 'NONE', ( #1649, #143, #1333, #1287 ) ) ;
#1093 = CARTESIAN_POINT ( 'NONE',  ( -0.007989697999999999939, 0.03672811600000000509, 0.2500000000000000000 ) ) ;
#1094 = DIRECTION ( 'NONE',  ( 1.000000000000000000, 0.000000000000000000, 0.000000000000000000 ) ) ;
#1095 = CARTESIAN_POINT ( 'NONE',  ( -0.5000000000000000000, -0.1800000000000000211, 0.000000000000000000 ) ) ;
#1096 = FACE_OUTER_BOUND ( 'NONE', #1694, .T. ) ;
#1097 = LINE ( 'NONE', #1798, #1222 ) ;
#1098 = DIRECTION ( 'NONE',  ( 0.000000000000000000, -1.000000000000000000, 0.000000000000000000 ) ) ;
#1099 = AXIS2_PLACEMENT_3D ( 'NONE', #1787, #1931, #1623 ) ;
#1100 = ORIENTED_EDGE ( 'NONE', *, *, #4, .T. ) ;
#1101 = ORIENTED_EDGE ( 'NONE', *, *, #1658, .T. ) ;
#1102 = CIRCLE ( 'NONE', #124, 0.08862148699993389889 ) ;
#1103 = MANIFOLD_SOLID_BREP ( 'NONE', #186 ) ;
#1104 = PRESENTATION_STYLE_ASSIGNMENT (( #1985 ) ) ;
#1105 = EDGE_CURVE ( 'NONE', #879, #54, #2167, .T. ) ;
#1106 = EDGE_CURVE ( 'NONE', #2145, #871, #594, .T. ) ;
#1107 = CARTESIAN_POINT ( 'NONE',  ( 0.04609349899999999611, -0.02861803100000000211, 0.2500000000000000000 ) ) ;
#1108 =( GEOMETRIC_REPRESENTATION_CONTEXT ( 3 ) GLOBAL_UNCERTAINTY_ASSIGNED_CONTEXT ( ( #526 ) ) GLOBAL_UNIT_ASSIGNED_CONTEXT ( ( #2033, #772, #2201 ) ) REPRESENTATION_CONTEXT ( 'NONE', 'WORKASPACE' ) );
#1109 = PRODUCT_CONTEXT ( 'NONE', #2086, 'mechanical' ) ;
#1110 = DIRECTION ( 'NONE',  ( 1.000000000000000000, 0.000000000000000000, 0.000000000000000000 ) ) ;
#1111 = APPLICATION_CONTEXT ( 'automotive_design' ) ;
#1112 = SURFACE_STYLE_FILL_AREA ( #1424 ) ;
#1113 = DIRECTION ( 'NONE',  ( -0.000000000000000000, 1.000000000000000000, -0.000000000000000000 ) ) ;
#1114 = VECTOR ( 'NONE', #1089, 1000.000000000000000 ) ;
#1115 = CARTESIAN_POINT ( 'NONE',  ( -0.007989697999999999939, 0.03672811600000000509, 0.2500000000000000000 ) ) ;
#1116 = VERTEX_POINT ( 'NONE', #1171 ) ;
#1117 = EDGE_CURVE ( 'NONE', #1550, #1384, #607, .T. ) ;
#1118 = ADVANCED_FACE ( 'NONE', ( #971 ), #1648, .F. ) ;
#1119 = ORIENTED_EDGE ( 'NONE', *, *, #1681, .T. ) ;
#1120 = DIRECTION ( 'NONE',  ( 1.000000000000000000, 0.000000000000000000, 0.000000000000000000 ) ) ;
#1121 = CARTESIAN_POINT ( 'NONE',  ( -0.02063462404910130013, -0.2500000000000000000, -0.03000000000000000236 ) ) ;
#1122 = AXIS2_PLACEMENT_3D ( 'NONE', #1756, #887, #364 ) ;
#1123 = CONTEXT_DEPENDENT_SHAPE_REPRESENTATION ( #1349, #1177 ) ;
#1124 = EDGE_CURVE ( 'NONE', #113, #1172, #2174, .T. ) ;
#1125 = LINE ( 'NONE', #1842, #520 ) ;
#1126 = CARTESIAN_POINT ( 'NONE',  ( -0.5000000000000000000, -0.2500000000000000000, 0.3200000000000000067 ) ) ;
#1127 = MANIFOLD_SOLID_BREP ( 'NONE', #1755 ) ;
#1128 = DIRECTION ( 'NONE',  ( -1.000000000000000000, 0.000000000000000000, 0.000000000000000000 ) ) ;
#1129 =( NAMED_UNIT ( * ) PLANE_ANGLE_UNIT ( ) SI_UNIT ( $, .RADIAN. ) );
#1130 = ORIENTED_EDGE ( 'NONE', *, *, #1759, .F. ) ;
#1131 = ORIENTED_EDGE ( 'NONE', *, *, #1407, .F. ) ;
#1132 = EDGE_CURVE ( 'NONE', #536, #1785, #1910, .T. ) ;
#1133 = PRODUCT_RELATED_PRODUCT_CATEGORY ( 'part', '', ( #144 ) ) ;
#1134 = LINE ( 'NONE', #669, #1507 ) ;
#1135 = ORIENTED_EDGE ( 'NONE', *, *, #1345, .T. ) ;
#1136 = DIRECTION ( 'NONE',  ( 0.000000000000000000, -1.000000000000000000, 0.000000000000000000 ) ) ;
#1137 = CARTESIAN_POINT ( 'NONE',  ( -0.02063462404910130013, -0.2500000000000000000, 8.470329472542999539E-19 ) ) ;
#1138 = ITEM_DEFINED_TRANSFORMATION ( 'NONE', 'NONE', #966,  #856 ) ;
#1139 = CARTESIAN_POINT ( 'NONE',  ( -0.4299999999927610062, 0.2500000000173735470, 0.000000000000000000 ) ) ;
#1140 = VERTEX_POINT ( 'NONE', #1012 ) ;
#1141 = ORIENTED_EDGE ( 'NONE', *, *, #134, .F. ) ;
#1142 = LINE ( 'NONE', #640, #1800 ) ;
#1143 = AXIS2_PLACEMENT_3D ( 'NONE', #1195, #2235, #2095 ) ;
#1144 = EDGE_CURVE ( 'NONE', #2157, #1015, #1900, .T. ) ;
#1145 = CARTESIAN_POINT ( 'NONE',  ( -0.4299999999972505260, -0.2500000000065979999, -0.03000000000000000236 ) ) ;
#1146 = SURFACE_SIDE_STYLE ('',( #1671 ) ) ;
#1147 =( GEOMETRIC_REPRESENTATION_CONTEXT ( 3 ) GLOBAL_UNCERTAINTY_ASSIGNED_CONTEXT ( ( #708 ) ) GLOBAL_UNIT_ASSIGNED_CONTEXT ( ( #1909, #1923, #1737 ) ) REPRESENTATION_CONTEXT ( 'NONE', 'WORKASPACE' ) );
#1148 = LINE ( 'NONE', #1672, #863 ) ;
#1149 = SURFACE_STYLE_FILL_AREA ( #1471 ) ;
#1150 = AXIS2_PLACEMENT_3D ( 'NONE', #632, #2019, #1128 ) ;
#1151 = ORIENTED_EDGE ( 'NONE', *, *, #1848, .F. ) ;
#1152 = VERTEX_POINT ( 'NONE', #1194 ) ;
#1153 = PRODUCT_DEFINITION_CONTEXT ( 'detailed design', #1111, 'design' ) ;
#1154 = CARTESIAN_POINT ( 'NONE',  ( 0.000000000000000000, 0.2500000000000000000, 0.1499999999999999944 ) ) ;
#1155 = ORIENTED_EDGE ( 'NONE', *, *, #881, .F. ) ;
#1156 = APPLICATION_PROTOCOL_DEFINITION ( 'draft international standard', 'automotive_design', 1998, #1683 ) ;
#1157 = VECTOR ( 'NONE', #733, 1000.000000000000000 ) ;
#1158 = CARTESIAN_POINT ( 'NONE',  ( 0.000000000000000000, 0.2500000000000000000, 0.3200000000000000067 ) ) ;
#1159 = FACE_OUTER_BOUND ( 'NONE', #1520, .T. ) ;
#1160 = SURFACE_STYLE_USAGE ( .BOTH. , #956 ) ;
#1161 = DIRECTION ( 'NONE',  ( 0.000000000000000000, 0.000000000000000000, -1.000000000000000000 ) ) ;
#1162 = SURFACE_STYLE_USAGE ( .BOTH. , #2191 ) ;
#1163 = VERTEX_POINT ( 'NONE', #178 ) ;
#1164 = ORIENTED_EDGE ( 'NONE', *, *, #1352, .F. ) ;
#1165 = PRESENTATION_STYLE_ASSIGNMENT (( #326 ) ) ;
#1166 = EDGE_LOOP ( 'NONE', ( #1742, #1982, #1341, #2024 ) ) ;
#1167 = CARTESIAN_POINT ( 'NONE',  ( 0.4647899999999999809, -0.2500000000000000000, 0.06999999999999999278 ) ) ;
#1168 = PRESENTATION_LAYER_ASSIGNMENT (  '', '', ( #182 ) ) ;
#1169 = CLOSED_SHELL ( 'NONE', ( #912, #783, #1856, #81, #1200, #1077 ) ) ;
#1170 = CARTESIAN_POINT ( 'NONE',  ( 0.1749999999999999889, 0.2500000000000000000, -0.01500000000000000118 ) ) ;
#1171 = CARTESIAN_POINT ( 'NONE',  ( 0.4300000000075059892, -0.2499999999819854934, 0.000000000000000000 ) ) ;
#1172 = VERTEX_POINT ( 'NONE', #1054 ) ;
#1173 = PRODUCT_DEFINITION_CONTEXT ( 'detailed design', #1607, 'design' ) ;
#1174 = ORIENTED_EDGE ( 'NONE', *, *, #873, .T. ) ;
#1175 =( LENGTH_UNIT ( ) NAMED_UNIT ( * ) SI_UNIT ( .MILLI., .METRE. ) );
#1176 = CARTESIAN_POINT ( 'NONE',  ( -0.02063462400000000072, 0.2000000000000000111, 0.000000000000000000 ) ) ;
#1177 = PRODUCT_DEFINITION_SHAPE ( 'NONE', 'NONE',  #2251 ) ;
#1178 = PRODUCT_DEFINITION_SHAPE ( 'NONE', 'NONE',  #1624 ) ;
#1179 = EDGE_CURVE ( 'NONE', #1675, #1522, #1021, .T. ) ;
#1180 = SURFACE_STYLE_FILL_AREA ( #2242 ) ;
#1181 =( GEOMETRIC_REPRESENTATION_CONTEXT ( 3 ) GLOBAL_UNCERTAINTY_ASSIGNED_CONTEXT ( ( #719 ) ) GLOBAL_UNIT_ASSIGNED_CONTEXT ( ( #1892, #469, #1866 ) ) REPRESENTATION_CONTEXT ( 'NONE', 'WORKASPACE' ) );
#1182 = LINE ( 'NONE', #2074, #790 ) ;
#1183 = DIRECTION ( 'NONE',  ( 0.000000000000000000, 0.000000000000000000, 1.000000000000000000 ) ) ;
#1184 = VERTEX_POINT ( 'NONE', #1754 ) ;
#1185 = AXIS2_PLACEMENT_3D ( 'NONE', #2228, #2069, #1883 ) ;
#1186 = CARTESIAN_POINT ( 'NONE',  ( -0.02063462404910130013, -0.1499999999999999944, -0.03000000000000000236 ) ) ;
#1187 = EDGE_CURVE ( 'NONE', #2021, #2068, #1541, .T. ) ;
#1188 =( GEOMETRIC_REPRESENTATION_CONTEXT ( 3 ) GLOBAL_UNCERTAINTY_ASSIGNED_CONTEXT ( ( #540 ) ) GLOBAL_UNIT_ASSIGNED_CONTEXT ( ( #123, #1129, #821 ) ) REPRESENTATION_CONTEXT ( 'NONE', 'WORKASPACE' ) );
#1189 = ORIENTED_EDGE ( 'NONE', *, *, #1932, .F. ) ;
#1190 = CARTESIAN_POINT ( 'NONE',  ( 0.1749999999999999889, -0.2500000000000000000, -0.03000000000000000236 ) ) ;
#1191 = AXIS2_PLACEMENT_3D ( 'NONE', #820, #798, #1323 ) ;
#1192 = EDGE_CURVE ( 'NONE', #1002, #425, #1710, .T. ) ;
#1193 = LINE ( 'NONE', #1888, #673 ) ;
#1194 = CARTESIAN_POINT ( 'NONE',  ( -0.5000000000000000000, 0.2500000000000000000, 0.07000000004166669065 ) ) ;
#1195 = CARTESIAN_POINT ( 'NONE',  ( 0.01860998999999999987, -0.05780668599999999602, 0.2500000000000000000 ) ) ;
#1196 = EDGE_LOOP ( 'NONE', ( #806, #584, #104, #2076 ) ) ;
#1197 = CARTESIAN_POINT ( 'NONE',  ( -0.5000000000000000000, -0.2500000000000000000, 0.000000000000000000 ) ) ;
#1198 = VERTEX_POINT ( 'NONE', #1029 ) ;
#1199 = CARTESIAN_POINT ( 'NONE',  ( -0.1250000000000000000, -0.2500000000000000000, -0.03000000000000000236 ) ) ;
#1200 = ADVANCED_FACE ( 'NONE', ( #2080 ), #2245, .F. ) ;
#1201 = FACE_OUTER_BOUND ( 'NONE', #1860, .T. ) ;
#1202 =( NAMED_UNIT ( * ) PLANE_ANGLE_UNIT ( ) SI_UNIT ( $, .RADIAN. ) );
#1203 = DIRECTION ( 'NONE',  ( -1.000000000000000000, 0.000000000000000000, 0.000000000000000000 ) ) ;
#1204 = ORIENTED_EDGE ( 'NONE', *, *, #396, .T. ) ;
#1205 = ORIENTED_EDGE ( 'NONE', *, *, #1105, .F. ) ;
#1206 = ORIENTED_EDGE ( 'NONE', *, *, #701, .T. ) ;
#1207 = DIRECTION ( 'NONE',  ( -1.000000000000000000, 0.000000000000000000, 0.000000000000000000 ) ) ;
#1208 = CARTESIAN_POINT ( 'NONE',  ( 0.5000000000000000000, 0.000000000000000000, 0.07000000004999999692 ) ) ;
#1209 = CIRCLE ( 'NONE', #293, 0.1300000000000000044 ) ;
#1210 = ADVANCED_FACE ( 'NONE', ( #506 ), #1213, .T. ) ;
#1211 = VECTOR ( 'NONE', #2197, 1000.000000000000000 ) ;
#1212 = SHAPE_REPRESENTATION ( 'C281-4', ( #856 ), #1322 ) ;
#1213 = PLANE ( 'NONE',  #1729 ) ;
#1214 = FACE_OUTER_BOUND ( 'NONE', #1792, .T. ) ;
#1215 = DIRECTION ( 'NONE',  ( 0.000000000000000000, 1.000000000000000000, 0.000000000000000000 ) ) ;
#1216 = ORIENTED_EDGE ( 'NONE', *, *, #315, .T. ) ;
#1217 = PRODUCT_DEFINITION_CONTEXT ( 'detailed design', #1812, 'design' ) ;
#1218 = AXIS2_PLACEMENT_3D ( 'NONE', #353, #2139, #1233 ) ;
#1219 = AXIS2_PLACEMENT_3D ( 'NONE', #1190, #660, #1215 ) ;
#1220 = CARTESIAN_POINT ( 'NONE',  ( 0.000000000000000000, 0.2500000000000000000, 0.000000000000000000 ) ) ;
#1221 = CARTESIAN_POINT ( 'NONE',  ( -0.02063462404910130013, -0.1499999999999999944, 4.235164736271499769E-19 ) ) ;
#1222 = VECTOR ( 'NONE', #68, 1000.000000000000000 ) ;
#1223 = DIRECTION ( 'NONE',  ( -1.000000000000000000, 0.000000000000000000, 0.000000000000000000 ) ) ;
#1224 = LINE ( 'NONE', #1920, #1736 ) ;
#1225 = CARTESIAN_POINT ( 'NONE',  ( 0.000000000000000000, 0.000000000000000000, 0.000000000000000000 ) ) ;
#1226 = DIRECTION ( 'NONE',  ( 0.000000000000000000, 0.000000000000000000, -1.000000000000000000 ) ) ;
#1227 = APPLICATION_CONTEXT ( 'automotive_design' ) ;
#1228 = PRESENTATION_LAYER_ASSIGNMENT (  '', '', ( #1813 ) ) ;
#1229 = DIRECTION ( 'NONE',  ( -1.000000000000000000, 0.000000000000000000, 0.000000000000000000 ) ) ;
#1230 = PRODUCT_DEFINITION ( 'UNKNOWN', '', #231, #1217 ) ;
#1231 = ORIENTED_EDGE ( 'NONE', *, *, #622, .T. ) ;
#1232 = ORIENTED_EDGE ( 'NONE', *, *, #846, .T. ) ;
#1233 = DIRECTION ( 'NONE',  ( 1.000000000000000000, 0.000000000000000000, 0.000000000000000000 ) ) ;
#1234 = DIRECTION ( 'NONE',  ( 0.000000000000000000, -1.000000000000000000, 0.000000000000000000 ) ) ;
#1235 = CARTESIAN_POINT ( 'NONE',  ( -0.04010334799999999700, 0.03672811600000000509, 0.2400000000000000189 ) ) ;
#1236 = UNCERTAINTY_MEASURE_WITH_UNIT (LENGTH_MEASURE( 1.000000000000000082E-05 ), #2102, 'distance_accuracy_value', 'NONE');
#1237 = DIRECTION ( 'NONE',  ( 1.000000000000000000, 0.000000000000000000, 0.000000000000000000 ) ) ;
#1238 = CARTESIAN_POINT ( 'NONE',  ( 0.5000000000000000000, 0.000000000000000000, 0.000000000000000000 ) ) ;
#1239 = DIRECTION ( 'NONE',  ( 1.000000000000000000, 0.000000000000000000, 0.000000000000000000 ) ) ;
#1240 = ORIENTED_EDGE ( 'NONE', *, *, #1179, .F. ) ;
#1241 = ORIENTED_EDGE ( 'NONE', *, *, #1046, .T. ) ;
#1242 = LINE ( 'NONE', #59, #931 ) ;
#1243 = LINE ( 'NONE', #1965, #627 ) ;
#1244 = CARTESIAN_POINT ( 'NONE',  ( 0.04609349899895978653, -0.05780668627491915984, 0.2400000000118896748 ) ) ;
#1245 = EDGE_CURVE ( 'NONE', #1539, #2219, #1182, .T. ) ;
#1246 = ADVANCED_FACE ( 'NONE', ( #522 ), #1556, .F. ) ;
#1247 = LINE ( 'NONE', #28, #1805 ) ;
#1248 = PLANE ( 'NONE',  #899 ) ;
#1249 = DIRECTION ( 'NONE',  ( 0.000000000000000000, 1.000000000000000000, 0.000000000000000000 ) ) ;
#1250 = AXIS2_PLACEMENT_3D ( 'NONE', #2075, #1925, #1183 ) ;
#1251 = VERTEX_POINT ( 'NONE', #700 ) ;
#1252 = PRODUCT_DEFINITION_FORMATION_WITH_SPECIFIED_SOURCE ( 'ANY', '', #1906, .NOT_KNOWN. ) ;
#1253 = ORIENTED_EDGE ( 'NONE', *, *, #2005, .T. ) ;
#1254 = EDGE_CURVE ( 'NONE', #1496, #2145, #346, .T. ) ;
#1255 = LINE ( 'NONE', #1432, #2132 ) ;
#1256 = DIRECTION ( 'NONE',  ( -1.000000000000000000, 0.000000000000000000, 0.000000000000000000 ) ) ;
#1257 = LINE ( 'NONE', #2230, #1262 ) ;
#1258 = MECHANICAL_DESIGN_GEOMETRIC_PRESENTATION_REPRESENTATION (  '', ( #861 ), #305 ) ;
#1259 = PRESENTATION_LAYER_ASSIGNMENT (  '', '', ( #519 ) ) ;
#1260 = CARTESIAN_POINT ( 'NONE',  ( -0.5500000000000000444, -0.2999999999999999889, 0.06999999999999999278 ) ) ;
#1261 = CARTESIAN_POINT ( 'NONE',  ( -0.5000000000000000000, 0.000000000000000000, 0.000000000000000000 ) ) ;
#1262 = VECTOR ( 'NONE', #1886, 1000.000000000000000 ) ;
#1263 = ORIENTED_EDGE ( 'NONE', *, *, #1890, .F. ) ;
#1264 = ORIENTED_EDGE ( 'NONE', *, *, #712, .T. ) ;
#1265 = DIRECTION ( 'NONE',  ( -1.000000000000000000, 0.000000000000000000, 0.000000000000000000 ) ) ;
#1266 = EDGE_CURVE ( 'NONE', #2053, #1384, #1789, .T. ) ;
#1267 = LINE ( 'NONE', #573, #586 ) ;
#1268 = APPLICATION_CONTEXT ( 'automotive_design' ) ;
#1269 = PRODUCT_DEFINITION_SHAPE ( 'NONE', 'NONE',  #2248 ) ;
#1270 = DIRECTION ( 'NONE',  ( 1.000000000000000000, 0.000000000000000000, 0.000000000000000000 ) ) ;
#1271 = DIRECTION ( 'NONE',  ( 0.000000000000000000, 1.000000000000000000, 0.000000000000000000 ) ) ;
#1272 = EDGE_CURVE ( 'NONE', #1015, #1550, #911, .T. ) ;
#1273 = ORIENTED_EDGE ( 'NONE', *, *, #1459, .F. ) ;
#1274 = VERTEX_POINT ( 'NONE', #715 ) ;
#1275 = FILL_AREA_STYLE ('',( #1630 ) ) ;
#1276 = FACE_OUTER_BOUND ( 'NONE', #1196, .T. ) ;
#1277 = DIRECTION ( 'NONE',  ( 0.000000000000000000, 0.000000000000000000, -1.000000000000000000 ) ) ;
#1278 = APPLICATION_PROTOCOL_DEFINITION ( 'draft international standard', 'automotive_design', 1998, #1972 ) ;
#1279 = DIRECTION ( 'NONE',  ( 0.000000000000000000, -1.000000000000000000, 0.000000000000000000 ) ) ;
#1280 = FACE_OUTER_BOUND ( 'NONE', #1661, .T. ) ;
#1281 = EDGE_CURVE ( 'NONE', #1727, #750, #373, .T. ) ;
#1282 = EDGE_CURVE ( 'NONE', #1826, #1815, #395, .T. ) ;
#1283 = CARTESIAN_POINT ( 'NONE',  ( 0.5000000000000000000, 0.1800000000000000211, -0.01500000000000000118 ) ) ;
#1284 = CARTESIAN_POINT ( 'NONE',  ( 0.000000000000000000, 0.000000000000000000, 0.1500000000000944744 ) ) ;
#1285 = VECTOR ( 'NONE', #1887, 1000.000000000000000 ) ;
#1286 = ORIENTED_EDGE ( 'NONE', *, *, #847, .T. ) ;
#1287 = ORIENTED_EDGE ( 'NONE', *, *, #1105, .T. ) ;
#1288 = VECTOR ( 'NONE', #1476, 1000.000000000000000 ) ;
#1289 = EDGE_CURVE ( 'NONE', #536, #1628, #1451, .T. ) ;
#1290 = SHAPE_REPRESENTATION ( 'C281-5', ( #856 ), #1181 ) ;
#1291 = SURFACE_STYLE_FILL_AREA ( #1275 ) ;
#1292 = CARTESIAN_POINT ( 'NONE',  ( 0.1043653759999999958, -0.1499999999999999944, -0.01500000000000000118 ) ) ;
#1293 =( GEOMETRIC_REPRESENTATION_CONTEXT ( 3 ) GLOBAL_UNCERTAINTY_ASSIGNED_CONTEXT ( ( #1929 ) ) GLOBAL_UNIT_ASSIGNED_CONTEXT ( ( #606, #2009, #1833 ) ) REPRESENTATION_CONTEXT ( 'NONE', 'WORKASPACE' ) );
#1294 = APPLICATION_PROTOCOL_DEFINITION ( 'draft international standard', 'automotive_design', 1998, #2086 ) ;
#1295 = FACE_OUTER_BOUND ( 'NONE', #827, .T. ) ;
#1296 = DIRECTION ( 'NONE',  ( 0.000000000000000000, 0.000000000000000000, 1.000000000000000000 ) ) ;
#1297 =( GEOMETRIC_REPRESENTATION_CONTEXT ( 3 ) GLOBAL_UNCERTAINTY_ASSIGNED_CONTEXT ( ( #27 ) ) GLOBAL_UNIT_ASSIGNED_CONTEXT ( ( #1936, #1616, #1781 ) ) REPRESENTATION_CONTEXT ( 'NONE', 'WORKASPACE' ) );
#1298 = VECTOR ( 'NONE', #1113, 1000.000000000000000 ) ;
#1299 = ADVANCED_FACE ( 'NONE', ( #1096 ), #2152, .T. ) ;
#1300 = CARTESIAN_POINT ( 'NONE',  ( -0.5500000000000000444, -0.2999999999999999889, 0.06999999999999999278 ) ) ;
#1301 =( NAMED_UNIT ( * ) PLANE_ANGLE_UNIT ( ) SI_UNIT ( $, .RADIAN. ) );
#1302 = ORIENTED_EDGE ( 'NONE', *, *, #367, .T. ) ;
#1303 = ORIENTED_EDGE ( 'NONE', *, *, #1254, .T. ) ;
#1304 = LINE ( 'NONE', #2003, #668 ) ;
#1305 = LINE ( 'NONE', #2007, #1613 ) ;
#1306 = ORIENTED_EDGE ( 'NONE', *, *, #1566, .T. ) ;
#1307 = VERTEX_POINT ( 'NONE', #1064 ) ;
#1308 = ADVANCED_FACE ( 'NONE', ( #2142 ), #1440, .F. ) ;
#1309 = DIRECTION ( 'NONE',  ( -1.000000000000000000, 0.000000000000000000, 0.000000000000000000 ) ) ;
#1310 = CONTEXT_DEPENDENT_SHAPE_REPRESENTATION ( #1495, #1269 ) ;
#1311 = ADVANCED_FACE ( 'NONE', ( #1280 ), #543, .F. ) ;
#1312 = DIRECTION ( 'NONE',  ( 0.000000000000000000, 0.000000000000000000, 1.000000000000000000 ) ) ;
#1313 = SURFACE_SIDE_STYLE ('',( #809 ) ) ;
#1314 = SURFACE_STYLE_USAGE ( .BOTH. , #617 ) ;
#1315 = CARTESIAN_POINT ( 'NONE',  ( 0.01860998999999999987, -0.04321235850000000600, 0.2400000000000000189 ) ) ;
#1316 = ORIENTED_EDGE ( 'NONE', *, *, #1144, .T. ) ;
#1317 = ORIENTED_EDGE ( 'NONE', *, *, #1939, .F. ) ;
#1318 = CARTESIAN_POINT ( 'NONE',  ( 0.4300000000119955090, 0.2499999999712105292, 0.06999999999999999278 ) ) ;
#1319 = EDGE_LOOP ( 'NONE', ( #857, #1141, #1917, #152 ) ) ;
#1320 = SURFACE_SIDE_STYLE ('',( #2101 ) ) ;
#1321 = APPLICATION_PROTOCOL_DEFINITION ( 'draft international standard', 'automotive_design', 1998, #1111 ) ;
#1322 =( GEOMETRIC_REPRESENTATION_CONTEXT ( 3 ) GLOBAL_UNCERTAINTY_ASSIGNED_CONTEXT ( ( #1057 ) ) GLOBAL_UNIT_ASSIGNED_CONTEXT ( ( #322, #8, #866 ) ) REPRESENTATION_CONTEXT ( 'NONE', 'WORKASPACE' ) );
#1323 = DIRECTION ( 'NONE',  ( -1.000000000000000000, 0.000000000000000000, 0.000000000000000000 ) ) ;
#1324 =( NAMED_UNIT ( * ) SI_UNIT ( $, .STERADIAN. ) SOLID_ANGLE_UNIT ( ) );
#1325 = VECTOR ( 'NONE', #1063, 1000.000000000000000 ) ;
#1326 = VECTOR ( 'NONE', #2077, 1000.000000000000000 ) ;
#1327 = DIRECTION ( 'NONE',  ( -0.08682659385821783760, -0.08682659695759159524, -0.9924325088688621399 ) ) ;
#1328 = VECTOR ( 'NONE', #998, 1000.000000000000000 ) ;
#1329 = ORIENTED_EDGE ( 'NONE', *, *, #1019, .T. ) ;
#1330 = AXIS2_PLACEMENT_3D ( 'NONE', #677, #875, #1517 ) ;
#1331 = ORIENTED_EDGE ( 'NONE', *, *, #702, .T. ) ;
#1332 = LINE ( 'NONE', #1356, #304 ) ;
#1333 = ORIENTED_EDGE ( 'NONE', *, *, #1766, .T. ) ;
#1334 = DIRECTION ( 'NONE',  ( 0.000000000000000000, 0.000000000000000000, 1.000000000000000000 ) ) ;
#1335 = ADVANCED_FACE ( 'NONE', ( #1565 ), #1248, .F. ) ;
#1336 = AXIS2_PLACEMENT_3D ( 'NONE', #1284, #375, #1769 ) ;
#1337 = AXIS2_PLACEMENT_3D ( 'NONE', #2173, #1277, #214 ) ;
#1338 = DIRECTION ( 'NONE',  ( -0.000000000000000000, 1.000000000000000000, 0.000000000000000000 ) ) ;
#1339 = LINE ( 'NONE', #1763, #1751 ) ;
#1340 = FACE_OUTER_BOUND ( 'NONE', #845, .T. ) ;
#1341 = ORIENTED_EDGE ( 'NONE', *, *, #127, .T. ) ;
#1342 = APPLICATION_CONTEXT ( 'automotive_design' ) ;
#1343 = ORIENTED_EDGE ( 'NONE', *, *, #388, .F. ) ;
#1344 = ADVANCED_FACE ( 'NONE', ( #406 ), #1768, .F. ) ;
#1345 = EDGE_CURVE ( 'NONE', #1603, #1056, #38, .T. ) ;
#1346 = DIRECTION ( 'NONE',  ( 0.000000000000000000, 0.000000000000000000, 1.000000000000000000 ) ) ;
#1347 = LINE ( 'NONE', #1543, #2028 ) ;
#1348 = VECTOR ( 'NONE', #1865, 1000.000000000000000 ) ;
#1349 =( REPRESENTATION_RELATIONSHIP ('NONE','NONE', #582, #748 ) REPRESENTATION_RELATIONSHIP_WITH_TRANSFORMATION ( #1633 )SHAPE_REPRESENTATION_RELATIONSHIP( ) );
#1350 = SURFACE_STYLE_USAGE ( .BOTH. , #663 ) ;
#1351 = DIRECTION ( 'NONE',  ( 0.000000000000000000, 0.000000000000000000, 1.000000000000000000 ) ) ;
#1352 = EDGE_CURVE ( 'NONE', #1828, #1307, #1670, .T. ) ;
#1353 = EDGE_CURVE ( 'NONE', #1152, #2068, #2177, .T. ) ;
#1354 = CARTESIAN_POINT ( 'NONE',  ( 0.1749999999999999889, 0.2500000000000000000, -0.03000000000000000236 ) ) ;
#1355 = ORIENTED_EDGE ( 'NONE', *, *, #360, .F. ) ;
#1356 = CARTESIAN_POINT ( 'NONE',  ( 0.3375000000000000222, -0.2500000000000000000, -0.03000000000000000236 ) ) ;
#1357 = CARTESIAN_POINT ( 'NONE',  ( -0.1250000000000000000, 0.2500000000000000000, -0.03000000000000000236 ) ) ;
#1358 = EDGE_CURVE ( 'NONE', #570, #1464, #454, .T. ) ;
#1359 = VERTEX_POINT ( 'NONE', #2162 ) ;
#1360 = VECTOR ( 'NONE', #507, 1000.000000000000000 ) ;
#1361 = DIRECTION ( 'NONE',  ( 0.000000000000000000, 1.000000000000000000, 0.000000000000000000 ) ) ;
#1362 = DIRECTION ( 'NONE',  ( 1.000000000000000000, 0.000000000000000000, 0.000000000000000000 ) ) ;
#1363 = VECTOR ( 'NONE', #1954, 1000.000000000000000 ) ;
#1364 = ORIENTED_EDGE ( 'NONE', *, *, #1132, .F. ) ;
#1365 = VECTOR ( 'NONE', #111, 1000.000000000000000 ) ;
#1366 = LINE ( 'NONE', #128, #2210 ) ;
#1367 = VECTOR ( 'NONE', #169, 1000.000000000000000 ) ;
#1368 = DIRECTION ( 'NONE',  ( 0.000000000000000000, 0.000000000000000000, -1.000000000000000000 ) ) ;
#1369 = AXIS2_PLACEMENT_3D ( 'NONE', #133, #418, #1296 ) ;
#1370 = ORIENTED_EDGE ( 'NONE', *, *, #1658, .F. ) ;
#1371 = PRODUCT_DEFINITION ( 'UNKNOWN', '', #1535, #835 ) ;
#1372 = AXIS2_PLACEMENT_3D ( 'NONE', #754, #1447, #1817 ) ;
#1373 = DIRECTION ( 'NONE',  ( 0.000000000000000000, 0.000000000000000000, 1.000000000000000000 ) ) ;
#1374 = DIRECTION ( 'NONE',  ( -0.5735764359609476504, 0.000000000000000000, -0.8191520445621415236 ) ) ;
#1375 = LINE ( 'NONE', #498, #443 ) ;
#1376 = ORIENTED_EDGE ( 'NONE', *, *, #1857, .T. ) ;
#1377 = VERTEX_POINT ( 'NONE', #1853 ) ;
#1378 = DIRECTION ( 'NONE',  ( 0.000000000000000000, 0.000000000000000000, -1.000000000000000000 ) ) ;
#1379 = EDGE_CURVE ( 'NONE', #2100, #804, #2006, .T. ) ;
#1380 = LINE ( 'NONE', #294, #1651 ) ;
#1381 = CARTESIAN_POINT ( 'NONE',  ( 0.1043653759999999958, 0.000000000000000000, 0.000000000000000000 ) ) ;
#1382 = APPLICATION_CONTEXT ( 'automotive_design' ) ;
#1383 = ORIENTED_EDGE ( 'NONE', *, *, #470, .F. ) ;
#1384 = VERTEX_POINT ( 'NONE', #119 ) ;
#1385 = VERTEX_POINT ( 'NONE', #1831 ) ;
#1386 = VERTEX_POINT ( 'NONE', #284 ) ;
#1387 = DIRECTION ( 'NONE',  ( 0.000000000000000000, -1.000000000000000000, 0.000000000000000000 ) ) ;
#1388 = DIRECTION ( 'NONE',  ( -0.000000000000000000, 1.000000000000000000, 0.000000000000000000 ) ) ;
#1389 = AXIS2_PLACEMENT_3D ( 'NONE', #206, #723, #1410 ) ;
#1390 = PRODUCT_RELATED_PRODUCT_CATEGORY ( 'part', '', ( #317 ) ) ;
#1391 = VECTOR ( 'NONE', #777, 1000.000000000000000 ) ;
#1392 = DIRECTION ( 'NONE',  ( 0.000000000000000000, 0.000000000000000000, 1.000000000000000000 ) ) ;
#1393 = DIRECTION ( 'NONE',  ( 1.000000000000000000, 0.000000000000000000, 0.000000000000000000 ) ) ;
#1394 = AXIS2_PLACEMENT_3D ( 'NONE', #1087, #2127, #218 ) ;
#1395 = ORIENTED_EDGE ( 'NONE', *, *, #793, .F. ) ;
#1396 = UNCERTAINTY_MEASURE_WITH_UNIT (LENGTH_MEASURE( 1.000000000000000082E-05 ), #1838, 'distance_accuracy_value', 'NONE');
#1397 = AXIS2_PLACEMENT_3D ( 'NONE', #1095, #1237, #1945 ) ;
#1398 = VECTOR ( 'NONE', #1959, 1000.000000000000000 ) ;
#1399 = DIRECTION ( 'NONE',  ( -1.000000000000000000, 0.000000000000000000, 0.000000000000000000 ) ) ;
#1400 = AXIS2_PLACEMENT_3D ( 'NONE', #759, #2153, #579 ) ;
#1401 = LINE ( 'NONE', #2041, #767 ) ;
#1402 = DIRECTION ( 'NONE',  ( 1.000000000000000000, 0.000000000000000000, 0.000000000000000000 ) ) ;
#1403 = STYLED_ITEM ( 'NONE', ( #785 ), #307 ) ;
#1404 = DIRECTION ( 'NONE',  ( -0.000000000000000000, 1.000000000000000000, 0.000000000000000000 ) ) ;
#1405 = SHELL_BASED_SURFACE_MODEL ( 'NONE', ( #769, #161 ) );
#1406 = ORIENTED_EDGE ( 'NONE', *, *, #773, .T. ) ;
#1407 = EDGE_CURVE ( 'NONE', #1033, #1662, #991, .T. ) ;
#1408 = ORIENTED_EDGE ( 'NONE', *, *, #396, .F. ) ;
#1409 = DIRECTION ( 'NONE',  ( -1.000000000000000000, 0.000000000000000000, 0.000000000000000000 ) ) ;
#1410 = DIRECTION ( 'NONE',  ( 0.000000000000000000, 0.000000000000000000, -1.000000000000000000 ) ) ;
#1411 = CARTESIAN_POINT ( 'NONE',  ( -0.5000000000000000000, 0.000000000000000000, 0.07000000004999999692 ) ) ;
#1412 = UNCERTAINTY_MEASURE_WITH_UNIT (LENGTH_MEASURE( 1.000000000000000082E-05 ), #831, 'distance_accuracy_value', 'NONE');
#1413 = LINE ( 'NONE', #384, #21 ) ;
#1414 = DIRECTION ( 'NONE',  ( 1.000000000000000000, 0.000000000000000000, 0.000000000000000000 ) ) ;
#1415 = DIRECTION ( 'NONE',  ( 0.000000000000000000, 1.000000000000000000, 0.000000000000000000 ) ) ;
#1416 = LINE ( 'NONE', #1971, #65 ) ;
#1417 = ADVANCED_FACE ( 'NONE', ( #1295 ), #1994, .F. ) ;
#1418 = ORIENTED_EDGE ( 'NONE', *, *, #643, .F. ) ;
#1419 = ORIENTED_EDGE ( 'NONE', *, *, #1379, .T. ) ;
#1420 = CARTESIAN_POINT ( 'NONE',  ( -0.3375000000000000222, -0.2500000000000000000, -0.03000000000000000236 ) ) ;
#1421 = FACE_OUTER_BOUND ( 'NONE', #1784, .T. ) ;
#1422 = CARTESIAN_POINT ( 'NONE',  ( 0.5000000000000000000, 0.1800000000000000211, 0.000000000000000000 ) ) ;
#1423 =( LENGTH_UNIT ( ) NAMED_UNIT ( * ) SI_UNIT ( .MILLI., .METRE. ) );
#1424 = FILL_AREA_STYLE ('',( #1076 ) ) ;
#1425 = LINE ( 'NONE', #1790, #642 ) ;
#1426 = CARTESIAN_POINT ( 'NONE',  ( -0.02063462400000000072, 0.1499999999999999944, -0.01500000000000000118 ) ) ;
#1427 = AXIS2_PLACEMENT_3D ( 'NONE', #834, #1043, #10 ) ;
#1428 = EDGE_CURVE ( 'NONE', #1815, #1184, #407, .T. ) ;
#1429 = EDGE_LOOP ( 'NONE', ( #1484, #1205, #2055, #1431 ) ) ;
#1430 = AXIS2_PLACEMENT_3D ( 'NONE', #208, #929, #1612 ) ;
#1431 = ORIENTED_EDGE ( 'NONE', *, *, #815, .F. ) ;
#1432 = CARTESIAN_POINT ( 'NONE',  ( 0.5000000000000000000, -0.1800000000000000211, -0.01500000000000000118 ) ) ;
#1433 = FACE_OUTER_BOUND ( 'NONE', #1673, .T. ) ;
#1434 = PLANE ( 'NONE',  #382 ) ;
#1435 = VECTOR ( 'NONE', #1445, 1000.000000000000000 ) ;
#1436 = VECTOR ( 'NONE', #2181, 1000.000000000000000 ) ;
#1437 = VECTOR ( 'NONE', #1804, 1000.000000000000000 ) ;
#1438 = PLANE ( 'NONE',  #130 ) ;
#1439 = STYLED_ITEM ( 'NONE', ( #2116 ), #1299 ) ;
#1440 = PLANE ( 'NONE',  #1808 ) ;
#1441 = DIRECTION ( 'NONE',  ( 0.000000000000000000, 0.000000000000000000, -1.000000000000000000 ) ) ;
#1442 = VECTOR ( 'NONE', #918, 1000.000000000000000 ) ;
#1443 = EDGE_LOOP ( 'NONE', ( #126, #449, #1376, #1771 ) ) ;
#1444 = EDGE_LOOP ( 'NONE', ( #42, #1240, #325, #889 ) ) ;
#1445 = DIRECTION ( 'NONE',  ( 1.000000000000000000, 0.000000000000000000, 0.000000000000000000 ) ) ;
#1446 = DIRECTION ( 'NONE',  ( 0.000000000000000000, 0.000000000000000000, 1.000000000000000000 ) ) ;
#1447 = DIRECTION ( 'NONE',  ( 0.000000000000000000, 0.000000000000000000, -1.000000000000000000 ) ) ;
#1448 = EDGE_CURVE ( 'NONE', #1140, #359, #1590, .T. ) ;
#1449 = EDGE_CURVE ( 'NONE', #1509, #1496, #220, .T. ) ;
#1450 = DIRECTION ( 'NONE',  ( 0.000000000000000000, 0.000000000000000000, 1.000000000000000000 ) ) ;
#1451 = LINE ( 'NONE', #567, #1615 ) ;
#1452 = LINE ( 'NONE', #1261, #139 ) ;
#1453 = ORIENTED_EDGE ( 'NONE', *, *, #545, .T. ) ;
#1454 = ORIENTED_EDGE ( 'NONE', *, *, #539, .F. ) ;
#1455 = PLANE ( 'NONE',  #1540 ) ;
#1456 = DIRECTION ( 'NONE',  ( 0.000000000000000000, 0.000000000000000000, -1.000000000000000000 ) ) ;
#1457 = DIRECTION ( 'NONE',  ( -1.000000000000000000, 0.000000000000000000, 0.000000000000000000 ) ) ;
#1458 = CARTESIAN_POINT ( 'NONE',  ( -0.5000000000000000000, 0.000000000000000000, 0.000000000000000000 ) ) ;
#1459 = EDGE_CURVE ( 'NONE', #2206, #105, #1948, .T. ) ;
#1460 =( NAMED_UNIT ( * ) PLANE_ANGLE_UNIT ( ) SI_UNIT ( $, .RADIAN. ) );
#1461 = DIRECTION ( 'NONE',  ( -1.000000000000000000, 8.340016711426957261E-16, 0.000000000000000000 ) ) ;
#1462 = ORIENTED_EDGE ( 'NONE', *, *, #1474, .F. ) ;
#1463 = VECTOR ( 'NONE', #716, 1000.000000000000000 ) ;
#1464 = VERTEX_POINT ( 'NONE', #2164 ) ;
#1465 = LINE ( 'NONE', #1816, #934 ) ;
#1466 = FACE_OUTER_BOUND ( 'NONE', #840, .T. ) ;
#1467 = SHAPE_DEFINITION_REPRESENTATION ( #2051, #419 ) ;
#1468 = VECTOR ( 'NONE', #940, 1000.000000000000000 ) ;
#1469 = DIRECTION ( 'NONE',  ( -1.000000000000000000, 0.000000000000000000, 0.000000000000000000 ) ) ;
#1470 = CIRCLE ( 'NONE', #487, 0.03260488400003330040 ) ;
#1471 = FILL_AREA_STYLE ('',( #619 ) ) ;
#1472 = ORIENTED_EDGE ( 'NONE', *, *, #236, .T. ) ;
#1473 = ORIENTED_EDGE ( 'NONE', *, *, #1644, .F. ) ;
#1474 = EDGE_CURVE ( 'NONE', #53, #459, #1425, .T. ) ;
#1475 = ORIENTED_EDGE ( 'NONE', *, *, #247, .F. ) ;
#1476 = DIRECTION ( 'NONE',  ( 0.08682659385821774045, -0.08682659695759158136, 0.9924325088688621399 ) ) ;
#1477 = APPLICATION_PROTOCOL_DEFINITION ( 'draft international standard', 'automotive_design', 1998, #1812 ) ;
#1478 = PLANE ( 'NONE',  #272 ) ;
#1479 = FILL_AREA_STYLE ('',( #2165 ) ) ;
#1480 = CARTESIAN_POINT ( 'NONE',  ( 0.000000000000000000, 0.000000000000000000, 0.000000000000000000 ) ) ;
#1481 =( LENGTH_UNIT ( ) NAMED_UNIT ( * ) SI_UNIT ( .MILLI., .METRE. ) );
#1482 = ORIENTED_EDGE ( 'NONE', *, *, #461, .F. ) ;
#1483 = EDGE_CURVE ( 'NONE', #1251, #2134, #198, .T. ) ;
#1484 = ORIENTED_EDGE ( 'NONE', *, *, #1676, .T. ) ;
#1485 = UNCERTAINTY_MEASURE_WITH_UNIT (LENGTH_MEASURE( 1.000000000000000082E-05 ), #1598, 'distance_accuracy_value', 'NONE');
#1486 = LINE ( 'NONE', #1154, #1468 ) ;
#1487 = ORIENTED_EDGE ( 'NONE', *, *, #712, .F. ) ;
#1488 = FACE_OUTER_BOUND ( 'NONE', #116, .T. ) ;
#1489 = PRODUCT_CONTEXT ( 'NONE', #687, 'mechanical' ) ;
#1490 = LINE ( 'NONE', #285, #203 ) ;
#1491 = SURFACE_STYLE_FILL_AREA ( #433 ) ;
#1492 = PRODUCT_DEFINITION_SHAPE ( 'NONE', 'NONE',  #2255 ) ;
#1493 = ORIENTED_EDGE ( 'NONE', *, *, #360, .T. ) ;
#1494 = MECHANICAL_DESIGN_GEOMETRIC_PRESENTATION_REPRESENTATION (  '', ( #699 ), #11 ) ;
#1495 =( REPRESENTATION_RELATIONSHIP ('NONE','NONE', #582, #419 ) REPRESENTATION_RELATIONSHIP_WITH_TRANSFORMATION ( #1992 )SHAPE_REPRESENTATION_RELATIONSHIP( ) );
#1496 = VERTEX_POINT ( 'NONE', #1580 ) ;
#1497 = EDGE_CURVE ( 'NONE', #252, #1033, #39, .T. ) ;
#1498 = CARTESIAN_POINT ( 'NONE',  ( -0.5000000000000000000, 0.2500000000000000000, 0.1499999999999999944 ) ) ;
#1499 = CARTESIAN_POINT ( 'NONE',  ( -0.4299999999999999933, -0.2500000000000000000, 0.07000000002499999485 ) ) ;
#1500 = AXIS2_PLACEMENT_3D ( 'NONE', #979, #1456, #613 ) ;
#1501 = DIRECTION ( 'NONE',  ( 0.000000000000000000, -1.000000000000000000, 0.000000000000000000 ) ) ;
#1502 = ADVANCED_FACE ( 'NONE', ( #736 ), #1601, .T. ) ;
#1503 = SURFACE_SIDE_STYLE ('',( #1491 ) ) ;
#1504 = AXIS2_PLACEMENT_3D ( 'NONE', #1693, #2220, #1512 ) ;
#1505 = DIRECTION ( 'NONE',  ( 1.000000000000000000, 0.000000000000000000, 0.000000000000000000 ) ) ;
#1506 = SURFACE_SIDE_STYLE ('',( #812 ) ) ;
#1507 = VECTOR ( 'NONE', #680, 1000.000000000000000 ) ;
#1508 = VECTOR ( 'NONE', #1457, 1000.000000000000000 ) ;
#1509 = VERTEX_POINT ( 'NONE', #397 ) ;
#1510 = ORIENTED_EDGE ( 'NONE', *, *, #461, .T. ) ;
#1511 = ADVANCED_BREP_SHAPE_REPRESENTATION ( '', ( #329, #856 ), #552 ) ;
#1512 = DIRECTION ( 'NONE',  ( 0.000000000000000000, 0.000000000000000000, -1.000000000000000000 ) ) ;
#1513 = CIRCLE ( 'NONE', #1336, 0.08862148699993389889 ) ;
#1514 = EDGE_CURVE ( 'NONE', #464, #2053, #1097, .T. ) ;
#1515 = CARTESIAN_POINT ( 'NONE',  ( -0.02404652300000000020, 0.03672811600000000509, 0.2400000000000000189 ) ) ;
#1516 = LINE ( 'NONE', #2078, #66 ) ;
#1517 = DIRECTION ( 'NONE',  ( 1.000000000000000000, 0.000000000000000000, 0.000000000000000000 ) ) ;
#1518 = EDGE_CURVE ( 'NONE', #2202, #1002, #792, .T. ) ;
#1519 = ORIENTED_EDGE ( 'NONE', *, *, #915, .F. ) ;
#1520 = EDGE_LOOP ( 'NONE', ( #1542, #658, #720, #558 ) ) ;
#1521 = DIRECTION ( 'NONE',  ( -1.000000000000000000, 0.000000000000000000, 0.000000000000000000 ) ) ;
#1522 = VERTEX_POINT ( 'NONE', #1139 ) ;
#1523 = CARTESIAN_POINT ( 'NONE',  ( 0.1749999999999999889, 0.2500000000000000000, 0.000000000000000000 ) ) ;
#1524 = ADVANCED_FACE ( 'NONE', ( #593 ), #967, .F. ) ;
#1525 = ADVANCED_FACE ( 'NONE', ( #1159 ), #2018, .T. ) ;
#1526 = SHAPE_REPRESENTATION_RELATIONSHIP ( 'NONE' , 'NONE' ,  #748, #1665 ) ;
#1527 = CARTESIAN_POINT ( 'NONE',  ( 0.05396747899999997794, 0.06568066598766370001, 0.1500000000000000222 ) ) ;
#1528 = ORIENTED_EDGE ( 'NONE', *, *, #2013, .F. ) ;
#1529 = CARTESIAN_POINT ( 'NONE',  ( 0.1043653759999999958, 0.1499999999999999944, 0.000000000000000000 ) ) ;
#1530 = ORIENTED_EDGE ( 'NONE', *, *, #1045, .F. ) ;
#1531 = PLANE ( 'NONE',  #1504 ) ;
#1532 = PRODUCT_DEFINITION_SHAPE ( 'NONE', 'NONE',  #1059 ) ;
#1533 = VECTOR ( 'NONE', #1881, 1000.000000000000000 ) ;
#1534 = DIRECTION ( 'NONE',  ( 0.000000000000000000, -1.000000000000000000, 0.000000000000000000 ) ) ;
#1535 = PRODUCT_DEFINITION_FORMATION_WITH_SPECIFIED_SOURCE ( 'ANY', '', #761, .NOT_KNOWN. ) ;
#1536 = CARTESIAN_POINT ( 'NONE',  ( -0.5500000000000000444, 0.2999999999999999889, 0.06999999999999999278 ) ) ;
#1537 = PLANE ( 'NONE',  #1835 ) ;
#1538 = ADVANCED_FACE ( 'NONE', ( #2212 ), #2188, .F. ) ;
#1539 = VERTEX_POINT ( 'NONE', #1864 ) ;
#1540 = AXIS2_PLACEMENT_3D ( 'NONE', #816, #2014, #1120 ) ;
#1541 = CIRCLE ( 'NONE', #486, 0.1300000000000000044 ) ;
#1542 = ORIENTED_EDGE ( 'NONE', *, *, #1926, .F. ) ;
#1543 = CARTESIAN_POINT ( 'NONE',  ( -0.5000000000000000000, -0.1800000000000000211, -0.01500000000000000118 ) ) ;
#1544 = FILL_AREA_STYLE_COLOUR ( '', #1797 ) ;
#1545 = CIRCLE ( 'NONE', #755, 0.1300000000000000044 ) ;
#1546 = CARTESIAN_POINT ( 'NONE',  ( -0.02063462409820255097, 0.1499999999999999944, -0.03000000000000000236 ) ) ;
#1547 = CARTESIAN_POINT ( 'NONE',  ( -0.1250000000000000000, 0.000000000000000000, 0.000000000000000000 ) ) ;
#1548 = CARTESIAN_POINT ( 'NONE',  ( -0.1749999999999999889, -0.2500000000000000000, 0.000000000000000000 ) ) ;
#1549 = ORIENTED_EDGE ( 'NONE', *, *, #944, .F. ) ;
#1550 = VERTEX_POINT ( 'NONE', #784 ) ;
#1551 =( NAMED_UNIT ( * ) SI_UNIT ( $, .STERADIAN. ) SOLID_ANGLE_UNIT ( ) );
#1552 = CARTESIAN_POINT ( 'NONE',  ( 0.4300000000119955090, 0.2499999999712105292, -0.03000000000000000236 ) ) ;
#1553 = STYLED_ITEM ( 'NONE', ( #686 ), #341 ) ;
#1554 = PLANE ( 'NONE',  #1642 ) ;
#1555 =( NAMED_UNIT ( * ) SI_UNIT ( $, .STERADIAN. ) SOLID_ANGLE_UNIT ( ) );
#1556 = CYLINDRICAL_SURFACE ( 'NONE', #1843, 0.1300000000000000044 ) ;
#1557 = CLOSED_SHELL ( 'NONE', ( #1502, #1210, #2123, #2081, #1739, #462, #291, #644, #261, #496, #2099, #1908, #1820, #1918 ) ) ;
#1558 = CARTESIAN_POINT ( 'NONE',  ( -0.1250000000000000000, 0.000000000000000000, -0.03000000000000000236 ) ) ;
#1559 = ORIENTED_EDGE ( 'NONE', *, *, #1281, .F. ) ;
#1560 = CARTESIAN_POINT ( 'NONE',  ( -0.05461508899999999861, 0.06568066599999999866, 0.1499999999999999944 ) ) ;
#1561 = CARTESIAN_POINT ( 'NONE',  ( 0.5000000000000000000, 0.1800000000000000211, 0.07000000002499999485 ) ) ;
#1562 = AXIS2_PLACEMENT_3D ( 'NONE', #2088, #1696, #2048 ) ;
#1563 = UNCERTAINTY_MEASURE_WITH_UNIT (LENGTH_MEASURE( 1.000000000000000082E-05 ), #1747, 'distance_accuracy_value', 'NONE');
#1564 = VECTOR ( 'NONE', #995, 1000.000000000000000 ) ;
#1565 = FACE_OUTER_BOUND ( 'NONE', #774, .T. ) ;
#1566 = EDGE_CURVE ( 'NONE', #473, #359, #248, .T. ) ;
#1567 = DIRECTION ( 'NONE',  ( 0.000000000000000000, -1.000000000000000000, 0.000000000000000000 ) ) ;
#1568 = AXIS2_PLACEMENT_3D ( 'NONE', #566, #1578, #698 ) ;
#1569 = ORIENTED_EDGE ( 'NONE', *, *, #892, .T. ) ;
#1570 = UNCERTAINTY_MEASURE_WITH_UNIT (LENGTH_MEASURE( 1.000000000000000082E-05 ), #1175, 'distance_accuracy_value', 'NONE');
#1571 = ORIENTED_EDGE ( 'NONE', *, *, #209, .F. ) ;
#1572 = AXIS2_PLACEMENT_3D ( 'NONE', #1197, #1346, #1704 ) ;
#1573 = FACE_OUTER_BOUND ( 'NONE', #635, .T. ) ;
#1574 = MECHANICAL_DESIGN_GEOMETRIC_PRESENTATION_REPRESENTATION (  '', ( #1037 ), #1993 ) ;
#1575 = DIRECTION ( 'NONE',  ( 1.000000000000000000, 0.000000000000000000, 0.000000000000000000 ) ) ;
#1576 = DIRECTION ( 'NONE',  ( 0.000000000000000000, 0.000000000000000000, -1.000000000000000000 ) ) ;
#1577 = EDGE_CURVE ( 'NONE', #1140, #312, #1125, .T. ) ;
#1578 = DIRECTION ( 'NONE',  ( 0.000000000000000000, 0.000000000000000000, 1.000000000000000000 ) ) ;
#1579 = DIRECTION ( 'NONE',  ( 0.000000000000000000, 0.000000000000000000, -1.000000000000000000 ) ) ;
#1580 = CARTESIAN_POINT ( 'NONE',  ( -0.5000000000296800362, -0.1799999999876334966, 0.000000000000000000 ) ) ;
#1581 = LINE ( 'NONE', #1426, #747 ) ;
#1582 = ADVANCED_FACE ( 'NONE', ( #616 ), #1478, .F. ) ;
#1583 = ORIENTED_EDGE ( 'NONE', *, *, #1272, .F. ) ;
#1584 = ORIENTED_EDGE ( 'NONE', *, *, #1459, .T. ) ;
#1585 = CARTESIAN_POINT ( 'NONE',  ( -0.02063462400000000072, -0.1499999999999999944, -0.03000000000000000236 ) ) ;
#1586 = CARTESIAN_POINT ( 'NONE',  ( -0.1250000000000000000, 0.2500000000000000000, 0.000000000000000000 ) ) ;
#1587 = EDGE_CURVE ( 'NONE', #425, #2043, #675, .T. ) ;
#1588 = DIRECTION ( 'NONE',  ( 1.000000000000000000, 0.000000000000000000, 0.000000000000000000 ) ) ;
#1589 = DIRECTION ( 'NONE',  ( 1.000000000000000000, 0.000000000000000000, 0.000000000000000000 ) ) ;
#1590 = LINE ( 'NONE', #1626, #829 ) ;
#1591 = LINE ( 'NONE', #2130, #57 ) ;
#1592 = PRODUCT_DEFINITION ( 'UNKNOWN', '', #163, #1690 ) ;
#1593 = ORIENTED_EDGE ( 'NONE', *, *, #1830, .T. ) ;
#1594 = EDGE_LOOP ( 'NONE', ( #1584, #1005, #690, #1302 ) ) ;
#1595 = SURFACE_SIDE_STYLE ('',( #1786 ) ) ;
#1596 = DIRECTION ( 'NONE',  ( 1.000000000000000000, 0.000000000000000000, 0.000000000000000000 ) ) ;
#1597 = FACE_OUTER_BOUND ( 'NONE', #978, .T. ) ;
#1598 =( LENGTH_UNIT ( ) NAMED_UNIT ( * ) SI_UNIT ( .MILLI., .METRE. ) );
#1599 = DIRECTION ( 'NONE',  ( 0.000000000000000000, 1.000000000000000000, 0.000000000000000000 ) ) ;
#1600 = CARTESIAN_POINT ( 'NONE',  ( 0.000000000000000000, 0.000000000000000000, 0.000000000000000000 ) ) ;
#1601 = PLANE ( 'NONE',  #132 ) ;
#1602 = LINE ( 'NONE', #456, #2036 ) ;
#1603 = VERTEX_POINT ( 'NONE', #1145 ) ;
#1604 = EDGE_CURVE ( 'NONE', #803, #608, #630, .T. ) ;
#1605 = ORIENTED_EDGE ( 'NONE', *, *, #1759, .T. ) ;
#1606 = SURFACE_STYLE_USAGE ( .BOTH. , #1595 ) ;
#1607 = APPLICATION_CONTEXT ( 'automotive_design' ) ;
#1608 = DIRECTION ( 'NONE',  ( -1.000000000000000000, 0.000000000000000000, 0.000000000000000000 ) ) ;
#1609 = CARTESIAN_POINT ( 'NONE',  ( 0.5500000000000000444, 0.2999999999999999889, 0.06999999999999999278 ) ) ;
#1610 = AXIS2_PLACEMENT_3D ( 'NONE', #1053, #330, #187 ) ;
#1611 = COLOUR_RGB ( '',0.000000000000000000, 0.000000000000000000, 1.000000000000000000 ) ;
#1612 = DIRECTION ( 'NONE',  ( 1.000000000000000000, 0.000000000000000000, 0.000000000000000000 ) ) ;
#1613 = VECTOR ( 'NONE', #432, 1000.000000000000000 ) ;
#1614 = FILL_AREA_STYLE ('',( #757 ) ) ;
#1615 = VECTOR ( 'NONE', #743, 1000.000000000000000 ) ;
#1616 =( NAMED_UNIT ( * ) PLANE_ANGLE_UNIT ( ) SI_UNIT ( $, .RADIAN. ) );
#1617 =( REPRESENTATION_RELATIONSHIP ('NONE','NONE', #582, #1290 ) REPRESENTATION_RELATIONSHIP_WITH_TRANSFORMATION ( #2175 )SHAPE_REPRESENTATION_RELATIONSHIP( ) );
#1618 = CARTESIAN_POINT ( 'NONE',  ( -0.5500000000000000444, 0.2999999999999999889, -0.03000000000000000236 ) ) ;
#1619 = AXIS2_PLACEMENT_3D ( 'NONE', #581, #1404, #188 ) ;
#1620 = EDGE_LOOP ( 'NONE', ( #2120, #1331, #1206, #1418 ) ) ;
#1621 = VERTEX_POINT ( 'NONE', #110 ) ;
#1622 = FACE_OUTER_BOUND ( 'NONE', #1429, .T. ) ;
#1623 = DIRECTION ( 'NONE',  ( 0.000000000000000000, 0.000000000000000000, 1.000000000000000000 ) ) ;
#1624 = PRODUCT_DEFINITION ( 'UNKNOWN', '', #1720, #2087 ) ;
#1625 = CONTEXT_DEPENDENT_SHAPE_REPRESENTATION ( #652, #662 ) ;
#1626 = CARTESIAN_POINT ( 'NONE',  ( 0.04609349899999999611, -0.04321235850000000600, 0.2400000000000000189 ) ) ;
#1627 =( GEOMETRIC_REPRESENTATION_CONTEXT ( 3 ) GLOBAL_UNCERTAINTY_ASSIGNED_CONTEXT ( ( #361 ) ) GLOBAL_UNIT_ASSIGNED_CONTEXT ( ( #1657, #1460, #1646 ) ) REPRESENTATION_CONTEXT ( 'NONE', 'WORKASPACE' ) );
#1628 = VERTEX_POINT ( 'NONE', #87 ) ;
#1629 = ORIENTED_EDGE ( 'NONE', *, *, #525, .T. ) ;
#1630 = FILL_AREA_STYLE_COLOUR ( '', #451 ) ;
#1631 = LINE ( 'NONE', #84, #1391 ) ;
#1632 = DIRECTION ( 'NONE',  ( 0.000000000000000000, 0.000000000000000000, -1.000000000000000000 ) ) ;
#1633 = ITEM_DEFINED_TRANSFORMATION ( 'NONE', 'NONE', #2062,  #856 ) ;
#1634 = EDGE_CURVE ( 'NONE', #423, #948, #1490, .T. ) ;
#1635 = EDGE_CURVE ( 'NONE', #1904, #53, #1305, .T. ) ;
#1636 = DIRECTION ( 'NONE',  ( 1.000000000000000000, 0.000000000000000000, 0.000000000000000000 ) ) ;
#1637 = ORIENTED_EDGE ( 'NONE', *, *, #148, .T. ) ;
#1638 = ORIENTED_EDGE ( 'NONE', *, *, #1497, .T. ) ;
#1639 = AXIS2_PLACEMENT_3D ( 'NONE', #958, #688, #1934 ) ;
#1640 = ORIENTED_EDGE ( 'NONE', *, *, #1750, .T. ) ;
#1641 = SURFACE_STYLE_USAGE ( .BOTH. , #1320 ) ;
#1642 = AXIS2_PLACEMENT_3D ( 'NONE', #7, #356, #321 ) ;
#1643 = STYLED_ITEM ( 'NONE', ( #1104 ), #2060 ) ;
#1644 = EDGE_CURVE ( 'NONE', #2134, #803, #2079, .T. ) ;
#1645 = SURFACE_STYLE_USAGE ( .BOTH. , #1313 ) ;
#1646 =( NAMED_UNIT ( * ) SI_UNIT ( $, .STERADIAN. ) SOLID_ANGLE_UNIT ( ) );
#1647 = VECTOR ( 'NONE', #554, 1000.000000000000000 ) ;
#1648 = PLANE ( 'NONE',  #131 ) ;
#1649 = ORIENTED_EDGE ( 'NONE', *, *, #299, .T. ) ;
#1650 = ORIENTED_EDGE ( 'NONE', *, *, #1124, .T. ) ;
#1651 = VECTOR ( 'NONE', #16, 1000.000000000000000 ) ;
#1652 = CARTESIAN_POINT ( 'NONE',  ( -0.007989697999999999939, 0.03672811600000000509, 0.2400000000000000189 ) ) ;
#1653 = ORIENTED_EDGE ( 'NONE', *, *, #1676, .F. ) ;
#1654 = CARTESIAN_POINT ( 'NONE',  ( -0.1250000000000000000, 0.2500000000000000000, 0.000000000000000000 ) ) ;
#1655 = SHAPE_DEFINITION_REPRESENTATION ( #664, #354 ) ;
#1656 = DIRECTION ( 'NONE',  ( 1.000000000000000000, 0.000000000000000000, 0.000000000000000000 ) ) ;
#1657 =( LENGTH_UNIT ( ) NAMED_UNIT ( * ) SI_UNIT ( .MILLI., .METRE. ) );
#1658 = EDGE_CURVE ( 'NONE', #2035, #1539, #1470, .T. ) ;
#1659 = DIRECTION ( 'NONE',  ( 0.000000000000000000, -1.000000000000000000, 0.000000000000000000 ) ) ;
#1660 = FILL_AREA_STYLE_COLOUR ( '', #1611 ) ;
#1661 = EDGE_LOOP ( 'NONE', ( #612, #751, #1605, #263 ) ) ;
#1662 = VERTEX_POINT ( 'NONE', #1546 ) ;
#1663 = DIRECTION ( 'NONE',  ( -1.000000000000000000, 0.000000000000000000, 0.000000000000000000 ) ) ;
#1664 = ORIENTED_EDGE ( 'NONE', *, *, #1010, .T. ) ;
#1665 = ADVANCED_BREP_SHAPE_REPRESENTATION ( '', ( #341, #856 ), #782 ) ;
#1666 = PLANE ( 'NONE',  #14 ) ;
#1667 = CONTEXT_DEPENDENT_SHAPE_REPRESENTATION ( #801, #569 ) ;
#1668 = ADVANCED_FACE ( 'NONE', ( #842 ), #1554, .T. ) ;
#1669 = ADVANCED_FACE ( 'NONE', ( #851 ), #885, .F. ) ;
#1670 = LINE ( 'NONE', #629, #56 ) ;
#1671 = SURFACE_STYLE_FILL_AREA ( #946 ) ;
#1672 = CARTESIAN_POINT ( 'NONE',  ( -0.1749999999999999889, -0.2500000000000000000, -0.01500000000000000118 ) ) ;
#1673 = EDGE_LOOP ( 'NONE', ( #253, #479, #1383, #1692 ) ) ;
#1674 = VECTOR ( 'NONE', #907, 1000.000000000000000 ) ;
#1675 = VERTEX_POINT ( 'NONE', #2221 ) ;
#1676 = EDGE_CURVE ( 'NONE', #1058, #54, #309, .T. ) ;
#1677 = FACE_OUTER_BOUND ( 'NONE', #691, .T. ) ;
#1678 = EDGE_CURVE ( 'NONE', #762, #1385, #2231, .T. ) ;
#1679 = LINE ( 'NONE', #1176, #166 ) ;
#1680 = CIRCLE ( 'NONE', #2097, 0.1300000000000000044 ) ;
#1681 = EDGE_CURVE ( 'NONE', #290, #1172, #1193, .T. ) ;
#1682 = PRESENTATION_STYLE_ASSIGNMENT (( #1645 ) ) ;
#1683 = APPLICATION_CONTEXT ( 'automotive_design' ) ;
#1684 = PLANE ( 'NONE',  #457 ) ;
#1685 = AXIS2_PLACEMENT_3D ( 'NONE', #1765, #1450, #1085 ) ;
#1686 = VECTOR ( 'NONE', #1327, 1000.000000000000000 ) ;
#1687 = FACE_OUTER_BOUND ( 'NONE', #244, .T. ) ;
#1688 = VECTOR ( 'NONE', #2143, 1000.000000000000000 ) ;
#1689 = ORIENTED_EDGE ( 'NONE', *, *, #32, .T. ) ;
#1690 = PRODUCT_DEFINITION_CONTEXT ( 'detailed design', #1227, 'design' ) ;
#1691 = ORIENTED_EDGE ( 'NONE', *, *, #1245, .T. ) ;
#1692 = ORIENTED_EDGE ( 'NONE', *, *, #440, .T. ) ;
#1693 = CARTESIAN_POINT ( 'NONE',  ( 0.01860998999999999987, -0.02861803100000000211, 0.2500000000000000000 ) ) ;
#1694 = EDGE_LOOP ( 'NONE', ( #667, #1884, #849, #327 ) ) ;
#1695 = AXIS2_PLACEMENT_3D ( 'NONE', #40, #737, #2109 ) ;
#1696 = DIRECTION ( 'NONE',  ( 0.000000000000000000, -0.9961946978200910685, 0.08715574585268272279 ) ) ;
#1697 = CARTESIAN_POINT ( 'NONE',  ( -0.05396747899999999876, -0.06646883400000000441, 0.1499999999999999944 ) ) ;
#1698 = PRODUCT_DEFINITION_SHAPE ( 'NONE', 'NONE',  #1230 ) ;
#1699 = ADVANCED_BREP_SHAPE_REPRESENTATION ( '', ( #1127, #856 ), #1293 ) ;
#1700 = DIRECTION ( 'NONE',  ( 1.000000000000000000, 0.000000000000000000, 0.000000000000000000 ) ) ;
#1701 =( NAMED_UNIT ( * ) SI_UNIT ( $, .STERADIAN. ) SOLID_ANGLE_UNIT ( ) );
#1702 = LINE ( 'NONE', #149, #259 ) ;
#1703 = ORIENTED_EDGE ( 'NONE', *, *, #2092, .T. ) ;
#1704 = DIRECTION ( 'NONE',  ( 1.000000000000000000, 0.000000000000000000, 0.000000000000000000 ) ) ;
#1705 = VERTEX_POINT ( 'NONE', #1028 ) ;
#1706 = DIRECTION ( 'NONE',  ( 0.000000000000000000, 0.000000000000000000, -1.000000000000000000 ) ) ;
#1707 = CARTESIAN_POINT ( 'NONE',  ( 0.5000000000000000000, 0.2500000000000000000, 0.3200000000000000067 ) ) ;
#1708 = CARTESIAN_POINT ( 'NONE',  ( -0.5000000000000000000, -0.2500000000000000000, 0.07499999999999999722 ) ) ;
#1709 = EDGE_CURVE ( 'NONE', #2, #948, #1020, .T. ) ;
#1710 = LINE ( 'NONE', #853, #597 ) ;
#1711 = CARTESIAN_POINT ( 'NONE',  ( -0.05461508899999999861, 0.05780668599999998908, 0.2400000000000000744 ) ) ;
#1712 = ORIENTED_EDGE ( 'NONE', *, *, #1428, .T. ) ;
#1713 = ADVANCED_FACE ( 'NONE', ( #1201 ), #1719, .F. ) ;
#1714 = FACE_OUTER_BOUND ( 'NONE', #1594, .T. ) ;
#1715 = ORIENTED_EDGE ( 'NONE', *, *, #1514, .F. ) ;
#1716 = LINE ( 'NONE', #1873, #2133 ) ;
#1717 = PRODUCT_DEFINITION_SHAPE ( 'NONE', 'NONE',  #1780 ) ;
#1718 = CARTESIAN_POINT ( 'NONE',  ( 0.5000000000000000000, -0.2500000000000000000, 0.3200000000000000067 ) ) ;
#1719 = PLANE ( 'NONE',  #409 ) ;
#1720 = PRODUCT_DEFINITION_FORMATION_WITH_SPECIFIED_SOURCE ( 'ANY', '', #144, .NOT_KNOWN. ) ;
#1721 =( NAMED_UNIT ( * ) SI_UNIT ( $, .STERADIAN. ) SOLID_ANGLE_UNIT ( ) );
#1722 = ADVANCED_FACE ( 'NONE', ( #565 ), #1438, .F. ) ;
#1723 = DIRECTION ( 'NONE',  ( 0.000000000000000000, 0.000000000000000000, -1.000000000000000000 ) ) ;
#1724 = DIRECTION ( 'NONE',  ( 0.000000000000000000, 0.000000000000000000, -1.000000000000000000 ) ) ;
#1725 = AXIS2_PLACEMENT_3D ( 'NONE', #1585, #1399, #1060 ) ;
#1726 = AXIS2_PLACEMENT_3D ( 'NONE', #633, #959, #1636 ) ;
#1727 = VERTEX_POINT ( 'NONE', #17 ) ;
#1728 = MECHANICAL_DESIGN_GEOMETRIC_PRESENTATION_REPRESENTATION (  '', ( #1643 ), #167 ) ;
#1729 = AXIS2_PLACEMENT_3D ( 'NONE', #310, #1723, #347 ) ;
#1730 = EDGE_LOOP ( 'NONE', ( #1370, #1453, #960, #268 ) ) ;
#1731 = CARTESIAN_POINT ( 'NONE',  ( 0.1043653759999999958, -0.2500000000000000000, -0.03000000000000000236 ) ) ;
#1732 = LINE ( 'NONE', #1208, #175 ) ;
#1733 = CARTESIAN_POINT ( 'NONE',  ( -0.5000000000000000000, 0.2500000000000000000, 0.1499999999999999944 ) ) ;
#1734 = DIRECTION ( 'NONE',  ( 0.000000000000000000, 0.000000000000000000, 1.000000000000000000 ) ) ;
#1735 = APPLICATION_CONTEXT ( 'automotive_design' ) ;
#1736 = VECTOR ( 'NONE', #355, 1000.000000000000000 ) ;
#1737 =( NAMED_UNIT ( * ) SI_UNIT ( $, .STERADIAN. ) SOLID_ANGLE_UNIT ( ) );
#1738 =( LENGTH_UNIT ( ) NAMED_UNIT ( * ) SI_UNIT ( .MILLI., .METRE. ) );
#1739 = ADVANCED_FACE ( 'NONE', ( #542 ), #2106, .F. ) ;
#1740 = LINE ( 'NONE', #1901, #964 ) ;
#1741 = ORIENTED_EDGE ( 'NONE', *, *, #1045, .T. ) ;
#1742 = ORIENTED_EDGE ( 'NONE', *, *, #1891, .T. ) ;
#1743 = UNCERTAINTY_MEASURE_WITH_UNIT (LENGTH_MEASURE( 1.000000000000000082E-05 ), #1977, 'distance_accuracy_value', 'NONE');
#1744 = ORIENTED_EDGE ( 'NONE', *, *, #1678, .T. ) ;
#1745 = CARTESIAN_POINT ( 'NONE',  ( 0.4300000000075059892, -0.2499999999819854934, 0.06999999999999999278 ) ) ;
#1746 = LINE ( 'NONE', #318, #2141 ) ;
#1747 =( LENGTH_UNIT ( ) NAMED_UNIT ( * ) SI_UNIT ( .MILLI., .METRE. ) );
#1748 =( NAMED_UNIT ( * ) SI_UNIT ( $, .STERADIAN. ) SOLID_ANGLE_UNIT ( ) );
#1749 = EDGE_CURVE ( 'NONE', #2145, #113, #553, .T. ) ;
#1750 = EDGE_CURVE ( 'NONE', #2146, #1023, #1413, .T. ) ;
#1751 = VECTOR ( 'NONE', #1051, 1000.000000000000000 ) ;
#1752 = FILL_AREA_STYLE_COLOUR ( '', #344 ) ;
#1753 =( NAMED_UNIT ( * ) PLANE_ANGLE_UNIT ( ) SI_UNIT ( $, .RADIAN. ) );
#1754 = CARTESIAN_POINT ( 'NONE',  ( 0.5000000000000000000, 0.1800000000000000211, -0.03000000000000000236 ) ) ;
#1755 = CLOSED_SHELL ( 'NONE', ( #2137, #1524, #1986, #1086 ) ) ;
#1756 = CARTESIAN_POINT ( 'NONE',  ( -0.4299999999999999933, -0.2500000000000000000, -0.03000000000000000236 ) ) ;
#1757 = ORIENTED_EDGE ( 'NONE', *, *, #2226, .F. ) ;
#1758 = ORIENTED_EDGE ( 'NONE', *, *, #1777, .T. ) ;
#1759 = EDGE_CURVE ( 'NONE', #1116, #1868, #1247, .T. ) ;
#1760 = ADVANCED_FACE ( 'NONE', ( #404 ), #930, .F. ) ;
#1761 = PRESENTATION_STYLE_ASSIGNMENT (( #1606 ) ) ;
#1762 = CARTESIAN_POINT ( 'NONE',  ( -0.4299999999927610062, 0.2500000000173735470, -0.03000000000000000236 ) ) ;
#1763 = CARTESIAN_POINT ( 'NONE',  ( 0.000000000000000000, -0.2500000000000000000, 0.1499999999999999944 ) ) ;
#1764 = UNCERTAINTY_MEASURE_WITH_UNIT (LENGTH_MEASURE( 1.000000000000000082E-05 ), #602, 'distance_accuracy_value', 'NONE');
#1765 = CARTESIAN_POINT ( 'NONE',  ( 0.5500000000000000444, 0.2999999999999999889, -0.03000000000000000236 ) ) ;
#1766 = EDGE_CURVE ( 'NONE', #1621, #879, #1935, .T. ) ;
#1767 =( LENGTH_UNIT ( ) NAMED_UNIT ( * ) SI_UNIT ( .MILLI., .METRE. ) );
#1768 = PLANE ( 'NONE',  #2176 ) ;
#1769 = DIRECTION ( 'NONE',  ( -1.000000000000000000, 0.000000000000000000, 0.000000000000000000 ) ) ;
#1770 = AXIS2_PLACEMENT_3D ( 'NONE', #1823, #250, #1505 ) ;
#1771 = ORIENTED_EDGE ( 'NONE', *, *, #1577, .T. ) ;
#1772 = ORIENTED_EDGE ( 'NONE', *, *, #1358, .T. ) ;
#1773 = CIRCLE ( 'NONE', #2064, 0.03260488400003330040 ) ;
#1774 = VECTOR ( 'NONE', #1361, 1000.000000000000000 ) ;
#1775 = DIRECTION ( 'NONE',  ( 0.000000000000000000, 0.000000000000000000, -1.000000000000000000 ) ) ;
#1776 = VECTOR ( 'NONE', #1656, 1000.000000000000000 ) ;
#1777 = EDGE_CURVE ( 'NONE', #459, #1184, #1912, .T. ) ;
#1778 = CARTESIAN_POINT ( 'NONE',  ( 0.5000000000000000000, 0.2500000000000000000, 0.2349999999999999867 ) ) ;
#1779 = CARTESIAN_POINT ( 'NONE',  ( 0.5000000000000000000, -0.1800000000000000211, 0.000000000000000000 ) ) ;
#1780 = PRODUCT_DEFINITION ( 'UNKNOWN', '', #2241, #1173 ) ;
#1781 =( NAMED_UNIT ( * ) SI_UNIT ( $, .STERADIAN. ) SOLID_ANGLE_UNIT ( ) );
#1782 = CARTESIAN_POINT ( 'NONE',  ( 0.1043653759999999958, 0.1499999999999999944, -0.01500000000000000118 ) ) ;
#1783 = LINE ( 'NONE', #935, #2105 ) ;
#1784 = EDGE_LOOP ( 'NONE', ( #1637, #1204, #1802, #1569 ) ) ;
#1785 = VERTEX_POINT ( 'NONE', #1586 ) ;
#1786 = SURFACE_STYLE_FILL_AREA ( #752 ) ;
#1787 = CARTESIAN_POINT ( 'NONE',  ( 0.04609349899999999611, -0.05780668599999999602, 0.2400000000000000189 ) ) ;
#1788 = DIRECTION ( 'NONE',  ( 1.000000000000000000, 0.000000000000000000, 0.000000000000000000 ) ) ;
#1789 = LINE ( 'NONE', #758, #1398 ) ;
#1790 = CARTESIAN_POINT ( 'NONE',  ( 0.3375000000000000222, 0.2500000000000000000, -0.03000000000000000236 ) ) ;
#1791 = LINE ( 'NONE', #221, #646 ) ;
#1792 = EDGE_LOOP ( 'NONE', ( #1049, #1131, #795, #1549 ) ) ;
#1793 = VERTEX_POINT ( 'NONE', #195 ) ;
#1794 = CARTESIAN_POINT ( 'NONE',  ( 0.5000000000000000000, -0.1800000000000000211, -0.03000000000000000236 ) ) ;
#1795 = DIRECTION ( 'NONE',  ( 0.000000000000000000, 0.000000000000000000, 1.000000000000000000 ) ) ;
#1796 = CARTESIAN_POINT ( 'NONE',  ( 0.000000000000000000, -0.2500000000000000000, 0.000000000000000000 ) ) ;
#1797 = COLOUR_RGB ( '',0.000000000000000000, 0.000000000000000000, 1.000000000000000000 ) ;
#1798 = CARTESIAN_POINT ( 'NONE',  ( 0.4300000000239914688, 0.2499999999424210029, 0.03499999999999999639 ) ) ;
#1799 = FACE_OUTER_BOUND ( 'NONE', #789, .T. ) ;
#1800 = VECTOR ( 'NONE', #1334, 1000.000000000000000 ) ;
#1801 = ORIENTED_EDGE ( 'NONE', *, *, #51, .F. ) ;
#1802 = ORIENTED_EDGE ( 'NONE', *, *, #525, .F. ) ;
#1803 = SURFACE_SIDE_STYLE ('',( #2046 ) ) ;
#1804 = DIRECTION ( 'NONE',  ( 0.000000000000000000, 0.000000000000000000, 1.000000000000000000 ) ) ;
#1805 = VECTOR ( 'NONE', #393, 1000.000000000000000 ) ;
#1806 = PRESENTATION_LAYER_ASSIGNMENT (  '', '', ( #233 ) ) ;
#1807 = MECHANICAL_DESIGN_GEOMETRIC_PRESENTATION_REPRESENTATION (  '', ( #519 ), #238 ) ;
#1808 = AXIS2_PLACEMENT_3D ( 'NONE', #901, #1270, #29 ) ;
#1809 =( NAMED_UNIT ( * ) SI_UNIT ( $, .STERADIAN. ) SOLID_ANGLE_UNIT ( ) );
#1810 = CARTESIAN_POINT ( 'NONE',  ( 0.000000000000000000, 0.2500000000000000000, 0.07000000004999999692 ) ) ;
#1811 = DIRECTION ( 'NONE',  ( -1.000000000000000000, -2.502005013428086882E-15, 0.000000000000000000 ) ) ;
#1812 = APPLICATION_CONTEXT ( 'automotive_design' ) ;
#1813 = STYLED_ITEM ( 'NONE', ( #1822 ), #329 ) ;
#1814 = ORIENTED_EDGE ( 'NONE', *, *, #1939, .T. ) ;
#1815 = VERTEX_POINT ( 'NONE', #1422 ) ;
#1816 = CARTESIAN_POINT ( 'NONE',  ( 0.5000000000000000000, 0.000000000000000000, 0.07000000004999999692 ) ) ;
#1817 = DIRECTION ( 'NONE',  ( -1.000000000000000000, 0.000000000000000000, 0.000000000000000000 ) ) ;
#1818 =( REPRESENTATION_RELATIONSHIP ('NONE','NONE', #582, #354 ) REPRESENTATION_RELATIONSHIP_WITH_TRANSFORMATION ( #2161 )SHAPE_REPRESENTATION_RELATIONSHIP( ) );
#1819 = PRODUCT_CONTEXT ( 'NONE', #63, 'mechanical' ) ;
#1820 = ADVANCED_FACE ( 'NONE', ( #46 ), #577, .T. ) ;
#1821 = CARTESIAN_POINT ( 'NONE',  ( 0.1749999999999999889, -0.2500000000000000000, -0.03000000000000000236 ) ) ;
#1822 = PRESENTATION_STYLE_ASSIGNMENT (( #2179 ) ) ;
#1823 = CARTESIAN_POINT ( 'NONE',  ( 0.000000000000000000, 0.000000000000000000, 0.000000000000000000 ) ) ;
#1824 = DIRECTION ( 'NONE',  ( 0.000000000000000000, 0.000000000000000000, 1.000000000000000000 ) ) ;
#1825 = ORIENTED_EDGE ( 'NONE', *, *, #2170, .F. ) ;
#1826 = VERTEX_POINT ( 'NONE', #1779 ) ;
#1827 = FACE_OUTER_BOUND ( 'NONE', #24, .T. ) ;
#1828 = VERTEX_POINT ( 'NONE', #372 ) ;
#1829 = DIRECTION ( 'NONE',  ( 0.000000000000000000, 0.000000000000000000, -1.000000000000000000 ) ) ;
#1830 = EDGE_CURVE ( 'NONE', #1914, #762, #1073, .T. ) ;
#1831 = CARTESIAN_POINT ( 'NONE',  ( 0.01860998999999999987, -0.02861803100000000211, 0.2500000000000000000 ) ) ;
#1832 = FILL_AREA_STYLE_COLOUR ( '', #414 ) ;
#1833 =( NAMED_UNIT ( * ) SI_UNIT ( $, .STERADIAN. ) SOLID_ANGLE_UNIT ( ) );
#1834 = ORIENTED_EDGE ( 'NONE', *, *, #847, .F. ) ;
#1835 = AXIS2_PLACEMENT_3D ( 'NONE', #855, #1894, #868 ) ;
#1836 = ORIENTED_EDGE ( 'NONE', *, *, #711, .T. ) ;
#1837 = ORIENTED_EDGE ( 'NONE', *, *, #1891, .F. ) ;
#1838 =( LENGTH_UNIT ( ) NAMED_UNIT ( * ) SI_UNIT ( .MILLI., .METRE. ) );
#1839 = ORIENTED_EDGE ( 'NONE', *, *, #171, .T. ) ;
#1840 = PRESENTATION_LAYER_ASSIGNMENT (  '', '', ( #936 ) ) ;
#1841 = PRESENTATION_LAYER_ASSIGNMENT (  '', '', ( #1643 ) ) ;
#1842 = CARTESIAN_POINT ( 'NONE',  ( 0.03235174450000000146, -0.02861803100000000211, 0.2400000000000000189 ) ) ;
#1843 = AXIS2_PLACEMENT_3D ( 'NONE', #9, #1226, #147 ) ;
#1844 = DIRECTION ( 'NONE',  ( -1.000000000000000000, 0.000000000000000000, 0.000000000000000000 ) ) ;
#1845 = CARTESIAN_POINT ( 'NONE',  ( -0.04609349950141743840, -0.05780668599810279140, 0.2400000000216852003 ) ) ;
#1846 = ORIENTED_EDGE ( 'NONE', *, *, #1117, .T. ) ;
#1847 = EDGE_LOOP ( 'NONE', ( #413, #1941, #1231 ) ) ;
#1848 = EDGE_CURVE ( 'NONE', #791, #1826, #1255, .T. ) ;
#1849 = AXIS2_PLACEMENT_3D ( 'NONE', #1907, #1734, #176 ) ;
#1850 = DIRECTION ( 'NONE',  ( -1.000000000000000000, 0.000000000000000000, 0.000000000000000000 ) ) ;
#1851 = VERTEX_POINT ( 'NONE', #917 ) ;
#1852 = APPLICATION_PROTOCOL_DEFINITION ( 'draft international standard', 'automotive_design', 1998, #687 ) ;
#1853 = CARTESIAN_POINT ( 'NONE',  ( 0.1043653759999999958, -0.1499999999999999944, -0.03000000000000000236 ) ) ;
#1854 = APPLICATION_CONTEXT ( 'automotive_design' ) ;
#1855 = DIRECTION ( 'NONE',  ( -1.000000000000000000, 0.000000000000000000, 0.000000000000000000 ) ) ;
#1856 = ADVANCED_FACE ( 'NONE', ( #1573 ), #183, .T. ) ;
#1857 = EDGE_CURVE ( 'NONE', #762, #1140, #1242, .T. ) ;
#1858 = SURFACE_STYLE_USAGE ( .BOTH. , #1506 ) ;
#1859 = ORIENTED_EDGE ( 'NONE', *, *, #1448, .F. ) ;
#1860 = EDGE_LOOP ( 'NONE', ( #1653, #1837, #1273, #1962 ) ) ;
#1861 = COLOUR_RGB ( '',0.8431372549019607865, 0.8156862745098039102, 0.7529411764705882248 ) ;
#1862 = ORIENTED_EDGE ( 'NONE', *, *, #1566, .F. ) ;
#1863 = CLOSED_SHELL ( 'NONE', ( #1538, #739, #301, #533, #74, #1246, #453, #1760 ) ) ;
#1864 = CARTESIAN_POINT ( 'NONE',  ( -0.03260488400003330040, 0.000000000000000000, 0.2299999999999525202 ) ) ;
#1865 = DIRECTION ( 'NONE',  ( 1.000000000000000000, 0.000000000000000000, 0.000000000000000000 ) ) ;
#1866 =( NAMED_UNIT ( * ) SI_UNIT ( $, .STERADIAN. ) SOLID_ANGLE_UNIT ( ) );
#1867 = PRODUCT ( 'Part_1', 'Part_1', '', ( #1109 ) ) ;
#1868 = VERTEX_POINT ( 'NONE', #1050 ) ;
#1869 = VECTOR ( 'NONE', #402, 1000.000000000000000 ) ;
#1870 = ORIENTED_EDGE ( 'NONE', *, *, #429, .F. ) ;
#1871 = LINE ( 'NONE', #300, #595 ) ;
#1872 = ORIENTED_EDGE ( 'NONE', *, *, #380, .F. ) ;
#1873 = CARTESIAN_POINT ( 'NONE',  ( 0.01860998999999999987, -0.02861803100000000211, 0.2449999999999999956 ) ) ;
#1874 = AXIS2_PLACEMENT_3D ( 'NONE', #36, #1094, #549 ) ;
#1875 = VERTEX_POINT ( 'NONE', #1745 ) ;
#1876 = MANIFOLD_SOLID_BREP ( 'NONE', #1863 ) ;
#1877 =( NAMED_UNIT ( * ) PLANE_ANGLE_UNIT ( ) SI_UNIT ( $, .RADIAN. ) );
#1878 = CIRCLE ( 'NONE', #1915, 0.1300000000000000044 ) ;
#1879 = VECTOR ( 'NONE', #230, 1000.000000000000000 ) ;
#1880 = FILL_AREA_STYLE_COLOUR ( '', #376 ) ;
#1881 = DIRECTION ( 'NONE',  ( 0.000000000000000000, 1.000000000000000000, 0.000000000000000000 ) ) ;
#1882 = EDGE_LOOP ( 'NONE', ( #596, #859, #2238, #634 ) ) ;
#1883 = DIRECTION ( 'NONE',  ( -1.000000000000000000, 0.000000000000000000, 0.000000000000000000 ) ) ;
#1884 = ORIENTED_EDGE ( 'NONE', *, *, #127, .F. ) ;
#1885 = DIRECTION ( 'NONE',  ( -0.000000000000000000, 1.000000000000000000, 0.000000000000000000 ) ) ;
#1886 = DIRECTION ( 'NONE',  ( -0.08682659695921757237, -0.08682659364414031800, 0.9924325088874492717 ) ) ;
#1887 = DIRECTION ( 'NONE',  ( 0.000000000000000000, 1.000000000000000000, 0.000000000000000000 ) ) ;
#1888 = CARTESIAN_POINT ( 'NONE',  ( 0.5000000000000000000, 0.000000000000000000, 0.000000000000000000 ) ) ;
#1889 = PRODUCT ( 'C281-5', 'C281-5', '', ( #1489 ) ) ;
#1890 = EDGE_CURVE ( 'NONE', #337, #620, #705, .T. ) ;
#1891 = EDGE_CURVE ( 'NONE', #105, #1058, #883, .T. ) ;
#1892 =( LENGTH_UNIT ( ) NAMED_UNIT ( * ) SI_UNIT ( .MILLI., .METRE. ) );
#1893 = DIRECTION ( 'NONE',  ( 1.000000000000000000, 0.000000000000000000, 0.000000000000000000 ) ) ;
#1894 = DIRECTION ( 'NONE',  ( -1.000000000000000000, 0.000000000000000000, 0.000000000000000000 ) ) ;
#1895 = ORIENTED_EDGE ( 'NONE', *, *, #1132, .T. ) ;
#1896 = VERTEX_POINT ( 'NONE', #891 ) ;
#1897 = CARTESIAN_POINT ( 'NONE',  ( -0.02063462404910130013, 0.2500000000000000000, -0.03000000000000000236 ) ) ;
#1898 = ORIENTED_EDGE ( 'NONE', *, *, #315, .F. ) ;
#1899 = ADVANCED_FACE ( 'NONE', ( #906 ), #379, .F. ) ;
#1900 = LINE ( 'NONE', #489, #713 ) ;
#1901 = CARTESIAN_POINT ( 'NONE',  ( -0.01031731200000000036, 0.2500000000000000000, 0.000000000000000000 ) ) ;
#1902 = ORIENTED_EDGE ( 'NONE', *, *, #1282, .T. ) ;
#1903 = CIRCLE ( 'NONE', #224, 0.1300000000000000044 ) ;
#1904 = VERTEX_POINT ( 'NONE', #44 ) ;
#1905 = LINE ( 'NONE', #1000, #1436 ) ;
#1906 = PRODUCT ( 'C281-4', 'C281-4', '', ( #943 ) ) ;
#1907 = CARTESIAN_POINT ( 'NONE',  ( -0.5000000000000000000, -0.2500000000000000000, -0.03000000000000000236 ) ) ;
#1908 = ADVANCED_FACE ( 'NONE', ( #722 ), #732, .F. ) ;
#1909 =( LENGTH_UNIT ( ) NAMED_UNIT ( * ) SI_UNIT ( .MILLI., .METRE. ) );
#1910 = LINE ( 'NONE', #1547, #1774 ) ;
#1911 = PLANE ( 'NONE',  #1427 ) ;
#1912 = CIRCLE ( 'NONE', #1685, 0.1300000000000000044 ) ;
#1913 = AXIS2_PLACEMENT_3D ( 'NONE', #483, #1706, #153 ) ;
#1914 = VERTEX_POINT ( 'NONE', #741 ) ;
#1915 = AXIS2_PLACEMENT_3D ( 'NONE', #2184, #988, #572 ) ;
#1916 = AXIS2_PLACEMENT_3D ( 'NONE', #79, #1065, #770 ) ;
#1917 = ORIENTED_EDGE ( 'NONE', *, *, #2119, .T. ) ;
#1918 = ADVANCED_FACE ( 'NONE', ( #2121 ), #2147, .F. ) ;
#1919 = DIRECTION ( 'NONE',  ( 0.000000000000000000, 0.000000000000000000, 1.000000000000000000 ) ) ;
#1920 = CARTESIAN_POINT ( 'NONE',  ( -0.5000000000000000000, 0.2500000000000000000, 0.2349999999999999867 ) ) ;
#1921 = UNCERTAINTY_MEASURE_WITH_UNIT (LENGTH_MEASURE( 1.000000000000000082E-05 ), #771, 'distance_accuracy_value', 'NONE');
#1922 = COLOUR_RGB ( '',1.000000000000000000, 0.5019607843137254832, 0.000000000000000000 ) ;
#1923 =( NAMED_UNIT ( * ) PLANE_ANGLE_UNIT ( ) SI_UNIT ( $, .RADIAN. ) );
#1924 = FILL_AREA_STYLE ('',( #1880 ) ) ;
#1925 = DIRECTION ( 'NONE',  ( -1.000000000000000000, 0.000000000000000000, 0.000000000000000000 ) ) ;
#1926 = EDGE_CURVE ( 'NONE', #2202, #2043, #391, .T. ) ;
#1927 = EDGE_CURVE ( 'NONE', #464, #1705, #537, .T. ) ;
#1928 = EDGE_LOOP ( 'NONE', ( #1493, #730, #814, #1640 ) ) ;
#1929 = UNCERTAINTY_MEASURE_WITH_UNIT (LENGTH_MEASURE( 1.000000000000000082E-05 ), #606, 'distance_accuracy_value', 'NONE');
#1930 = ORIENTED_EDGE ( 'NONE', *, *, #1634, .T. ) ;
#1931 = DIRECTION ( 'NONE',  ( -1.000000000000000000, 0.000000000000000000, 0.000000000000000000 ) ) ;
#1932 = EDGE_CURVE ( 'NONE', #1163, #1359, #106, .T. ) ;
#1933 = PLANE ( 'NONE',  #1849 ) ;
#1934 = DIRECTION ( 'NONE',  ( 1.000000000000000000, 0.000000000000000000, 0.000000000000000000 ) ) ;
#1935 = LINE ( 'NONE', #62, #1325 ) ;
#1936 =( LENGTH_UNIT ( ) NAMED_UNIT ( * ) SI_UNIT ( .MILLI., .METRE. ) );
#1937 = DIRECTION ( 'NONE',  ( 1.000000000000000000, 0.000000000000000000, 0.000000000000000000 ) ) ;
#1938 = DIRECTION ( 'NONE',  ( 1.000000000000000000, -0.000000000000000000, -0.000000000000000000 ) ) ;
#1939 = EDGE_CURVE ( 'NONE', #1172, #1032, #977, .T. ) ;
#1940 = EDGE_CURVE ( 'NONE', #1826, #1116, #1878, .T. ) ;
#1941 = ORIENTED_EDGE ( 'NONE', *, *, #693, .T. ) ;
#1942 = DIRECTION ( 'NONE',  ( 0.000000000000000000, 0.000000000000000000, -1.000000000000000000 ) ) ;
#1943 = DIRECTION ( 'NONE',  ( 0.000000000000000000, 0.000000000000000000, -1.000000000000000000 ) ) ;
#1944 = CARTESIAN_POINT ( 'NONE',  ( -0.5000000000000000000, 0.2500000000000000000, 0.1499999999999999944 ) ) ;
#1945 = DIRECTION ( 'NONE',  ( 0.000000000000000000, 1.000000000000000000, 0.000000000000000000 ) ) ;
#1946 = SHAPE_REPRESENTATION_RELATIONSHIP ( 'NONE' , 'NONE' ,  #354, #1511 ) ;
#1947 = CARTESIAN_POINT ( 'NONE',  ( -0.02063462400000000072, 0.1499999999999999944, 0.000000000000000000 ) ) ;
#1948 = LINE ( 'NONE', #1970, #1298 ) ;
#1949 = DIRECTION ( 'NONE',  ( 0.000000000000000000, 0.000000000000000000, -1.000000000000000000 ) ) ;
#1950 = EDGE_LOOP ( 'NONE', ( #1963, #1898, #1664, #234 ) ) ;
#1951 = EDGE_LOOP ( 'NONE', ( #524, #160, #585, #12 ) ) ;
#1952 = COLOUR_RGB ( '',0.000000000000000000, 0.000000000000000000, 1.000000000000000000 ) ;
#1953 =( GEOMETRIC_REPRESENTATION_CONTEXT ( 3 ) GLOBAL_UNCERTAINTY_ASSIGNED_CONTEXT ( ( #895 ) ) GLOBAL_UNIT_ASSIGNED_CONTEXT ( ( #1481, #1301, #1995 ) ) REPRESENTATION_CONTEXT ( 'NONE', 'WORKASPACE' ) );
#1954 = DIRECTION ( 'NONE',  ( -1.000000000000000000, -0.000000000000000000, -0.000000000000000000 ) ) ;
#1955 = VECTOR ( 'NONE', #431, 1000.000000000000000 ) ;
#1956 = FILL_AREA_STYLE_COLOUR ( '', #888 ) ;
#1957 = CARTESIAN_POINT ( 'NONE',  ( 0.04609349899999999611, -0.04321235850000000600, 0.2500000000000000000 ) ) ;
#1958 = VECTOR ( 'NONE', #999, 1000.000000000000000 ) ;
#1959 = DIRECTION ( 'NONE',  ( 1.000000000000000000, 0.000000000000000000, 0.000000000000000000 ) ) ;
#1960 = EDGE_CURVE ( 'NONE', #1056, #82, #267, .T. ) ;
#1961 = CARTESIAN_POINT ( 'NONE',  ( 0.5000000000000000000, 0.1800000000000000211, 0.000000000000000000 ) ) ;
#1962 = ORIENTED_EDGE ( 'NONE', *, *, #299, .F. ) ;
#1963 = ORIENTED_EDGE ( 'NONE', *, *, #155, .T. ) ;
#1964 = CARTESIAN_POINT ( 'NONE',  ( 0.5000000000000000000, -0.2500000000000000000, 0.000000000000000000 ) ) ;
#1965 = CARTESIAN_POINT ( 'NONE',  ( 0.04609349899999999611, -0.06646883400000000441, 0.2400000000000000189 ) ) ;
#1966 = FACE_OUTER_BOUND ( 'NONE', #508, .T. ) ;
#1967 = CARTESIAN_POINT ( 'NONE',  ( 0.01860998999999999987, -0.05780668599999999602, 0.2500000000000000000 ) ) ;
#1968 = DIRECTION ( 'NONE',  ( 0.000000000000000000, 0.000000000000000000, 1.000000000000000000 ) ) ;
#1969 = CARTESIAN_POINT ( 'NONE',  ( 0.5500000000000000444, -0.2999999999999999889, 0.000000000000000000 ) ) ;
#1970 = CARTESIAN_POINT ( 'NONE',  ( 0.05396747899999998488, -0.06646883400000000441, 0.1500000000000000222 ) ) ;
#1971 = CARTESIAN_POINT ( 'NONE',  ( 0.1043653759999999958, 0.000000000000000000, -0.03000000000000000236 ) ) ;
#1972 = APPLICATION_CONTEXT ( 'automotive_design' ) ;
#1973 = ORIENTED_EDGE ( 'NONE', *, *, #1483, .F. ) ;
#1974 = ORIENTED_EDGE ( 'NONE', *, *, #1857, .F. ) ;
#1975 = DIRECTION ( 'NONE',  ( 1.000000000000000000, 0.000000000000000000, 0.000000000000000000 ) ) ;
#1976 = ITEM_DEFINED_TRANSFORMATION ( 'NONE', 'NONE', #298,  #856 ) ;
#1977 =( LENGTH_UNIT ( ) NAMED_UNIT ( * ) SI_UNIT ( .MILLI., .METRE. ) );
#1978 = PRESENTATION_LAYER_ASSIGNMENT (  '', '', ( #699 ) ) ;
#1979 = DIRECTION ( 'NONE',  ( 0.000000000000000000, -1.000000000000000000, 0.000000000000000000 ) ) ;
#1980 = CARTESIAN_POINT ( 'NONE',  ( 0.01860998999999999987, -0.02861803100000000211, 0.2400000000000000189 ) ) ;
#1981 = PRODUCT_DEFINITION_SHAPE ( 'NONE', 'NONE',  #2254 ) ;
#1982 = ORIENTED_EDGE ( 'NONE', *, *, #815, .T. ) ;
#1983 = AXIS2_PLACEMENT_3D ( 'NONE', #1300, #286, #1461 ) ;
#1984 = ORIENTED_EDGE ( 'NONE', *, *, #1635, .T. ) ;
#1985 = SURFACE_STYLE_USAGE ( .BOTH. , #794 ) ;
#1986 = ADVANCED_FACE ( 'NONE', ( #1827 ), #1455, .T. ) ;
#1987 = EDGE_CURVE ( 'NONE', #1002, #2202, #270, .T. ) ;
#1988 = DIRECTION ( 'NONE',  ( 0.000000000000000000, 0.000000000000000000, -1.000000000000000000 ) ) ;
#1989 = DIRECTION ( 'NONE',  ( -1.000000000000000000, 0.000000000000000000, 0.000000000000000000 ) ) ;
#1990 = VECTOR ( 'NONE', #529, 1000.000000000000000 ) ;
#1991 = MECHANICAL_DESIGN_GEOMETRIC_PRESENTATION_REPRESENTATION (  '', ( #1439 ), #1297 ) ;
#1992 = ITEM_DEFINED_TRANSFORMATION ( 'NONE', 'NONE', #1568,  #1770 ) ;
#1993 =( GEOMETRIC_REPRESENTATION_CONTEXT ( 3 ) GLOBAL_UNCERTAINTY_ASSIGNED_CONTEXT ( ( #1412 ) ) GLOBAL_UNIT_ASSIGNED_CONTEXT ( ( #831, #2178, #466 ) ) REPRESENTATION_CONTEXT ( 'NONE', 'WORKASPACE' ) );
#1994 = CYLINDRICAL_SURFACE ( 'NONE', #1916, 0.1300000000000000044 ) ;
#1995 =( NAMED_UNIT ( * ) SI_UNIT ( $, .STERADIAN. ) SOLID_ANGLE_UNIT ( ) );
#1996 = ORIENTED_EDGE ( 'NONE', *, *, #915, .T. ) ;
#1997 = EDGE_CURVE ( 'NONE', #1184, #791, #587, .T. ) ;
#1998 = ADVANCED_FACE ( 'NONE', ( #246 ), #437, .F. ) ;
#1999 = ORIENTED_EDGE ( 'NONE', *, *, #2155, .T. ) ;
#2000 = CARTESIAN_POINT ( 'NONE',  ( -0.05396747899999999876, -0.06646883400000000441, 0.1499999999999999944 ) ) ;
#2001 = ORIENTED_EDGE ( 'NONE', *, *, #217, .T. ) ;
#2002 = CARTESIAN_POINT ( 'NONE',  ( 0.000000000000000000, -0.2500000000000000000, 0.07000000004999999692 ) ) ;
#2003 = CARTESIAN_POINT ( 'NONE',  ( 0.03260488400000000064, 3.992946682717074686E-18, 0.2300000000000000100 ) ) ;
#2004 = SHAPE_DEFINITION_REPRESENTATION ( #118, #1212 ) ;
#2005 = EDGE_CURVE ( 'NONE', #1550, #423, #1486, .T. ) ;
#2006 = LINE ( 'NONE', #441, #1955 ) ;
#2007 = CARTESIAN_POINT ( 'NONE',  ( 0.1749999999999999889, 0.000000000000000000, -0.03000000000000000236 ) ) ;
#2008 = FILL_AREA_STYLE_COLOUR ( '', #833 ) ;
#2009 =( NAMED_UNIT ( * ) PLANE_ANGLE_UNIT ( ) SI_UNIT ( $, .RADIAN. ) );
#2010 = CARTESIAN_POINT ( 'NONE',  ( -0.05396747911112199231, 0.06568066599999999866, 0.1499999999999999944 ) ) ;
#2011 = ORIENTED_EDGE ( 'NONE', *, *, #1709, .T. ) ;
#2012 = ORIENTED_EDGE ( 'NONE', *, *, #516, .F. ) ;
#2013 = EDGE_CURVE ( 'NONE', #1384, #390, #1465, .T. ) ;
#2014 = DIRECTION ( 'NONE',  ( 0.000000000000000000, 0.000000000000000000, 1.000000000000000000 ) ) ;
#2015 = LINE ( 'NONE', #989, #1288 ) ;
#2016 = APPLICATION_PROTOCOL_DEFINITION ( 'draft international standard', 'automotive_design', 1998, #1268 ) ;
#2017 = DIRECTION ( 'NONE',  ( 0.000000000000000000, 1.000000000000000000, 0.000000000000000000 ) ) ;
#2018 = CYLINDRICAL_SURFACE ( 'NONE', #1191, 0.01605682499999999679 ) ;
#2019 = DIRECTION ( 'NONE',  ( 0.000000000000000000, 0.000000000000000000, -1.000000000000000000 ) ) ;
#2020 = DIRECTION ( 'NONE',  ( -1.000000000000000000, 0.000000000000000000, 0.000000000000000000 ) ) ;
#2021 = VERTEX_POINT ( 'NONE', #401 ) ;
#2022 = VERTEX_POINT ( 'NONE', #1498 ) ;
#2023 = UNCERTAINTY_MEASURE_WITH_UNIT (LENGTH_MEASURE( 1.000000000000000082E-05 ), #1423, 'distance_accuracy_value', 'NONE');
#2024 = ORIENTED_EDGE ( 'NONE', *, *, #564, .F. ) ;
#2025 = DIRECTION ( 'NONE',  ( 0.000000000000000000, 0.000000000000000000, -1.000000000000000000 ) ) ;
#2026 = APPLICATION_PROTOCOL_DEFINITION ( 'draft international standard', 'automotive_design', 1998, #1342 ) ;
#2027 =( GEOMETRIC_REPRESENTATION_CONTEXT ( 3 ) GLOBAL_UNCERTAINTY_ASSIGNED_CONTEXT ( ( #1743 ) ) GLOBAL_UNIT_ASSIGNED_CONTEXT ( ( #1977, #709, #1809 ) ) REPRESENTATION_CONTEXT ( 'NONE', 'WORKASPACE' ) );
#2028 = VECTOR ( 'NONE', #162, 1000.000000000000000 ) ;
#2029 = CIRCLE ( 'NONE', #1038, 0.1300000000000000044 ) ;
#2030 = DIRECTION ( 'NONE',  ( 1.000000000000000000, 0.000000000000000000, 0.000000000000000000 ) ) ;
#2031 =( GEOMETRIC_REPRESENTATION_CONTEXT ( 3 ) GLOBAL_UNCERTAINTY_ASSIGNED_CONTEXT ( ( #2103 ) ) GLOBAL_UNIT_ASSIGNED_CONTEXT ( ( #497, #689, #1701 ) ) REPRESENTATION_CONTEXT ( 'NONE', 'WORKASPACE' ) );
#2032 = SURFACE_STYLE_FILL_AREA ( #2200 ) ;
#2033 =( LENGTH_UNIT ( ) NAMED_UNIT ( * ) SI_UNIT ( .MILLI., .METRE. ) );
#2034 = ORIENTED_EDGE ( 'NONE', *, *, #2170, .T. ) ;
#2035 = VERTEX_POINT ( 'NONE', #2195 ) ;
#2036 = VECTOR ( 'NONE', #605, 1000.000000000000000 ) ;
#2037 = AXIS2_PLACEMENT_3D ( 'NONE', #1609, #1083, #61 ) ;
#2038 = DIRECTION ( 'NONE',  ( 0.000000000000000000, 1.000000000000000000, 0.000000000000000000 ) ) ;
#2039 = LINE ( 'NONE', #1167, #1564 ) ;
#2040 = FILL_AREA_STYLE ('',( #1832 ) ) ;
#2041 = CARTESIAN_POINT ( 'NONE',  ( -0.5000000000000000000, 0.1800000000000000211, -0.01500000000000000118 ) ) ;
#2042 = PRODUCT_DEFINITION ( 'UNKNOWN', '', #1252, #2044 ) ;
#2043 = VERTEX_POINT ( 'NONE', #1652 ) ;
#2044 = PRODUCT_DEFINITION_CONTEXT ( 'detailed design', #1342, 'design' ) ;
#2045 = ORIENTED_EDGE ( 'NONE', *, *, #886, .T. ) ;
#2046 = SURFACE_STYLE_FILL_AREA ( #638 ) ;
#2047 = PLANE ( 'NONE',  #1219 ) ;
#2048 = DIRECTION ( 'NONE',  ( -1.000000000000000000, 0.000000000000000000, 0.000000000000000000 ) ) ;
#2049 = SURFACE_STYLE_FILL_AREA ( #504 ) ;
#2050 = CARTESIAN_POINT ( 'NONE',  ( -0.5500000000000000444, -0.2999999999999999889, 0.000000000000000000 ) ) ;
#2051 = PRODUCT_DEFINITION_SHAPE ( 'NONE', 'NONE',  #1592 ) ;
#2052 = DIRECTION ( 'NONE',  ( 0.000000000000000000, 0.000000000000000000, 1.000000000000000000 ) ) ;
#2053 = VERTEX_POINT ( 'NONE', #1318 ) ;
#2054 = DIRECTION ( 'NONE',  ( 1.000000000000000000, 0.000000000000000000, 0.000000000000000000 ) ) ;
#2055 = ORIENTED_EDGE ( 'NONE', *, *, #64, .F. ) ;
#2056 = CARTESIAN_POINT ( 'NONE',  ( 0.5000000000000000000, -0.2500000000000000000, 0.1499999999999999944 ) ) ;
#2057 = EDGE_LOOP ( 'NONE', ( #1241, #1303, #2225, #92 ) ) ;
#2058 = AXIS2_PLACEMENT_3D ( 'NONE', #1225, #2107, #1414 ) ;
#2059 = CONTEXT_DEPENDENT_SHAPE_REPRESENTATION ( #2093, #1492 ) ;
#2060 = ADVANCED_FACE ( 'NONE', ( #1622 ), #2171, .T. ) ;
#2061 = EDGE_CURVE ( 'NONE', #608, #2100, #1134, .T. ) ;
#2062 = AXIS2_PLACEMENT_3D ( 'NONE', #1600, #1968, #383 ) ;
#2063 = CARTESIAN_POINT ( 'NONE',  ( 0.000000000000000000, 0.000000000000000000, 0.2299999999999525202 ) ) ;
#2064 = AXIS2_PLACEMENT_3D ( 'NONE', #122, #420, #1844 ) ;
#2065 = AXIS2_PLACEMENT_3D ( 'NONE', #2050, #843, #728 ) ;
#2066 = DIRECTION ( 'NONE',  ( -1.000000000000000000, 1.668003342285391452E-15, 0.000000000000000000 ) ) ;
#2067 = FACE_OUTER_BOUND ( 'NONE', #1951, .T. ) ;
#2068 = VERTEX_POINT ( 'NONE', #659 ) ;
#2069 = DIRECTION ( 'NONE',  ( 0.000000000000000000, 0.000000000000000000, -1.000000000000000000 ) ) ;
#2070 = EDGE_CURVE ( 'NONE', #1904, #2146, #1366, .T. ) ;
#2071 = FACE_OUTER_BOUND ( 'NONE', #90, .T. ) ;
#2072 = ORIENTED_EDGE ( 'NONE', *, *, #601, .F. ) ;
#2073 = PRODUCT ( 'C281-2', 'C281-2', '', ( #1819 ) ) ;
#2074 = CARTESIAN_POINT ( 'NONE',  ( -0.03260488400000000064, 0.000000000000000000, 0.2300000000000000100 ) ) ;
#2075 = CARTESIAN_POINT ( 'NONE',  ( 0.5000000000000000000, -0.2500000000000000000, 0.1499999999999999944 ) ) ;
#2076 = ORIENTED_EDGE ( 'NONE', *, *, #1192, .F. ) ;
#2077 = DIRECTION ( 'NONE',  ( 0.000000000000000000, -1.000000000000000000, 0.000000000000000000 ) ) ;
#2078 = CARTESIAN_POINT ( 'NONE',  ( -0.5000000000000000000, 0.000000000000000000, 0.1499999999999999944 ) ) ;
#2079 = LINE ( 'NONE', #1381, #22 ) ;
#2080 = FACE_OUTER_BOUND ( 'NONE', #410, .T. ) ;
#2081 = ADVANCED_FACE ( 'NONE', ( #2205 ), #475, .F. ) ;
#2082 = CARTESIAN_POINT ( 'NONE',  ( 0.4300000000150120405, -0.2499999999639715420, 0.03499999999999999639 ) ) ;
#2083 = ORIENTED_EDGE ( 'NONE', *, *, #1353, .T. ) ;
#2084 = VECTOR ( 'NONE', #1596, 1000.000000000000000 ) ;
#2085 = VERTEX_POINT ( 'NONE', #1024 ) ;
#2086 = APPLICATION_CONTEXT ( 'automotive_design' ) ;
#2087 = PRODUCT_DEFINITION_CONTEXT ( 'detailed design', #996, 'design' ) ;
#2088 = CARTESIAN_POINT ( 'NONE',  ( -0.05461508899999999861, -0.05780668599999999602, 0.2400000000000000189 ) ) ;
#2089 = DIRECTION ( 'NONE',  ( 1.000000000000000000, 0.000000000000000000, 0.000000000000000000 ) ) ;
#2090 = DIRECTION ( 'NONE',  ( 1.000000000000000000, 0.000000000000000000, 0.000000000000000000 ) ) ;
#2091 = ADVANCED_FACE ( 'NONE', ( #1714 ), #1016, .T. ) ;
#2092 = EDGE_CURVE ( 'NONE', #1868, #1904, #1332, .T. ) ;
#2093 =( REPRESENTATION_RELATIONSHIP ('NONE','NONE', #582, #2149 ) REPRESENTATION_RELATIONSHIP_WITH_TRANSFORMATION ( #1138 )SHAPE_REPRESENTATION_RELATIONSHIP( ) );
#2094 = DIRECTION ( 'NONE',  ( 0.000000000000000000, 0.000000000000000000, 1.000000000000000000 ) ) ;
#2095 = DIRECTION ( 'NONE',  ( 1.000000000000000000, 0.000000000000000000, 0.000000000000000000 ) ) ;
#2096 = PRESENTATION_LAYER_ASSIGNMENT (  '', '', ( #636 ) ) ;
#2097 = AXIS2_PLACEMENT_3D ( 'NONE', #142, #1006, #1207 ) ;
#2098 = VECTOR ( 'NONE', #902, 1000.000000000000000 ) ;
#2099 = ADVANCED_FACE ( 'NONE', ( #1677 ), #848, .F. ) ;
#2100 = VERTEX_POINT ( 'NONE', #1186 ) ;
#2101 = SURFACE_STYLE_FILL_AREA ( #381 ) ;
#2102 =( LENGTH_UNIT ( ) NAMED_UNIT ( * ) SI_UNIT ( .MILLI., .METRE. ) );
#2103 = UNCERTAINTY_MEASURE_WITH_UNIT (LENGTH_MEASURE( 1.000000000000000082E-05 ), #497, 'distance_accuracy_value', 'NONE');
#2104 =( NAMED_UNIT ( * ) PLANE_ANGLE_UNIT ( ) SI_UNIT ( $, .RADIAN. ) );
#2105 = VECTOR ( 'NONE', #1239, 1000.000000000000000 ) ;
#2106 = CYLINDRICAL_SURFACE ( 'NONE', #165, 0.1300000000000000044 ) ;
#2107 = DIRECTION ( 'NONE',  ( 0.000000000000000000, 0.000000000000000000, 1.000000000000000000 ) ) ;
#2108 = SURFACE_SIDE_STYLE ('',( #1112 ) ) ;
#2109 = DIRECTION ( 'NONE',  ( 0.000000000000000000, -1.000000000000000000, 0.000000000000000000 ) ) ;
#2110 = ORIENTED_EDGE ( 'NONE', *, *, #1282, .F. ) ;
#2111 = ORIENTED_EDGE ( 'NONE', *, *, #1709, .F. ) ;
#2112 = CARTESIAN_POINT ( 'NONE',  ( 0.5500000000000000444, -0.2999999999999999889, 0.06999999999999999278 ) ) ;
#2113 = DIRECTION ( 'NONE',  ( -1.000000000000000000, 0.000000000000000000, 0.000000000000000000 ) ) ;
#2114 = FACE_OUTER_BOUND ( 'NONE', #535, .T. ) ;
#2115 = DIRECTION ( 'NONE',  ( 0.000000000000000000, 0.000000000000000000, 1.000000000000000000 ) ) ;
#2116 = PRESENTATION_STYLE_ASSIGNMENT (( #933 ) ) ;
#2117 = FACE_OUTER_BOUND ( 'NONE', #377, .T. ) ;
#2118 = ORIENTED_EDGE ( 'NONE', *, *, #2226, .T. ) ;
#2119 = EDGE_CURVE ( 'NONE', #620, #1163, #1871, .T. ) ;
#2120 = ORIENTED_EDGE ( 'NONE', *, *, #2180, .T. ) ;
#2121 = FACE_OUTER_BOUND ( 'NONE', #649, .T. ) ;
#2122 = DIRECTION ( 'NONE',  ( 0.000000000000000000, 0.000000000000000000, 1.000000000000000000 ) ) ;
#2123 = ADVANCED_FACE ( 'NONE', ( #837 ), #492, .F. ) ;
#2124 = APPLICATION_PROTOCOL_DEFINITION ( 'draft international standard', 'automotive_design', 1998, #560 ) ;
#2125 = CARTESIAN_POINT ( 'NONE',  ( 0.5000000000000000000, -0.2500000000000000000, 0.06999999999999999278 ) ) ;
#2126 = VECTOR ( 'NONE', #1030, 1000.000000000000000 ) ;
#2127 = DIRECTION ( 'NONE',  ( 0.000000000000000000, 0.000000000000000000, 1.000000000000000000 ) ) ;
#2128 = CIRCLE ( 'NONE', #1983, 0.1300000000000000044 ) ;
#2129 = DIRECTION ( 'NONE',  ( 0.000000000000000000, 0.000000000000000000, -1.000000000000000000 ) ) ;
#2130 = CARTESIAN_POINT ( 'NONE',  ( 0.01860998999999999987, -0.05780668599999999602, 0.2449999999999999956 ) ) ;
#2131 = PLANE ( 'NONE',  #1250 ) ;
#2132 = VECTOR ( 'NONE', #1919, 1000.000000000000000 ) ;
#2133 = VECTOR ( 'NONE', #651, 1000.000000000000000 ) ;
#2134 = VERTEX_POINT ( 'NONE', #1529 ) ;
#2135 = ORIENTED_EDGE ( 'NONE', *, *, #1254, .F. ) ;
#2136 = AXIS2_PLACEMENT_3D ( 'NONE', #239, #624, #1850 ) ;
#2137 = ADVANCED_FACE ( 'NONE', ( #2237 ), #200, .T. ) ;
#2138 = PRESENTATION_LAYER_ASSIGNMENT (  '', '', ( #1439 ) ) ;
#2139 = DIRECTION ( 'NONE',  ( 0.000000000000000000, 0.000000000000000000, 1.000000000000000000 ) ) ;
#2140 = CARTESIAN_POINT ( 'NONE',  ( -0.1749999999999999889, 0.000000000000000000, -0.03000000000000000236 ) ) ;
#2141 = VECTOR ( 'NONE', #2113, 1000.000000000000000 ) ;
#2142 = FACE_OUTER_BOUND ( 'NONE', #993, .T. ) ;
#2143 = DIRECTION ( 'NONE',  ( 0.000000000000000000, -1.000000000000000000, 0.000000000000000000 ) ) ;
#2144 = PLANE ( 'NONE',  #417 ) ;
#2145 = VERTEX_POINT ( 'NONE', #2190 ) ;
#2146 = VERTEX_POINT ( 'NONE', #89 ) ;
#2147 = PLANE ( 'NONE',  #742 ) ;
#2148 = CARTESIAN_POINT ( 'NONE',  ( 0.3375000000000000222, -0.2500000000000000000, 0.000000000000000000 ) ) ;
#2149 = SHAPE_REPRESENTATION ( 'C281-7', ( #856 ), #1031 ) ;
#2150 = SURFACE_SIDE_STYLE ('',( #919 ) ) ;
#2151 = MECHANICAL_DESIGN_GEOMETRIC_PRESENTATION_REPRESENTATION (  '', ( #182 ), #1627 ) ;
#2152 = PLANE ( 'NONE',  #976 ) ;
#2153 = DIRECTION ( 'NONE',  ( 0.000000000000000000, 0.000000000000000000, -1.000000000000000000 ) ) ;
#2154 = DIRECTION ( 'NONE',  ( 0.000000000000000000, 0.000000000000000000, 1.000000000000000000 ) ) ;
#2155 = EDGE_CURVE ( 'NONE', #1539, #2035, #1773, .T. ) ;
#2156 = CLOSED_SHELL ( 'NONE', ( #953, #1998, #1582, #1417, #430, #1311, #1335, #199 ) ) ;
#2157 = VERTEX_POINT ( 'NONE', #618 ) ;
#2158 = CARTESIAN_POINT ( 'NONE',  ( 0.000000000000000000, -0.2500000000000000000, 0.1499999999999999944 ) ) ;
#2159 = DIRECTION ( 'NONE',  ( 0.000000000000000000, 0.000000000000000000, -1.000000000000000000 ) ) ;
#2160 = CARTESIAN_POINT ( 'NONE',  ( -0.01031731200000000036, -0.2500000000000000000, 0.000000000000000000 ) ) ;
#2161 = ITEM_DEFINED_TRANSFORMATION ( 'NONE', 'NONE', #1430,  #856 ) ;
#2162 = CARTESIAN_POINT ( 'NONE',  ( -0.5000000000000000000, -0.2500000000000000000, 0.1499999999999999944 ) ) ;
#2163 = EDGE_CURVE ( 'NONE', #312, #473, #101, .T. ) ;
#2164 = CARTESIAN_POINT ( 'NONE',  ( -0.5000000000000000000, 0.2500000000000000000, 0.3200000000000000067 ) ) ;
#2165 = FILL_AREA_STYLE_COLOUR ( '', #952 ) ;
#2166 = DIRECTION ( 'NONE',  ( 0.000000000000000000, 0.000000000000000000, -1.000000000000000000 ) ) ;
#2167 = LINE ( 'NONE', #1845, #1686 ) ;
#2168 = ORIENTED_EDGE ( 'NONE', *, *, #773, .F. ) ;
#2169 = ORIENTED_EDGE ( 'NONE', *, *, #1604, .T. ) ;
#2170 = EDGE_CURVE ( 'NONE', #1023, #1080, #786, .T. ) ;
#2171 = PLANE ( 'NONE',  #896 ) ;
#2172 = PLANE ( 'NONE',  #403 ) ;
#2173 = CARTESIAN_POINT ( 'NONE',  ( -0.5500000000000000444, 0.2999999999999999889, 0.000000000000000000 ) ) ;
#2174 = CIRCLE ( 'NONE', #168, 0.1300000000000000044 ) ;
#2175 = ITEM_DEFINED_TRANSFORMATION ( 'NONE', 'NONE', #780,  #856 ) ;
#2176 = AXIS2_PLACEMENT_3D ( 'NONE', #1947, #197, #1579 ) ;
#2177 = LINE ( 'NONE', #1810, #599 ) ;
#2178 =( NAMED_UNIT ( * ) PLANE_ANGLE_UNIT ( ) SI_UNIT ( $, .RADIAN. ) );
#2179 = SURFACE_STYLE_USAGE ( .BOTH. , #1146 ) ;
#2180 = EDGE_CURVE ( 'NONE', #82, #1896, #1148, .T. ) ;
#2181 = DIRECTION ( 'NONE',  ( 0.000000000000000000, 0.000000000000000000, -1.000000000000000000 ) ) ;
#2182 = ORIENTED_EDGE ( 'NONE', *, *, #2013, .T. ) ;
#2183 = EDGE_LOOP ( 'NONE', ( #1758, #694, #610, #1703, #1984, #289 ) ) ;
#2184 = CARTESIAN_POINT ( 'NONE',  ( 0.5500000000000000444, -0.2999999999999999889, 0.000000000000000000 ) ) ;
#2185 = EDGE_LOOP ( 'NONE', ( #1155, #1462, #1355, #2034 ) ) ;
#2186 = LINE ( 'NONE', #1292, #509 ) ;
#2187 = APPLICATION_PROTOCOL_DEFINITION ( 'draft international standard', 'automotive_design', 1998, #810 ) ;
#2188 = PLANE ( 'NONE',  #1369 ) ;
#2189 = SURFACE_STYLE_FILL_AREA ( #1479 ) ;
#2190 = CARTESIAN_POINT ( 'NONE',  ( -0.4299999999999999933, -0.2500000000000000000, 0.000000000000000000 ) ) ;
#2191 = SURFACE_SIDE_STYLE ('',( #1149 ) ) ;
#2192 = ORIENTED_EDGE ( 'NONE', *, *, #145, .F. ) ;
#2193 = ORIENTED_EDGE ( 'NONE', *, *, #273, .F. ) ;
#2194 = EDGE_CURVE ( 'NONE', #290, #464, #972, .T. ) ;
#2195 = CARTESIAN_POINT ( 'NONE',  ( 0.03260488400003330040, 7.422974360867967967E-18, 0.2299999999999525202 ) ) ;
#2196 = ORIENTED_EDGE ( 'NONE', *, *, #2005, .F. ) ;
#2197 = DIRECTION ( 'NONE',  ( -1.000000000000000000, 0.000000000000000000, 0.000000000000000000 ) ) ;
#2198 = SHAPE_DEFINITION_REPRESENTATION ( #1532, #1290 ) ;
#2199 = AXIS2_PLACEMENT_3D ( 'NONE', #1733, #1387, #685 ) ;
#2200 = FILL_AREA_STYLE ('',( #20 ) ) ;
#2201 =( NAMED_UNIT ( * ) SI_UNIT ( $, .STERADIAN. ) SOLID_ANGLE_UNIT ( ) );
#2202 = VERTEX_POINT ( 'NONE', #1115 ) ;
#2203 = ORIENTED_EDGE ( 'NONE', *, *, #1428, .F. ) ;
#2204 = PRODUCT_DEFINITION_FORMATION_WITH_SPECIFIED_SOURCE ( 'ANY', '', #684, .NOT_KNOWN. ) ;
#2205 = FACE_OUTER_BOUND ( 'NONE', #281, .T. ) ;
#2206 = VERTEX_POINT ( 'NONE', #408 ) ;
#2207 = DIRECTION ( 'NONE',  ( 0.000000000000000000, 0.000000000000000000, -1.000000000000000000 ) ) ;
#2208 = MECHANICAL_DESIGN_GEOMETRIC_PRESENTATION_REPRESENTATION (  '', ( #636 ), #2027 ) ;
#2209 = AXIS2_PLACEMENT_3D ( 'NONE', #434, #287, #2020 ) ;
#2210 = VECTOR ( 'NONE', #858, 1000.000000000000000 ) ;
#2211 = VECTOR ( 'NONE', #1501, 1000.000000000000000 ) ;
#2212 = FACE_OUTER_BOUND ( 'NONE', #1620, .T. ) ;
#2213 = PRESENTATION_STYLE_ASSIGNMENT (( #983 ) ) ;
#2214 = CARTESIAN_POINT ( 'NONE',  ( -0.08862148699993388501, 0.000000000000000000, 0.1500000000000944744 ) ) ;
#2215 = PLANE ( 'NONE',  #1726 ) ;
#2216 = ORIENTED_EDGE ( 'NONE', *, *, #33, .T. ) ;
#2217 = ORIENTED_EDGE ( 'NONE', *, *, #1997, .F. ) ;
#2218 = DIRECTION ( 'NONE',  ( 0.000000000000000000, -1.000000000000000000, 0.000000000000000000 ) ) ;
#2219 = VERTEX_POINT ( 'NONE', #2214 ) ;
#2220 = DIRECTION ( 'NONE',  ( 0.000000000000000000, -1.000000000000000000, 0.000000000000000000 ) ) ;
#2221 = CARTESIAN_POINT ( 'NONE',  ( -0.1749999999999999889, 0.2500000000000000000, 0.000000000000000000 ) ) ;
#2222 =( LENGTH_UNIT ( ) NAMED_UNIT ( * ) SI_UNIT ( .MILLI., .METRE. ) );
#2223 = FACE_OUTER_BOUND ( 'NONE', #650, .T. ) ;
#2224 = PRODUCT_DEFINITION_CONTEXT ( 'detailed design', #1735, 'design' ) ;
#2225 = ORIENTED_EDGE ( 'NONE', *, *, #1106, .T. ) ;
#2226 = EDGE_CURVE ( 'NONE', #1056, #1851, #480, .T. ) ;
#2227 = ADVANCED_BREP_SHAPE_REPRESENTATION ( '', ( #334, #856 ), #1181 ) ;
#2228 = CARTESIAN_POINT ( 'NONE',  ( -0.5500000000000000444, 0.2999999999999999889, 0.06999999999999999278 ) ) ;
#2229 = DIRECTION ( 'NONE',  ( 0.000000000000000000, -1.000000000000000000, 0.000000000000000000 ) ) ;
#2230 = CARTESIAN_POINT ( 'NONE',  ( 0.05396747900009298687, 0.06568066597542041030, 0.1499999999989369837 ) ) ;
#2231 = LINE ( 'NONE', #488, #824 ) ;
#2232 = SHAPE_REPRESENTATION_RELATIONSHIP ( 'NONE' , 'NONE' ,  #45, #181 ) ;
#2233 = EDGE_CURVE ( 'NONE', #871, #1386, #2128, .T. ) ;
#2234 = SURFACE_STYLE_USAGE ( .BOTH. , #655 ) ;
#2235 = DIRECTION ( 'NONE',  ( 0.000000000000000000, 0.000000000000000000, 1.000000000000000000 ) ) ;
#2236 = ORIENTED_EDGE ( 'NONE', *, *, #1890, .T. ) ;
#2237 = FACE_OUTER_BOUND ( 'NONE', #1730, .T. ) ;
#2238 = ORIENTED_EDGE ( 'NONE', *, *, #171, .F. ) ;
#2239 = VECTOR ( 'NONE', #1001, 1000.000000000000000 ) ;
#2240 = FACE_OUTER_BOUND ( 'NONE', #1443, .T. ) ;
#2241 = PRODUCT_DEFINITION_FORMATION_WITH_SPECIFIED_SOURCE ( 'ANY', '', #2073, .NOT_KNOWN. ) ;
#2242 = FILL_AREA_STYLE ('',( #1544 ) ) ;
#2243 = COLOUR_RGB ( '',0.000000000000000000, 0.000000000000000000, 1.000000000000000000 ) ;
#2244 = STYLED_ITEM ( 'NONE', ( #136 ), #1103 ) ;
#2245 = PLANE ( 'NONE',  #1330 ) ;
#2246 = PRESENTATION_LAYER_ASSIGNMENT (  '', '', ( #1037 ) ) ;
#2247 = VERTEX_POINT ( 'NONE', #811 ) ;
#2248 = NEXT_ASSEMBLY_USAGE_OCCURRENCE ( 'NAUO1', ' ', ' ', #1624, #1592, $ ) ;
#2249 = NEXT_ASSEMBLY_USAGE_OCCURRENCE ( 'NAUO2', ' ', ' ', #1624, #900, $ ) ;
#2250 = NEXT_ASSEMBLY_USAGE_OCCURRENCE ( 'NAUO3', ' ', ' ', #1624, #1780, $ ) ;
#2251 = NEXT_ASSEMBLY_USAGE_OCCURRENCE ( 'NAUO4', ' ', ' ', #1624, #1371, $ ) ;
#2252 = NEXT_ASSEMBLY_USAGE_OCCURRENCE ( 'NAUO5', ' ', ' ', #1624, #2042, $ ) ;
#2253 = NEXT_ASSEMBLY_USAGE_OCCURRENCE ( 'NAUO6', ' ', ' ', #1624, #1059, $ ) ;
#2254 = NEXT_ASSEMBLY_USAGE_OCCURRENCE ( 'NAUO7', ' ', ' ', #1624, #994, $ ) ;
#2255 = NEXT_ASSEMBLY_USAGE_OCCURRENCE ( 'NAUO8', ' ', ' ', #1624, #1230, $ ) ;
ENDSEC;
END-ISO-10303-21;
